Date,Dernier,Ticker,Rend_J,Prix_Normalise,Momentum_20,Momentum_Signal,Rsi_14,Rsi_Signal,BB_Milieu,BB_Haut,BB_Bas,Z_score,Bollinger_Signal,Anomalie
2024-05-02,173.03,aapl,,100.0,,Hold,,Neutre,,,,,Neutre,
2024-05-03,183.38,aapl,0.05981621684101013,105.98162168410101,,Hold,,Neutre,,,,,Neutre,
2024-05-06,181.71,aapl,-0.009106772821463549,105.0164711321736,,Hold,,Neutre,,,,,Neutre,
2024-05-07,182.4,aapl,0.0037972593693247347,105.41524591111369,,Hold,,Neutre,,,,,Neutre,
2024-05-08,182.74,aapl,0.0018640350877192624,105.61174362827255,,Hold,,Neutre,,,,,Neutre,
2024-05-09,184.57,aapl,0.010014227864725722,106.66936369415707,,Hold,,Neutre,,,,,Neutre,
2024-05-10,183.05,aapl,-0.008235357858806913,105.79090331156446,,Hold,,Neutre,,,,,Neutre,
2024-05-13,186.28,aapl,0.017645452062277966,107.65763162457378,,Hold,,Neutre,,,,,Neutre,
2024-05-14,187.43,aapl,0.006173502254670504,108.32225625614056,,Hold,,Neutre,,,,,Neutre,
2024-05-15,189.72,aapl,0.012217894680680796,109.6457261746518,,Hold,,Neutre,,,,,Neutre,
2024-05-16,189.84,aapl,0.0006325110689437974,109.71507831011964,,Hold,,Neutre,,,,,Neutre,
2024-05-17,189.87,aapl,0.00015802781289497858,109.73241634398659,,Hold,,Neutre,,,,,Neutre,
2024-05-20,191.04,aapl,0.006162110917996566,110.40859966479802,,Hold,,Neutre,,,,,Neutre,
2024-05-21,192.35,aapl,0.006857202680067065,111.16569381032191,,Hold,,Neutre,,,,,Neutre,
2024-05-22,190.9,aapl,-0.007538341564855666,110.32768884008554,,Hold,82.90976058931871,Sell,,,,,Neutre,
2024-05-23,186.88,aapl,-0.021058145625982294,108.00439230191297,,Hold,58.40537944284345,Neutre,,,,,Neutre,
2024-05-24,189.98,aapl,0.016588184931506822,109.79598913483211,,Hold,68.58426966292136,Neutre,,,,,Neutre,
2024-05-28,189.99,aapl,5.263711969694107e-05,109.80176847945444,,Hold,67.5938803894298,Neutre,,,,,Neutre,
2024-05-29,190.29,aapl,0.001579030475288068,109.97514881812403,,Hold,67.53367394333489,Neutre,,,,,Neutre,
2024-05-30,191.29,aapl,0.0052551368963160705,110.553083280356,,Hold,66.23188405797104,Neutre,186.837,196.33109145898538,177.3429085410146,0.9380571104116767,Neutre,
2024-05-31,192.25,aapl,0.005018558210047708,111.1079003640987,11.1079003640987,Buy,72.84011916583911,Sell,187.798,195.0288013678328,180.5671986321672,1.2313987823826316,Neutre,
2024-06-03,194.03,aapl,0.009258777633289972,112.13662370687163,5.8076126076998635,Buy,70.73301230604602,Sell,188.3305,195.7573261266701,180.9036738733299,1.5348413717490452,Neutre,
2024-06-04,194.35,aapl,0.0016492295005927637,112.32156273478586,6.956138902647058,Buy,69.37290033594623,Neutre,188.9625,196.16504596799305,181.75995403200696,1.495998782636354,Neutre,
2024-06-05,195.87,aapl,0.007820941600205966,113.20002311737849,7.384868421052637,Buy,67.99297834991225,Neutre,189.63600000000002,196.7735844358542,182.49841556414586,1.7468094580247024,Neutre,
2024-06-06,194.48,aapl,-0.0070965436258744186,112.39669421487604,6.4244281492831234,Buy,62.636165577342,Neutre,190.22299999999998,196.88802923750842,183.55797076249155,1.2774137511784986,Neutre,
2024-06-07,196.89,aapl,0.012392019744960958,113.7895162688551,6.6749742645066945,Buy,66.92381870781094,Neutre,190.839,197.5810249964407,184.0969750035593,1.7950096605083676,Neutre,
2024-06-10,193.12,aapl,-0.019147747473208354,111.61070334624054,5.501229172357269,Buy,54.4558697514996,Neutre,191.3425,197.06181123935664,185.62318876064336,0.6215783424299002,Neutre,
2024-06-11,207.15,aapl,0.07264913007456508,119.71912385135526,11.203564526519227,Buy,70.52135330005548,Sell,192.38600000000002,201.06562259669465,183.7063774033054,3.4019912353383615,Sell,
2024-06-12,213.07,aapl,0.028578324885348616,123.14049586776858,13.679773782212013,Buy,77.35011102886749,Sell,193.66799999999998,206.04999643795267,181.28600356204728,3.1339049558324783,Sell,
2024-06-13,214.24,aapl,0.005491153142159977,123.81667918858001,12.924309508749744,Buy,86.30573248407644,Sell,194.894,210.15178269053465,179.63621730946537,2.5358861628041858,Sell,
2024-06-14,212.49,aapl,-0.008168409260642218,122.80529387967405,11.931099873577743,Buy,80.97990641343245,Sell,196.0265,212.97363051320426,179.07936948679574,1.9429247903853195,Neutre,Normal
2024-06-17,216.67,aapl,0.019671513953597675,125.22105993180372,14.114920735239899,Buy,82.93827160493827,Sell,197.3665,216.37654972445668,178.35645027554332,2.0308731728529654,Sell,Normal
2024-06-18,214.29,aapl,-0.010984446393132341,123.84557591169161,12.170226130653262,Buy,78.18224518553312,Sell,198.529,218.71714962454848,178.3408503754515,1.561411054813548,Neutre,Normal
2024-06-20,209.68,aapl,-0.02151290307527176,121.18129804080218,9.009617884065513,Buy,69.90690625676557,Neutre,199.39550000000003,219.9512772388868,178.83972276111325,1.0006432625222341,Neutre,Normal
2024-06-21,207.49,aapl,-0.010444486837085099,119.91562156851414,8.690413829229971,Buy,66.06916912695067,Neutre,200.225,220.6759729533057,179.7740270466943,0.7104796448156953,Neutre,Normal
2024-06-24,208.14,aapl,0.0031326810930645266,120.29127896896492,11.37628424657533,Buy,65.24087275869519,Neutre,201.28799999999998,221.01567076175516,181.5603292382448,0.6946587950244542,Neutre,Normal
2024-06-25,209.07,aapl,0.004468146439896348,120.82875801884066,10.04842615012107,Buy,65.69296375266526,Neutre,202.2425,221.50837916499012,182.9766208350099,0.7087659941734608,Neutre,Normal
2024-06-26,213.25,aapl,0.019993303678193852,123.24452407097036,12.242749618400971,Buy,67.53430185633577,Neutre,203.40550000000002,222.36288653429125,184.4481134657088,1.0385925277403272,Neutre,Normal
2024-06-27,214.1,aapl,0.00398593200468933,123.73576836386752,12.512480950128758,Buy,70.01223990208082,Sell,204.596,223.0697485438976,186.12225145610242,1.0289194937796677,Neutre,Normal
2024-06-28,210.62,aapl,-0.01625408687529184,121.72455643530024,10.105076062522889,Buy,63.70533040527056,Neutre,205.5625,223.1042311454414,188.0207688545586,0.576624958855821,Neutre,Normal
2024-07-01,216.75,aapl,0.02910454847592825,125.26729468878229,12.743823146944088,Buy,72.52621544327934,Sell,206.7875,223.82960621403726,189.74539378596273,1.1691629983850333,Neutre,Normal
2024-07-02,220.27,aapl,0.016239907727797043,127.30162399583888,13.523681904860085,Buy,65.64139246542683,Neutre,208.09949999999998,225.0462009365121,191.15279906348786,1.4363267571186518,Neutre,Normal
2024-07-03,221.55,aapl,0.0058110500749080085,128.04138010749583,13.995369179315675,Buy,61.36729222520111,Neutre,209.45950000000002,226.12355457074733,192.7954454292527,1.451087422772138,Neutre,Normal
2024-07-05,226.34,aapl,0.02162040171518842,130.809686181587,15.556236279164759,Buy,64.78494623655916,Neutre,210.983,227.98384592322589,193.98215407677412,1.8066159847987184,Neutre,Normal
2024-07-08,227.82,aapl,0.006538835380401231,131.66502918569034,17.143150966680377,Buy,68.85608856088562,Neutre,212.65,229.37341189061493,195.92658810938508,1.81422309026704,Neutre,Normal
2024-07-09,228.68,aapl,0.0037749100166799554,132.16205282320985,16.146071410432228,Buy,66.08625770158054,Neutre,214.2395,230.69676520096033,197.78223479903966,1.754908828856615,Neutre,Normal
2024-07-10,232.98,aapl,0.01880356830505492,134.64717101080737,20.640016570008267,Buy,73.80891719745226,Sell,216.2325,231.53457811824413,200.93042188175585,2.1889183770448204,Sell,Anomalie
2024-07-11,227.57,aapl,-0.02322087732852607,131.52054557013236,9.85759111754767,Buy,72.33458177278403,Sell,217.25350000000003,232.727946542267,201.77905345773306,1.3333594803305482,Neutre,Normal
2024-07-12,230.54,aapl,0.01305092938436525,133.23701092296133,8.19918336696861,Buy,78.22679402400198,Sell,218.127,234.55032885033728,201.70367114966274,1.5116302076293229,Neutre,Normal
2024-07-15,234.4,aapl,0.016743298343020685,135.46783794717678,9.410007468259884,Buy,79.81380563124435,Sell,219.135,236.96801314682241,201.30198685317757,1.711993354608164,Neutre,Normal
2024-07-16,234.82,aapl,0.0017918088737201021,135.71057042131423,10.508729822579888,Buy,79.57730300941881,Sell,220.2515,239.0999786765685,201.4030213234315,1.5458542039375127,Neutre,Normal
2024-07-17,228.88,aapl,-0.025295971382335414,132.27763971565625,5.635297918493576,Buy,67.2554647825127,Neutre,220.862,240.01061061333323,201.71338938666676,0.8374497932938326,Neutre,Normal
2024-07-18,224.18,aapl,-0.020534778049632996,129.56134774316592,4.615241028512762,Hold,60.25641025641028,Neutre,221.3565,240.30021972032185,202.41278027967817,0.29809351507360937,Neutre,Normal
2024-07-19,224.31,aapl,0.0005798911588901223,129.63647922325606,6.977298740938576,Buy,64.94867875081897,Neutre,222.08800000000002,240.24687267541992,203.92912732458012,0.2447288485047545,Neutre,Normal
2024-07-22,223.96,aapl,-0.001560340600062382,129.4342021614749,7.937731938888626,Buy,59.01024743814048,Neutre,222.91150000000002,239.72707457897468,206.09592542102536,0.12470581901030973,Neutre,Normal
2024-07-23,225.01,aapl,0.004688337203071935,130.04103334681847,8.105121552801009,Buy,56.31326584976024,Neutre,223.75499999999997,239.07683512438877,208.43316487561117,0.16381849691129444,Neutre,Normal
2024-07-24,218.54,aapl,-0.028754277587662802,126.30179737617753,4.529583393121928,Hold,46.47788439035803,Neutre,224.2285,238.16192407004812,210.29507592995188,-0.816525783095663,Neutre,Normal
2024-07-25,217.49,aapl,-0.004804612427930732,125.69496619083395,1.9882766705744404,Hold,38.65093613747113,Neutre,224.44050000000001,237.78727169718766,211.09372830281237,-1.0415252703340347,Neutre,Normal
2024-07-26,217.96,aapl,0.002161018897420597,125.966595388083,1.8028958430639896,Hold,37.019483938915215,Neutre,224.6335,237.4518540695613,211.8151459304387,-1.0412413268950034,Neutre,Normal
2024-07-29,218.24,aapl,0.0012846393833731984,126.12841703750794,3.6178900389326696,Hold,36.04278074866307,Neutre,225.0145,236.45835741922656,213.57064258077344,-1.1839539329838755,Neutre,Normal
2024-07-30,218.8,aapl,0.002565982404692191,126.45206033635785,0.9457900807381847,Hold,28.936423054070104,Buy,225.11700000000002,236.2825185374677,213.95148146253234,-1.131519325108335,Neutre,Normal
2024-07-31,222.08,aapl,0.014990859232175469,128.34768537247876,0.8217187996549802,Hold,41.29400570884873,Neutre,225.20750000000004,236.23610371942019,214.1788962805799,-0.5671615518277889,Neutre,Normal
2024-08-01,218.36,aapl,-0.016750720461095048,126.19776917297578,-1.4398555630783072,Hold,31.13382899628253,Neutre,225.048,236.38722043175844,213.70877956824157,-1.1796225393535014,Neutre,Normal
2024-08-02,219.86,aapl,0.006869389998168218,127.06467086632375,-2.8629495449324027,Hold,25.70187165775397,Buy,224.724,236.27609418244185,213.17190581755813,-0.8420983976035813,Neutre,Normal
2024-08-05,209.27,aapl,-0.0481670153734195,120.94434491128708,-8.14239311737336,Sell,18.134198054377634,Buy,223.7965,237.1415361755344,210.4514638244656,-2.177064162123679,Buy,Normal
2024-08-06,207.23,aapl,-0.009748172217709294,119.76535860833381,-9.379919538219351,Sell,20.088422216081767,Buy,222.724,237.75745518291941,207.69054481708056,-2.0612693238482964,Buy,Normal
2024-08-07,209.82,aapl,0.01249819041644562,121.26220886551464,-9.940767447849597,Sell,28.931924882629076,Buy,221.56600000000003,236.83916931918966,206.2928306808104,-1.5381221480000287,Neutre,Normal
2024-08-08,213.31,aapl,0.016633304737394106,123.27920013870428,-6.266203805422499,Sell,35.309829059829056,Neutre,220.85299999999998,236.27668117709368,205.42931882290628,-0.9781063176023606,Neutre,Normal
2024-08-09,216.24,aapl,0.013735877361586546,124.97254811304398,-6.202828142621664,Sell,40.35482258870565,Neutre,220.138,234.9859629650174,205.29003703498262,-0.5250551889419302,Neutre,Normal
2024-08-12,217.53,aapl,0.005965593784683643,125.71808356932324,-7.197098976109217,Sell,40.710382513661216,Neutre,219.29450000000003,232.56386872333388,206.02513127666617,-0.2659508582193814,Neutre,Normal
2024-08-13,221.27,aapl,0.01719303084632018,127.87955845807086,-5.770377310280206,Sell,53.63709032773783,Neutre,218.61700000000002,229.76238393945653,207.4716160605435,0.4760715313912036,Neutre,Normal
2024-08-14,221.72,aapl,0.002033714466488812,128.13962896607524,-3.128276826284515,Hold,55.72705117790413,Neutre,218.25900000000001,228.43409011986472,208.0839098801353,0.6802888149841773,Neutre,Normal
2024-08-15,224.72,aapl,0.013530579108785856,129.8734323527712,0.24087786600053285,Hold,58.56563608717687,Neutre,218.286,228.52987755532158,208.04212244467843,1.256164956141557,Neutre,Normal
2024-08-16,226.05,aapl,0.005918476326094657,130.64208518753975,0.7757121840310299,Hold,59.63959516168847,Neutre,218.373,228.85898683958737,207.8870131604126,1.4642398693496932,Neutre,Normal
2024-08-19,225.89,aapl,-0.0007078080070781478,130.54961567358262,0.8617610287551258,Hold,58.83819496384937,Neutre,218.46949999999998,229.2045394797401,207.73446052025986,1.382482107123028,Neutre,Normal
2024-08-20,226.51,aapl,0.002744698747177754,130.90793504016645,0.6666370383538567,Hold,55.91455273698261,Neutre,218.54450000000003,229.49081968913947,207.59818031086058,1.455374998393852,Neutre,Normal
2024-08-21,226.4,aapl,-0.0004856297735198467,130.8443622493209,3.5965955889082135,Hold,61.87943262411344,Neutre,218.9375,230.433714251016,207.441285748984,1.2982534662383298,Neutre,Normal
2024-08-22,224.53,aapl,-0.008259717314487602,129.7636248049471,3.2369304335831517,Hold,56.825489622917246,Neutre,219.2895,231.02766712133635,207.55133287866366,0.8928991972646896,Neutre,Normal
2024-08-23,226.84,aapl,0.010288157484523275,131.098653412703,4.07414204441181,Hold,83.8796760509062,Sell,219.7335,231.92302488172143,207.54397511827855,1.1660011475355239,Neutre,Normal
2024-08-26,227.18,aapl,0.0014988538176687882,131.29515112986186,4.096407624633436,Hold,91.16797358646302,Sell,220.1805,232.78793385550978,207.5730661444902,1.110376636549404,Neutre,Normal
2024-08-27,228.03,aapl,0.003741526542829554,131.78639542275906,4.21846435100548,Hold,90.48465984882165,Sell,220.642,233.70419389971246,207.57980610028753,1.131203541567796,Neutre,Normal
2024-08-28,226.49,aapl,-0.006753497346840276,130.89637635092183,1.9857708933717522,Hold,82.08373904576435,Sell,220.8625,234.17342289892233,207.5515771010777,0.8455461792894337,Neutre,Normal
2024-08-29,229.79,aapl,0.014570179698882857,132.80356007628734,5.234475178604137,Buy,82.40076518412239,Sell,221.43400000000003,235.26389652509158,207.60410347490847,1.2083966043910304,Neutre,Normal
2024-08-30,229.0,aapl,-0.003437921580573544,132.34699185112407,4.157190939688893,Hold,78.09897109260167,Sell,221.89100000000002,236.10073409877532,207.68126590122472,1.0005817069599756,Neutre,Normal
2024-09-03,222.77,aapl,-0.027205240174672407,128.74646015141883,6.4509963205428456,Buy,53.27510917030568,Neutre,222.56599999999997,235.47437410773588,209.65762589226406,0.031607388862053554,Neutre,Normal
2024-09-04,220.85,aapl,-0.008618754769493253,127.63682598393342,6.572407469960906,Buy,48.21501846532622,Neutre,223.247,234.00706867518704,212.48693132481299,-0.4455361898437619,Neutre,Normal
2024-09-05,222.38,aapl,0.0069277790355444235,128.52106571114834,5.986083309503387,Buy,44.89082969432314,Neutre,223.875,232.61125597272982,215.13874402727018,-0.3422518764712573,Neutre,Normal
2024-09-06,220.82,aapl,-0.007015019336271244,127.61948795006646,3.5206975762974047,Hold,38.69433635970597,Neutre,224.25050000000002,231.6121945274709,216.88880547252913,-0.9319865113117038,Neutre,Normal
2024-09-09,220.91,aapl,0.0004075717779186139,127.67150205166733,2.159637439881612,Hold,39.20208152645274,Neutre,224.48399999999998,231.02656476347127,217.9414352365287,-1.0925379049985071,Neutre,Normal
2024-09-10,220.11,aapl,-0.003621384274138717,127.20915448188177,1.18604330437182,Hold,36.23063683304649,Neutre,224.613,230.66132155926056,218.56467844073944,-1.4890081342006223,Neutre,Normal
2024-09-11,222.66,aapl,0.011585116532642603,128.68288736057332,0.6281918018710142,Hold,42.71806853582551,Neutre,224.68250000000003,230.5996005524137,218.76539944758636,-0.6836118406590302,Neutre,Normal
2024-09-12,222.77,aapl,0.0004940267672686183,128.74646015141883,0.4735702688074994,Hold,46.321070234113726,Neutre,224.73499999999999,230.5593319020527,218.91066809794728,-0.6747555026208023,Neutre,Normal
2024-09-13,222.5,aapl,-0.0012120123894600043,128.5904178466162,-0.9878960484158039,Hold,40.08226691042045,Neutre,224.62399999999997,230.53352985929507,218.71447014070486,-0.7188389095484903,Neutre,Normal
2024-09-16,216.32,aapl,-0.027775280898876487,125.01878287002253,-4.304357443043583,Hold,30.411255411255368,Neutre,224.1375,231.0667875763526,217.20821242364738,-2.2563647168227146,Buy,Normal
2024-09-17,216.79,aapl,0.0021727071005916976,125.29041206727156,-4.028509451502938,Hold,29.44403803950253,Buy,223.68250000000003,231.2892196747699,216.07578032523017,-1.8122134887818326,Neutre,Normal
2024-09-18,220.69,aapl,0.01798975967526184,127.54435646997631,-2.569422983532732,Hold,40.23569023569022,Neutre,223.3915,230.9880650824985,215.7949349175015,-0.7112425078076172,Neutre,Normal
2024-09-19,228.87,aapl,0.03706556708505149,132.27186037103394,1.090989399293285,Hold,48.66975130133027,Neutre,223.51500000000001,231.39261518815408,215.63738481184595,1.359548511090652,Neutre,Normal
2024-09-20,228.2,aapl,-0.0029274260497226257,131.88464428133847,1.6345254531688447,Hold,48.83923389437027,Neutre,223.69849999999997,231.8421504810741,215.55484951892583,1.1055238705201098,Neutre,Normal
2024-09-23,226.47,aapl,-0.007581069237510896,130.88481766167718,-0.1631105625110263,Hold,56.174899866488616,Neutre,223.67999999999998,231.79523323918173,215.56476676081823,0.6875957641067963,Neutre,Normal
2024-09-24,227.37,aapl,0.003974036296198191,131.40495867768595,0.08363412272207604,Hold,61.264685556323435,Neutre,223.6895,231.8224103355638,215.55658966443622,0.9050880553559819,Neutre,Normal
2024-09-25,226.37,aapl,-0.004398117605664775,130.82702421545397,-0.7279743893347401,Hold,57.02217529039072,Neutre,223.6065,231.58532005522676,215.62767994477326,0.6927089421423126,Neutre,Normal
2024-09-26,227.52,aapl,0.005080178468878316,131.49164884702077,0.4547662148439269,Hold,61.96428571428574,Neutre,223.658,231.72796145559204,215.58803854440794,0.9571297263938897,Neutre,Normal
2024-09-27,227.79,aapl,0.0011867088607593335,131.64769115182338,-0.8703598938160972,Hold,62.20723917672107,Neutre,223.558,231.352901437546,215.763098562454,1.0858379759917314,Neutre,Normal
2024-09-30,233.0,aapl,0.022871943456692634,134.65872970005202,1.7467248908296984,Hold,69.7760049094814,Neutre,223.75799999999998,232.30937194286784,215.20662805713212,2.1615245043125886,Sell,Normal
2024-10-01,226.21,aapl,-0.02914163090128752,130.73455470149688,1.544193562867524,Hold,54.81944067336411,Neutre,223.93,232.53590739581063,215.3240926041894,0.5298685879678211,Neutre,Normal
2024-10-02,226.78,aapl,0.0025197825029839027,131.0639773449691,2.6850803712927362,Hold,55.37677661571465,Neutre,224.2265,232.79413377024588,215.6588662297541,0.596080567511636,Neutre,Normal
2024-10-03,225.67,aapl,-0.004894611517770597,130.42247009189157,1.479449590790538,Hold,54.15683189089953,Neutre,224.391,232.93566383188977,215.8463361681102,0.29936812615766206,Neutre,Normal
2024-10-04,226.8,aapl,0.005007311561129102,131.07553603421374,2.7080880355040415,Hold,65.84038694074971,Neutre,224.69,233.12634742615205,216.25365257384794,0.500216478391861,Neutre,Normal
2024-10-07,221.69,aapl,-0.02253086419753092,128.12229093220827,0.35308496672852296,Hold,56.495227995758206,Neutre,224.72899999999998,233.0987196079555,216.35928039204447,-0.7261892016337984,Neutre,Normal
2024-10-08,225.77,aapl,0.018404077766250193,130.4802635381148,2.5714415519513034,Hold,56.70184696569921,Neutre,225.012,233.1022113693034,216.9217886306966,0.18738694587784924,Neutre,Normal
2024-10-09,229.54,aapl,0.01669840988616733,132.65907646072935,3.0899128716428637,Hold,51.00029859659598,Neutre,225.356,233.6085770137835,217.1034229862165,1.0139862961622435,Neutre,Normal
2024-10-10,229.04,aapl,-0.002178269582643555,132.37010922961338,2.8145621044126212,Hold,51.260504201680675,Neutre,225.66950000000003,233.98458071929724,217.3544192807028,0.8106956778369894,Neutre,Normal
2024-10-11,227.55,aapl,-0.006505413901501833,131.50898688088773,2.2696629213483144,Hold,51.6324062877872,Neutre,225.92200000000003,234.13794239717467,217.70605760282538,0.39630268112878597,Neutre,Normal
2024-10-14,231.3,aapl,0.016479894528675043,133.67624111425764,6.924926035502965,Buy,55.46896743668245,Neutre,226.671,233.8695024758449,219.47249752415507,1.2861008287579134,Neutre,Normal
2024-10-15,233.85,aapl,0.011024643320363126,135.14997399294919,7.8693666682042585,Buy,59.97865528281749,Neutre,227.52399999999997,233.77302990366115,221.2749700963388,2.024634254444432,Sell,Normal
2024-10-16,231.78,aapl,-0.008851828094932568,133.953649656129,5.0251483982056255,Buy,55.54687499999999,Neutre,228.0785,233.71204343011198,222.444956569888,1.3140930023597708,Neutre,Normal
2024-10-17,232.15,aapl,0.0015963413581845387,134.16748540715483,1.4331279765805949,Hold,55.66233766233768,Neutre,228.2425,234.15702404990063,222.3279759500994,1.3213235645108756,Neutre,Normal
2024-10-18,235.0,aapl,0.012276545337066569,135.81459862451598,2.979842243645936,Hold,52.767017155506366,Neutre,228.58250000000004,235.22387866156777,221.9411213384323,1.932580666462129,Neutre,Normal
2024-10-21,236.48,aapl,0.006297872340425448,136.6699416286193,4.420011480549291,Hold,66.65585468699317,Neutre,229.083,236.51565086946647,221.65034913053353,1.9904069570621374,Neutre,Normal
2024-10-22,235.86,aapl,-0.0026217861975641465,136.31162226203548,3.7340018472094005,Hold,64.70207253886014,Neutre,229.50750000000002,237.4784970980333,221.53650290196674,1.593903478290659,Neutre,Normal
2024-10-23,230.76,aapl,-0.021622996692953533,133.36415650465236,1.9393029111631321,Hold,57.2985374247204,Neutre,229.727,237.57504394000338,221.87895605999663,0.2632503099873173,Neutre,Normal
2024-10-24,230.57,aapl,-0.0008233662679840714,133.2543489568283,1.3405414908579383,Hold,55.555555555555536,Neutre,229.8795,237.66525886170675,222.09374113829327,0.17737513125306834,Neutre,Normal
2024-10-25,231.41,aapl,0.0036431452487313276,133.73981390510318,1.5891830194477485,Hold,66.38570465273098,Neutre,230.0605,237.80995695890417,222.31104304109581,0.3482824686056026,Neutre,Normal
2024-10-28,233.4,aapl,0.00859945551186203,134.8899034849448,0.17167381974250162,Hold,63.837504533913695,Neutre,230.08049999999997,237.86388980407114,222.2971101959288,0.8529702568060368,Neutre,Normal
2024-10-29,233.67,aapl,0.0011568123393315144,135.04594578974744,3.297820609168456,Hold,58.57914416285834,Neutre,230.4535,238.17062593078492,222.73637406921506,0.8336004955339217,Neutre,Normal
2024-10-30,230.1,aapl,-0.015277956091924505,132.98271975957925,1.4639738954052461,Hold,51.95283714075167,Neutre,230.61950000000002,238.144348590889,223.09465140911104,-0.13807586789959544,Neutre,Normal
2024-10-31,225.91,aapl,-0.018209474141677506,130.56117436282727,0.10634998005938368,Hold,47.25201072386056,Neutre,230.63150000000002,238.12380981178728,223.13919018821275,-1.2603589863761158,Neutre,Normal
2024-11-01,222.91,aapl,-0.01327962462927712,128.8273709761313,-1.7151675485008844,Hold,35.57923685115155,Neutre,230.43699999999998,238.52629663197078,222.3477033680292,-1.8609776207863395,Neutre,Normal
2024-11-04,222.01,aapl,-0.004037503925351071,128.30722996012253,0.14434570797059454,Hold,28.425655976676353,Buy,230.45300000000003,238.47039713636042,222.43560286363964,-2.1061698345238455,Buy,Normal
2024-11-05,223.45,aapl,0.006486194315571403,129.13945558573656,-1.027594454533387,Hold,34.46475195822451,Neutre,230.337,238.6993972891191,221.97460271088087,-1.6471353277991574,Neutre,Normal
2024-11-06,222.72,aapl,-0.0032669501006936663,128.71756342830722,-2.9711597107258014,Hold,32.64630106735366,Neutre,229.996,239.024887907274,220.967112092726,-1.61171565639622,Neutre,Normal
2024-11-07,227.48,aapl,0.021372126436781658,131.46853146853147,-0.6811037373384621,Hold,37.070151306739994,Neutre,229.91799999999998,239.00840581573507,220.82759418426488,-0.5363896946778589,Neutre,Normal
2024-11-08,226.96,aapl,-0.0022859152452961995,131.16800554817084,-0.2592836739178206,Hold,33.07254623044098,Neutre,229.88849999999996,239.0150195418287,220.76198045817122,-0.6417561451718878,Neutre,Normal
2024-11-11,224.23,aapl,-0.012028551286570432,129.5902444662775,-3.0566364029399162,Hold,30.764141581210666,Neutre,229.535,238.97367185126183,220.09632814873817,-1.1240988316149165,Neutre,Normal
2024-11-12,224.23,aapl,0.0,129.5902444662775,-4.113748129142614,Hold,37.00756068444088,Neutre,229.054,238.54712305109177,219.56087694890823,-1.016314646726342,Neutre,Normal
2024-11-13,225.12,aapl,0.0039691388306650754,130.10460613766398,-2.8734144447320698,Hold,39.45025164537362,Neutre,228.721,238.2785220307584,219.1634779692416,-0.753542599935655,Neutre,Normal
2024-11-14,228.22,aapl,0.01377043354655294,131.89620297058312,-1.6928709885849713,Hold,44.32182271270915,Neutre,228.5245,237.94581173122157,219.1031882687784,-0.06464068033985085,Neutre,Normal
2024-11-15,225.0,aapl,-0.014109192884059207,130.03525400219615,-4.255319148936165,Hold,35.67530695770802,Neutre,228.0245,237.05200527991855,218.99699472008143,-0.6700633023672455,Neutre,Normal
2024-11-18,228.02,aapl,0.013422222222222224,131.78061607813675,-3.5774695534505963,Hold,41.19114437168697,Neutre,227.60150000000004,235.7064855352324,219.4965144647677,0.10326977097756652,Neutre,Normal
2024-11-19,228.28,aapl,0.0011402508551880963,131.93087903831707,-3.2137708810311305,Hold,46.83588317107094,Neutre,227.2225,234.35162447566196,220.09337552433803,0.2966703705651912,Neutre,Normal
2024-11-20,229.0,aapl,0.0031540213772560666,132.34699185112407,-0.7626971745536504,Hold,56.109134045077106,Neutre,227.13450000000003,234.12180721417573,220.14719278582433,0.5339682206087294,Neutre,Normal
2024-11-21,228.52,aapl,-0.002096069868995576,132.06958330925275,-0.8891009237975367,Hold,62.318840579710184,Neutre,227.03199999999998,233.86556299143447,220.1984370085655,0.4354975587011214,Neutre,Normal
2024-11-22,229.87,aapl,0.005907579205321145,132.84979483326592,-0.665485501922991,Hold,66.92506459948325,Neutre,226.95499999999998,233.61331178223745,220.29668821776252,0.8755973271712634,Neutre,Normal
2024-11-25,232.87,aapl,0.013050854830991332,134.58359821996186,-0.22707797772064664,Hold,69.00726392251822,Neutre,226.92850000000004,233.4822045369702,220.3747954630299,1.8131729822372462,Neutre,Normal
2024-11-26,235.06,aapl,0.00940438871473348,135.8492746922499,0.5948559934951136,Hold,73.51371951219514,Sell,226.998,233.87426459182967,220.1217354081703,2.344877772614863,Sell,Normal
2024-11-27,234.93,aapl,-0.0005530502850336072,135.77414321215974,2.099087353324647,Hold,67.23739009717728,Neutre,227.2395,234.8721458818619,219.60685411813807,2.0151596494933908,Sell,Normal
2024-11-29,237.33,aapl,0.010215808964372464,137.1611859215165,5.055110442211497,Buy,72.0732226479353,Sell,227.8105,236.63930328065084,218.98169671934915,2.156464403474231,Sell,Normal
2024-12-02,239.59,aapl,0.009522605654573857,138.46731780616076,7.482840608317254,Buy,83.36229365768902,Sell,228.64450000000002,238.60317772875874,218.6858222712413,2.1981833930405292,Sell,Normal
2024-12-03,242.65,aapl,0.012771818523310774,140.23579726059066,9.29687851898564,Buy,85.31441717791417,Sell,229.67649999999998,240.93349272733045,218.4195072726695,2.304967288199825,Sell,Normal
2024-12-04,243.01,aapl,0.0014836183803832448,140.44385366699416,8.753636160214807,Buy,85.00978473581218,Sell,230.6545,242.98164330675516,218.32735669324487,2.004600691748153,Sell,Normal
2024-12-05,243.04,aapl,0.00012345170980609943,140.46119170086112,9.123563218390807,Buy,82.96263345195734,Sell,231.6705,244.57991635111102,218.76108364888898,1.7614274248768043,Neutre,Normal
2024-12-06,242.84,aapl,-0.0008229098090848375,140.34560480841475,6.752241955336746,Buy,95.8376156217884,Sell,232.43850000000003,246.1036909301668,218.77330906983326,1.5223351145483075,Neutre,Anomalie
2024-12-09,246.75,aapl,0.016101136550815243,142.60532855574178,8.719598167077901,Buy,96.01965601965614,Sell,233.42800000000003,248.240695266313,218.61530473368705,1.7987273430645478,Neutre,Anomalie
2024-12-10,247.77,aapl,0.004133738601823644,143.1948217072184,10.498149221781205,Buy,96.16295594504986,Sell,234.60499999999996,250.06706835758905,219.14293164241087,1.7028769625815814,Neutre,Anomalie
2024-12-11,246.49,aapl,-0.005166081446502768,142.45506559556148,9.927306783213673,Buy,90.35532994923868,Sell,235.71800000000002,251.2401140719678,220.19588592803223,1.3879552682135887,Neutre,Normal
2024-12-12,247.96,aapl,0.005963730780153442,143.30462925504247,10.145700071073204,Buy,92.8949691085614,Sell,236.86000000000004,252.45967476044308,221.260325239557,1.4231065929844708,Neutre,Normal
2024-12-13,248.13,aapl,0.000685594450717808,143.4028781136219,8.724038208745943,Buy,92.50465549348236,Sell,237.85549999999998,253.6732428358498,222.03775716415015,1.2991107652494598,Neutre,Normal
2024-12-16,251.04,aapl,0.011727723370813736,145.08466739871696,11.573333333333323,Buy,92.47311827956995,Sell,239.15749999999997,254.80572354134893,223.50927645865102,1.5187027420207324,Neutre,Normal
2024-12-17,253.48,aapl,0.009719566602931717,146.49482748656303,11.165687220419262,Buy,92.56007393715348,Sell,240.4305,256.40282669337904,224.45817330662092,1.6340136600648594,Neutre,Normal
2024-12-18,248.05,aapl,-0.021421808426700273,143.35664335664336,8.66041703171545,Buy,74.35040831477363,Sell,241.419,256.6552226289862,226.1827773710138,0.8704257165926198,Neutre,Normal
2024-12-19,249.79,aapl,0.007014714775246844,144.362249320927,9.078602620087327,Buy,73.70624048706244,Sell,242.45850000000002,256.9455734031932,227.97142659680688,1.0121436947208424,Neutre,Normal
2024-12-20,254.49,aapl,0.01881580527643223,147.07854129341735,11.364431997199365,Buy,75.94011142061288,Sell,243.757,257.6260174964135,229.8879825035865,1.5477664517728875,Neutre,Normal
2024-12-23,255.27,aapl,0.0030649534362843234,147.52933017395827,11.049723756906072,Buy,73.86535552193652,Sell,245.02700000000004,258.17476923244055,231.87923076755953,1.5581350446472113,Neutre,Normal
2024-12-24,258.2,aapl,0.011478042856583048,149.22267814829797,10.877313522566222,Buy,76.18062736987251,Sell,246.2935,259.3903702970971,233.19662970290287,1.818220648125229,Neutre,Normal
2024-12-26,259.02,aapl,0.003175832687838831,149.6965844073282,10.193142176465564,Buy,76.8120805369128,Sell,247.4915,260.6450566933149,234.33794330668508,1.7529099191641682,Neutre,Normal
2024-12-27,255.59,aapl,-0.013242220677939898,147.71426920187253,8.79410888349721,Buy,69.30063578564946,Neutre,248.5245,260.73561568677616,236.31338431322385,1.1572243161452476,Neutre,Normal
2024-12-30,252.2,aapl,-0.013263429711647623,145.7550713749061,6.265537437323543,Buy,58.38203629652415,Neutre,249.26799999999997,260.36959324744066,238.16640675255925,0.5282124708858238,Neutre,Normal
2024-12-31,250.42,aapl,-0.007057890563045177,144.72634803213316,4.520222045995226,Hold,53.982566877066404,Neutre,249.80949999999999,259.937257532229,239.68174246777096,0.12055975827960715,Neutre,Normal
2025-01-02,243.85,aapl,-0.026235923648270876,140.92931861526904,0.49453946012774086,Hold,46.57676348547715,Neutre,249.86950000000002,259.8315299664614,239.90747003353863,-1.208488635401727,Neutre,Normal
2025-01-03,243.36,aapl,-0.002009432027885949,140.64613072877538,0.1440269947738937,Hold,43.87972325705161,Neutre,249.887,259.79939967759896,239.97460032240102,-1.316936405369196,Neutre,Normal
2025-01-06,245.0,aapl,0.006738987508218219,141.5939432468358,0.8064516129032251,Hold,45.99231754161331,Neutre,249.98499999999999,259.6479917999737,240.3220082000263,-1.0317715471958793,Neutre,Normal
2025-01-07,242.21,aapl,-0.01138775510204082,139.98150609720858,-0.2594300774172331,Hold,38.65913177498073,Neutre,249.9535,259.7181349542375,240.18886504576247,-1.5860295927682528,Neutre,Normal
2025-01-08,242.7,aapl,0.0020230378597083654,140.26469398370224,-1.6413373860182379,Hold,35.42455381287178,Neutre,249.75099999999998,259.9535196062459,239.54848039375406,-1.3822075863855054,Neutre,Normal
2025-01-10,236.85,aapl,-0.02410383189122367,136.88377737964515,-4.407313234047717,Hold,35.02673796791437,Neutre,249.205,260.91179784524854,237.49820215475148,-2.1107394461440316,Buy,Normal
2025-01-13,234.4,aapl,-0.010344099641123039,135.46783794717678,-4.904864294697553,Hold,29.808449225924917,Buy,248.60049999999995,262.02076507699763,235.1802349230023,-2.1162771254555337,Buy,Normal
2025-01-14,233.28,aapl,-0.004778156996587013,134.82055134947697,-5.9203097273753835,Sell,19.28757602085132,Buy,247.8665,262.93842618570727,232.79457381429273,-1.9355853817586255,Neutre,Normal
2025-01-15,237.87,aapl,0.01967592592592604,137.47327053112178,-4.1349292709466745,Hold,27.308294209702595,Buy,247.35350000000003,263.0722200161911,231.63477998380893,-1.2066504130401856,Neutre,Normal
2025-01-16,228.26,aapl,-0.040400218606802096,131.91932034907242,-9.074251115360099,Sell,16.74811195024428,Buy,246.2145,263.9769458664321,228.45205413356786,-2.021624739634626,Buy,Anomalie
2025-01-17,229.98,aapl,0.00753526680101646,132.9133676241114,-9.270948398295719,Sell,18.37979094076651,Buy,245.0395,263.8560956706205,226.2229043293795,-1.6006614866591757,Neutre,Normal
2025-01-21,222.64,aapl,-0.031915818766849346,128.67132867132867,-10.2439024390244,Sell,16.937587798514897,Buy,243.769,265.00549480443937,222.53250519556062,-1.9898764080014852,Neutre,Anomalie
2025-01-22,223.83,aapl,0.005344951491196737,129.35907068138474,-10.392729893110209,Sell,20.218349779550707,Buy,242.471,265.2736387208062,219.6683612791938,-1.6349862161339304,Neutre,Normal
2025-01-23,223.66,aapl,-0.0007595049814592691,129.2608218228053,-12.114424928287947,Sell,20.925684485006514,Buy,240.92950000000002,264.46752967651844,217.39147032348163,-1.4673700592049235,Neutre,Anomalie
2025-01-24,222.78,aapl,-0.003934543503532173,128.75223949604114,-12.727700082265835,Sell,23.878006446813785,Buy,239.30499999999998,263.1583188687163,215.45168113128366,-1.385551427115876,Neutre,Normal
2025-01-27,229.86,aapl,0.0317802316186373,132.8440154886436,-10.975987606506576,Sell,35.613810741687985,Neutre,237.88799999999998,260.3411705415615,215.43482945843846,-0.7150883199448282,Neutre,Normal
2025-01-28,238.26,aapl,0.03654398329417896,137.69866497139225,-8.01482511003011,Sell,43.72205663189269,Neutre,236.85,256.9901207334494,216.70987926655062,0.14001902159982807,Neutre,Normal
2025-01-29,239.36,aapl,0.004616805170821969,138.33439287984743,-6.350013693806478,Sell,47.25908828620889,Neutre,236.03850000000003,254.21111128876788,217.86588871123217,0.3655501069406511,Neutre,Normal
2025-01-30,237.59,aapl,-0.007394719251336945,137.3114488816968,-5.793021411578103,Sell,45.203679369251006,Neutre,235.308,251.8463033559902,218.7696966440098,0.27596543017497216,Neutre,Normal
2025-01-31,236.0,aapl,-0.006692200850204166,136.39253308674796,-5.758326012299331,Sell,49.13283003468681,Neutre,234.587,249.53186724069917,219.6421327593008,0.18909502202227715,Neutre,Normal
2025-02-03,228.01,aapl,-0.033855932203389894,131.77483673351443,-6.4957965962682,Sell,44.142988084326305,Neutre,233.795,248.34666114590632,219.24333885409365,-0.7950982285795499,Neutre,Normal
2025-02-04,232.8,aapl,0.021007850532871464,134.54314280760562,-4.339250493096647,Hold,49.58777052559259,Neutre,233.267,247.1062395592736,219.4277604407264,-0.06748925733958415,Neutre,Normal
2025-02-05,232.47,aapl,-0.0014175257731959823,134.35242443506905,-5.114285714285716,Sell,44.99629355077836,Neutre,232.64050000000003,245.3300190485781,219.95098095142197,-0.026872570874802104,Neutre,Normal
2025-02-06,233.22,aapl,0.003226222738417883,134.78587528174305,-3.7116551752611415,Hold,55.49889135254988,Neutre,232.19099999999997,244.0638614029959,220.31813859700404,0.1733364797369524,Neutre,Normal
2025-02-07,227.63,aapl,-0.023968784838350077,131.55522163786625,-6.2093119077049845,Sell,47.600571778639996,Neutre,231.4375,242.37840706333043,220.49659293666957,-0.6960117617233462,Neutre,Normal
2025-02-10,227.65,aapl,8.786188112286375e-05,131.5667803271109,-3.884314967278868,Hold,56.01440576230493,Neutre,230.97750000000002,241.73227250242698,220.22272749757306,-0.6187950510806473,Neutre,Normal
2025-02-11,232.62,aapl,0.021831759279595797,134.43911460440384,-0.759385665529011,Hold,59.674224081003715,Neutre,230.88850000000002,241.5531020973475,220.22389790265254,0.32471910047739044,Neutre,Normal
2025-02-12,236.87,aapl,0.018270140142722102,136.8953360688898,1.5389231824417093,Hold,63.34073924459704,Neutre,231.06799999999998,242.01908665600723,220.11691334399274,1.0596208727500689,Neutre,Normal
2025-02-13,241.53,aapl,0.01967323848524516,139.58851066289083,1.5386555681674796,Hold,67.59241884030772,Neutre,231.25099999999998,242.78736246601935,219.7146375339806,1.782017517268041,Neutre,Normal
2025-02-14,244.6,aapl,0.012710636359872352,141.362769461943,7.15850346096556,Buy,64.95535714285711,Neutre,232.06800000000004,244.94855507140056,219.18744492859952,1.9458788740906847,Neutre,Normal
2025-02-18,244.47,aapl,-0.0005314799672935244,141.28763798185287,6.300547873728157,Buy,57.57132406730066,Neutre,232.79250000000002,246.7625293862485,218.82247061375153,1.6717931905704986,Neutre,Normal
2025-02-19,244.87,aapl,0.001636192579866691,141.51881176674564,9.98472871002516,Buy,56.8345323741007,Neutre,233.904,248.0096336636341,219.7983663363659,1.5548397557312972,Neutre,Normal
2025-02-20,245.83,aapl,0.0039204475844325515,142.07362885048835,9.828887995353618,Buy,60.430379746835435,Neutre,235.004,249.2325574961438,220.77544250385617,1.5217283976867009,Neutre,Normal
2025-02-21,245.55,aapl,-0.0011389984948948495,141.9118072010634,9.787176965036215,Buy,62.50327310814349,Neutre,236.0985,250.0172072524343,222.1797927475657,1.3581002644260651,Neutre,Normal
2025-02-24,247.1,aapl,0.006312360008144946,142.80760561752297,10.916599335667465,Buy,80.06299212598424,Sell,237.3145,250.56747896998897,224.06152103001105,1.476724594849054,Neutre,Normal
2025-02-25,247.04,aapl,-0.00024281667341163882,142.77292954978904,7.4741146784999435,Buy,76.3508512213175,Sell,238.17350000000002,251.6177713685645,224.72922863143555,1.3190004511113493,Neutre,Normal
2025-02-26,240.36,aapl,-0.027040155440414382,138.9123273420794,0.88139007806598,Hold,61.82199580461496,Neutre,238.27850000000004,251.7583708021305,224.7986291978696,0.30883085313710895,Neutre,Normal
2025-02-27,237.3,aapl,-0.01273090364453322,137.14384788764954,-0.8606283422459948,Hold,55.717488789237684,Neutre,238.17549999999997,251.6520566037753,224.69894339622465,-0.1299293322085994,Neutre,Normal
2025-02-28,241.84,aapl,0.01913190054782965,139.76767034618274,1.788795824740097,Hold,70.516892867456,Sell,238.388,251.9593794823023,224.81662051769771,0.5087176295529229,Neutre,Normal
2025-03-03,238.03,aapl,-0.015754217664571635,137.56574004507888,0.860169491525431,Hold,63.50858927641854,Neutre,238.48950000000005,252.0159706954072,224.9630293045929,-0.06794085616968351,Neutre,Normal
2025-03-04,235.93,aapl,-0.008822417342351785,136.35207767439172,3.4735318626376133,Hold,54.65541490857947,Neutre,238.8855,251.55689750528202,226.214102494718,-0.4664836690298787,Neutre,Normal
2025-03-05,235.74,aapl,-0.0008053236129360597,136.24227012656763,1.2628865979381398,Hold,48.205779612575434,Neutre,239.03249999999997,251.47275025133393,226.592249748666,-0.5293301876538872,Neutre,Normal
2025-03-06,235.33,aapl,-0.0017392042080257575,136.00531699705255,1.2302662709166912,Hold,38.61967694566814,Neutre,239.1755,251.36127509791098,226.98972490208902,-0.6311457365825213,Neutre,Normal
2025-03-07,239.07,aapl,0.01589257638210162,138.16679188580014,2.508361204013365,Hold,40.09315657470438,Neutre,239.46800000000002,251.3283658415229,227.60763415847714,-0.06711428725185446,Neutre,Normal
2025-03-10,227.48,aapl,-0.048479524825364995,131.46853146853147,-0.06589641084215891,Hold,28.422656845313654,Buy,239.4605,251.3525326711903,227.5684673288097,-2.014878420074312,Buy,Normal
2025-03-11,220.84,aapl,-0.029189379286091,127.63104663931111,-2.991434219196132,Hold,23.65709274281953,Buy,239.11999999999998,252.7053125024601,225.53468749753986,-2.6911416276496727,Buy,Normal
2025-03-12,216.98,aapl,-0.017478717623618967,125.40021961509564,-6.72341157252172,Sell,20.263863121005926,Buy,238.33800000000002,254.95987854352853,221.7161214564715,-2.569865968406497,Buy,Anomalie
2025-03-13,209.68,aapl,-0.03364365379297618,121.18129804080218,-11.47887026639085,Sell,17.702142985773392,Buy,236.9785,257.97736540794705,215.97963459205297,-2.5999976160301372,Buy,Anomalie
2025-03-14,213.49,aapl,0.018170545593285015,123.38322834190603,-11.60932389351219,Sell,20.920574493857046,Buy,235.57650000000004,258.91025713650254,212.2427428634975,-1.8930941871721703,Neutre,Anomalie
2025-03-17,214.0,aapl,0.0023888706730994524,123.67797491764433,-12.510220768601798,Sell,21.63461538461536,Buy,234.0465,258.85527966408404,209.23772033591598,-1.6160811028542108,Neutre,Normal
2025-03-18,212.69,aapl,-0.006121495327102822,122.92088077212044,-12.999550047040543,Sell,23.832040854927143,Buy,232.45749999999998,258.49577617788475,206.41922382211519,-1.5183416801446483,Neutre,Normal
2025-03-19,215.24,aapl,0.011989280173021921,124.39461365081199,-12.100298117368402,Sell,28.93430099312451,Buy,230.97599999999997,257.4093779429284,204.54262205707155,-1.1906158973684806,Neutre,Normal
2025-03-20,214.1,aapl,-0.005296413306076997,123.73576836386752,-12.9072936582191,Sell,21.67075163398691,Buy,229.3895,255.87784856071045,202.90115143928955,-1.1544321054940028,Neutre,Normal
2025-03-21,218.27,aapl,0.019476879962634364,126.14575507137491,-11.10975361433516,Sell,29.967558799675587,Buy,228.02549999999997,253.81014045042897,202.24085954957096,-0.7566907918498934,Neutre,Normal
2025-03-24,220.73,aapl,0.011270444861868123,127.56747384846558,-10.671792796438694,Sell,34.70209339774554,Neutre,226.70700000000002,251.04084223452475,202.3731577654753,-0.49125000009409914,Neutre,Normal
2025-03-25,223.75,aapl,0.013681873782449117,129.31283592440616,-9.427623056994817,Sell,38.583127023424105,Neutre,225.54250000000002,247.93064148042149,203.15435851957855,-0.16012941508052975,Neutre,Normal
2025-03-26,221.53,aapl,-0.009921787709497254,128.02982141825117,-7.834082210018312,Sell,37.29749631811486,Neutre,224.60099999999997,245.92383470835895,203.278165291641,-0.2880480050615479,Neutre,Normal
2025-03-27,223.85,aapl,0.01047262221820966,129.3706293706294,-5.667930889169837,Sell,35.614366729678636,Neutre,223.92850000000004,244.39621452543582,203.46078547456426,-0.007670617049352916,Neutre,Normal
2025-03-28,217.9,aapl,-0.026580299307571997,125.93191932034908,-9.89910684750248,Sell,39.86457892509524,Neutre,222.7315,241.51990434669034,203.94309565330968,-0.514306580893986,Neutre,Normal
2025-03-31,222.13,aapl,0.01941257457549339,128.37658209559035,-6.679830273494936,Sell,51.438127090301,Neutre,221.93649999999997,239.29007906357597,204.58292093642396,0.022300875144098894,Neutre,Normal
2025-04-01,223.19,aapl,0.004771980371854223,128.98919262555626,-5.399906752002714,Sell,57.38406658739597,Neutre,221.2995,237.37880801731785,205.22019198268214,0.23514693517455867,Neutre,Normal
2025-04-02,223.89,aapl,0.003136341233926254,129.39374674911863,-5.026724357342848,Sell,70.04231311706627,Sell,220.70700000000002,235.35548632381312,206.05851367618692,0.4345841515140805,Neutre,Normal
2025-04-03,203.19,aapl,-0.09245611684309252,117.4305033809166,-13.657417243870318,Sell,40.160489109667544,Neutre,219.1,234.04277082739307,204.15722917260692,-2.129457807227266,Buy,Normal
2025-04-04,188.38,aapl,-0.07288744524828983,108.87129399526094,-21.202994938720877,Sell,30.777310924369743,Neutre,216.5655,234.19952270731469,198.9314772926853,-3.196718124708832,Buy,Anomalie
2025-04-07,181.46,aapl,-0.03673426053721196,104.87198751661562,-20.230349920872158,Sell,28.387543252595165,Buy,214.2645,237.13453046968218,191.39446953031782,-2.8687762391473424,Buy,Anomalie
2025-04-08,172.42,aapl,-0.049818141739226385,99.64745997803848,-21.92537583771057,Sell,22.809245618491218,Buy,211.8435,241.13309597931587,182.55390402068414,-2.6919797751966708,Buy,Anomalie
2025-04-09,198.85,aapl,0.15328848161466202,114.9222678148298,-8.355608811872061,Sell,42.670383543208686,Neutre,210.93699999999998,240.67602139755417,181.1979786024458,-0.8128714014102731,Neutre,Normal
2025-04-10,190.42,aapl,-0.042393764143827006,110.05028029821418,-9.185425410148806,Sell,37.141010250253935,Neutre,209.974,241.09943207901276,178.84856792098722,-1.2564644853996967,Neutre,Normal
2025-04-11,198.15,aapl,0.040594475370234306,114.51771369126742,-7.18534825987166,Sell,40.05811905600565,Neutre,209.20700000000002,240.72121874579582,177.69278125420422,-0.7017149997713391,Neutre,Normal
2025-04-14,202.52,aapl,0.022053999495331933,117.04328729122118,-5.364485981308409,Sell,40.76233574101472,Neutre,208.63299999999998,240.19779391247172,177.06820608752824,-0.38733026529184006,Neutre,Normal
2025-04-15,202.14,aapl,-0.001876357890578828,116.82367219557301,-4.960270816681556,Hold,41.425665516936405,Neutre,208.10549999999998,239.73736832427355,176.4736316757264,-0.37718290547019034,Neutre,Normal
2025-04-16,194.27,aapl,-0.03893341248639548,112.27532797780732,-9.742612897230995,Sell,37.531613555892775,Neutre,207.05699999999996,239.08088786022358,175.03311213977634,-0.7985913550417143,Neutre,Normal
2025-04-17,196.98,aapl,0.013949657692901463,113.84153037045598,-7.996263428304529,Sell,40.93430403882821,Neutre,206.20099999999996,238.34721850561107,174.05478149438886,-0.5736911169436901,Neutre,Normal
2025-04-21,193.16,aapl,-0.019392831759569518,111.6338207247298,-11.504100426077802,Sell,37.401061146386006,Neutre,204.94549999999998,237.06839983305014,172.82260016694983,-0.733775596926295,Neutre,Normal
2025-04-22,199.74,aapl,0.03406502381445442,115.43662948621628,-9.509355320980372,Sell,40.268901983567105,Neutre,203.89600000000002,235.2088562129118,172.58314378708823,-0.2654500740361263,Neutre,Normal
2025-04-23,204.6,aapl,0.024331631120456443,118.24539097266369,-8.558659217877096,Sell,42.26233453670277,Neutre,202.9385,232.8342108523678,173.04278914763222,0.11115306862612342,Neutre,Normal
2025-04-24,208.37,aapl,0.01842619745845564,120.42420389527828,-5.940504672053448,Sell,52.40438173041218,Neutre,202.28050000000002,231.00982591218215,173.55117408781788,0.42392223323401046,Neutre,Normal
2025-04-25,209.28,aapl,0.004367231367279345,120.95012425590939,-6.5088228724592305,Sell,61.138350031976124,Neutre,201.552,228.6722496495255,174.4317503504745,0.5699062582290954,Neutre,Normal
2025-04-28,210.14,aapl,0.004109327217125314,121.44714789342888,-3.5612666360716028,Hold,66.34001823154054,Neutre,201.16400000000002,227.5104707713428,174.81752922865724,0.6813815844939068,Neutre,Normal
2025-04-29,211.21,aapl,0.005091843532882834,122.06553776801712,-4.916040156665014,Hold,74.30755733801229,Sell,200.618,225.5496333410506,175.6863666589494,0.8496836011590142,Neutre,Normal
2025-04-30,212.5,aapl,0.006107665356754,122.81107322429636,-4.789641112953092,Hold,62.488563586459286,Neutre,200.08350000000002,223.38250858518632,176.78449141481371,1.0658393428718242,Neutre,Normal
2025-05-01,213.32,aapl,0.0038588235294116924,123.2849794833266,-4.721068381794624,Hold,74.34098639455783,Sell,199.555,220.9848232917526,178.1251767082474,1.2846582832344242,Neutre,Normal
2025-05-02,205.35,aapl,-0.03736171010688172,118.67884181933768,1.063044441163452,Hold,57.61421319796954,Neutre,199.663,221.19150164683666,178.13449835316337,0.5283228803650274,Neutre,Normal
2025-05-05,198.89,aapl,-0.0314584855125396,114.94538519331907,5.57914852956789,Buy,46.32367834717437,Neutre,200.1885,221.0604466975968,179.3165533024032,-0.12442538483001468,Neutre,Normal
2025-05-06,198.51,aapl,-0.0019106038513750923,114.7257700976709,9.396010139975752,Buy,46.3236783471744,Neutre,201.041,219.9969421595934,182.0850578404066,-0.26704027462112656,Neutre,Normal
2025-05-07,196.25,aapl,-0.011384816885799176,113.41963821302666,13.820902447511907,Buy,52.26234003656306,Neutre,202.2325,215.8606857695138,188.60431423048618,-0.877959854844775,Neutre,Normal
2025-05-08,197.49,aapl,0.006318471337579679,114.1362769461943,-0.683932612521998,Hold,50.60297942776072,Neutre,202.1645,215.87705970576494,188.45194029423507,-0.681783722412494,Neutre,Normal
2025-05-09,198.53,aapl,0.005266089422249154,114.73732878691555,4.259006406890031,Hold,56.79574791192104,Neutre,202.57,215.26190044248943,189.87809955751055,-0.6366264876259259,Neutre,Normal
2025-05-12,210.79,aapl,0.06175389109958185,121.82280529387968,6.379005803684068,Buy,62.22615622925425,Neutre,203.202,216.2217754043189,190.1822245956811,1.1656115047088946,Neutre,Normal
2025-05-13,212.93,aapl,0.010152284263959421,123.05958504305612,5.140233063401145,Buy,59.806922533553106,Neutre,203.72250000000003,217.44105888549151,190.00394111450854,1.3423421624464764,Neutre,Normal
2025-05-14,212.33,aapl,-0.002817827455032118,122.71282436571693,5.041060651033957,Buy,55.038167938931316,Neutre,204.232,218.45087196650852,190.01312803349148,1.13904957004666,Neutre,Normal
2025-05-15,211.45,aapl,-0.004144492064239724,122.20424203895277,8.843362330776738,Buy,52.762923351158626,Neutre,205.09099999999998,218.8439937793449,191.33800622065505,0.9247441105587265,Neutre,Normal
2025-05-16,211.26,aapl,-0.000898557578623782,122.0944344911287,7.249466950959493,Buy,51.45077720207255,Neutre,205.80499999999998,219.26457143291935,192.3454285670806,0.8105755858850289,Neutre,Normal
2025-05-19,208.78,aapl,-0.011739089273880454,120.66115702479338,8.08656036446469,Buy,46.9632591852037,Neutre,206.586,218.70180681328358,194.47019318671644,0.3621715060023117,Neutre,Normal
2025-05-20,206.86,aapl,-0.009196283168885877,119.55152285730799,3.5646340242315055,Hold,43.06102362204725,Neutre,206.942,218.62138642944862,195.2626135705514,-0.01404183353215156,Neutre,Normal
2025-05-21,202.09,aapl,-0.0230590737696994,116.79477547246142,-1.226783968719447,Hold,37.40749046871497,Neutre,206.8165,218.65470981309733,194.97829018690265,-0.798516004467292,Neutre,Normal
2025-05-22,201.36,aapl,-0.003612251966945368,116.37288331503208,-3.364207899409699,Hold,44.65863453815263,Neutre,206.46599999999998,218.5236097832106,194.40839021678937,-0.8469340261964214,Neutre,Normal
2025-05-23,195.27,aapl,-0.030244338498212175,112.8532624400393,-6.694380733944949,Sell,45.10546241211469,Neutre,205.76550000000003,218.7286144324749,192.80238556752516,-1.6192867932581025,Neutre,Normal
2025-05-27,200.21,aapl,0.025298304911148595,115.7082586834653,-4.72542114780622,Hold,52.046220510351496,Neutre,205.269,218.28719115901265,192.25080884098736,-0.7772201127185935,Neutre,Normal
2025-05-28,200.42,aapl,0.0010488986564105574,115.82962492053402,-5.108659627858536,Sell,55.27981767536083,Neutre,204.72949999999997,217.60456194159707,191.85443805840288,-0.6694336725599337,Neutre,Normal
2025-05-29,199.95,aapl,-0.002345075341782299,115.55799572328498,-5.905882352941183,Sell,53.176652892561954,Neutre,204.102,216.6002703645434,191.6037296354566,-0.6644119352352806,Neutre,Normal
2025-05-30,200.85,aapl,0.004501125281320295,116.07813673929377,-5.845677854865928,Sell,53.00673924313116,Neutre,203.4785,215.26440643634484,191.69259356365515,-0.4460412127308858,Neutre,Normal
2025-06-02,201.7,aapl,0.004232013940751678,116.56938103219095,-1.7774531288044848,Hold,33.271991166728,Neutre,203.296,215.07292194617398,191.519078053826,-0.2710385629274724,Neutre,Normal
2025-06-03,203.27,aapl,0.007783837382250969,117.47673813789517,2.202222333953463,Hold,31.84210526315789,Neutre,203.515,215.10841101433599,191.921588985664,-0.042265386726480704,Neutre,Normal
2025-06-04,202.82,aapl,-0.002213804299699973,117.21666762989076,2.1711752556546227,Hold,32.022684310018874,Neutre,203.7305,215.0900616575901,192.37093834240991,-0.16030548139886125,Neutre,Normal
2025-06-05,200.63,aapl,-0.010797751701015712,115.95099115760273,2.2318471337579693,Hold,30.511527377521617,Neutre,203.9495,214.86191972298016,193.03708027701984,-0.6083893552975357,Neutre,Normal
2025-06-06,203.92,aapl,0.016398345212580434,117.85239553834595,3.255861056255993,Hold,38.10758263123784,Neutre,204.27100000000002,214.7524902516149,193.78950974838514,-0.06697520897774041,Neutre,Normal
2025-06-09,201.45,aapl,-0.012112593173793651,116.42489741663296,1.4708104568579072,Hold,38.11993517017826,Neutre,204.417,214.6399403536187,194.1940596463813,-0.5804592215878014,Neutre,Normal
2025-06-10,202.67,aapl,0.006056093323405287,117.12997746055595,-3.852175150623849,Hold,43.05140961857376,Neutre,204.01100000000002,213.80418323604218,194.21781676395787,-0.2738639659196231,Neutre,Normal
2025-06-11,198.78,aapl,-0.01919376326047262,114.88181240247354,-6.645376414784199,Sell,44.34574649812094,Neutre,203.30349999999999,212.40363597353362,194.20336402646635,-0.9941609692769211,Neutre,Normal
2025-06-12,199.2,aapl,0.0021128886205854513,115.124544876611,-6.183770545848455,Sell,46.27071823204415,Neutre,202.647,210.85611457498433,194.43788542501565,-0.8397982434071644,Neutre,Normal
2025-06-13,196.45,aapl,-0.013805220883534086,113.53522510547303,-7.093875620714119,Sell,52.30288836846209,Neutre,201.897,209.4330246395813,194.36097536041868,-1.4455897533537327,Neutre,Normal
2025-06-16,198.42,aapl,0.01002799694578771,114.67375599607004,-6.0778188014768535,Sell,46.04856512141275,Neutre,201.255,207.51163269111535,194.99836730888464,-0.9062382722341413,Neutre,Normal
2025-06-17,195.64,aapl,-0.014010684406813856,113.06709819106513,-6.293706293706302,Sell,40.52339413164155,Neutre,200.598,206.2587702656046,194.93722973439543,-1.751705074528583,Neutre,Normal
2025-06-18,196.58,aapl,0.004804743406256584,113.6103565855632,-4.969544619549449,Hold,43.44102763721297,Neutre,200.084,205.19041041910782,194.9775895808922,-1.3723926251161795,Neutre,Normal
2025-06-20,201.0,aapl,0.02248448468816755,116.16482690862857,-0.5393636498589705,Hold,50.25676138308799,Neutre,200.02949999999998,205.06858711448015,194.99041288551982,0.38518881612949923,Neutre,Normal
2025-06-23,201.5,aapl,0.0024875621890547706,116.45379413974455,0.06952721493840297,Hold,49.65349965349967,Neutre,200.0365,205.08375157100417,194.9892484289958,0.579919577778777,Neutre,Normal
2025-06-24,200.3,aapl,-0.005955334987593042,115.76027278506618,2.5759205203052193,Hold,44.78764478764479,Neutre,200.28799999999998,204.80905995955007,195.7669400404499,0.0053084896495038236,Neutre,Normal
2025-06-25,201.56,aapl,0.006290564153769385,116.48847020747849,0.6742919934069169,Hold,47.84982935153585,Neutre,200.35549999999998,204.91183035630007,195.79916964369988,0.5287149551544458,Neutre,Normal
2025-06-26,201.0,aapl,-0.0027783290335383626,116.16482690862857,0.28939227621993524,Hold,50.66859414528371,Neutre,200.3845,204.94993293617256,195.81906706382745,0.2696348883468661,Neutre,Normal
2025-06-27,201.08,aapl,0.0003980099502487455,116.21106166560713,0.5651412853213467,Hold,44.1946034341783,Neutre,200.44099999999997,205.0117578549266,195.87024214507335,0.2796035232149896,Neutre,Normal
2025-06-30,205.17,aapl,0.02034016311915643,118.57481361613593,2.150858849887971,Hold,57.13190184049081,Neutre,200.65699999999998,205.69369106081146,195.6203089391885,1.792049560122476,Neutre,Normal
2025-07-01,207.82,aapl,0.012916118340888127,120.10633994105069,3.0342092216162575,Hold,59.36023264267541,Neutre,200.96300000000002,206.92511230671215,195.0008876932879,2.300191491622983,Sell,Normal
2025-07-02,212.44,aapl,0.022230776633625382,122.77639715656244,4.51124120627735,Hold,74.18555240793202,Sell,201.4215,209.24914406312027,193.59385593687975,2.815278750834711,Sell,Normal
2025-07-03,213.55,aapl,0.005225004707211545,123.41790440963996,5.29040528547482,Buy,74.80124438299347,Sell,201.958,211.4772892260072,192.4387107739928,2.4354759530428063,Sell,Normal
2025-07-07,209.95,aapl,-0.016857878716928232,121.33734034560479,4.645367093654973,Hold,72.66621893888514,Sell,202.424,212.56194830275982,192.2860516972402,1.4847185594645833,Neutre,Normal
2025-07-08,210.01,aapl,0.0002857823291260164,121.37201641333873,2.9864652805021485,Hold,70.79296734840328,Sell,202.7285,213.40706145446566,192.04993854553433,1.3637604711175686,Neutre,Normal
2025-07-09,211.14,aapl,0.005380696157325726,122.02508235566086,4.810126582278484,Hold,79.55758962623948,Sell,203.213,214.50877862463676,191.91722137536323,1.4035331717126147,Neutre,Normal
2025-07-10,212.41,aapl,0.006014966373022679,122.75905912269549,4.805842009177486,Hold,79.81167608286248,Sell,203.7,215.71421088369328,191.6857891163067,1.4499495779322404,Neutre,Normal
2025-07-11,211.16,aapl,-0.005884845346264322,122.03664104490551,6.227990743535572,Buy,71.72797262617618,Sell,204.31900000000002,216.53980176540946,192.09819823459057,1.1195664787498953,Neutre,Normal
2025-07-14,208.62,aapl,-0.012028793332070409,120.56868751083627,4.728915662650612,Hold,64.00472069236821,Neutre,204.79,216.90576267773184,192.67423732226814,0.6322342392921508,Neutre,Normal
2025-07-15,209.11,aapl,0.0023487680951010947,120.85187539732996,6.444387884958025,Buy,67.82679077296639,Neutre,205.423,217.01568026771363,193.83031973228637,0.6360910358700299,Neutre,Normal
2025-07-16,210.16,aapl,0.005021280665678196,121.45870658267353,5.9167422638847,Buy,67.55102040816323,Neutre,206.01,217.2944504098603,194.72554959013968,0.7355254087294768,Neutre,Normal
2025-07-17,210.02,aapl,-0.0006661591168632963,121.37779575796105,7.350235125741178,Buy,68.72923588039869,Neutre,206.72899999999998,217.02016514297415,196.43783485702582,0.6395777259967126,Neutre,Normal
2025-07-18,211.18,aapl,0.00552328349680975,122.04819973415016,7.427001729575733,Buy,70.07154213036566,Sell,207.459,216.74072601915748,198.17727398084253,0.8017905273911038,Neutre,Normal
2025-07-21,212.48,aapl,0.006155885974050479,122.79951453505171,5.711442786069654,Buy,66.33884666964684,Neutre,208.033,217.04897202629402,199.01702797370595,0.9864715611430113,Neutre,Normal
2025-07-22,214.4,aapl,0.009036144578313365,123.90914870253712,6.401985111662545,Buy,65.20332717190391,Neutre,208.67800000000003,217.57098860427476,199.7850113957253,1.2868564786531929,Neutre,Normal
2025-07-23,214.15,aapl,-0.0011660447761193682,123.76466508697914,6.914628057913119,Buy,54.95078170237408,Neutre,209.3705,217.65257569964857,201.08842430035142,1.1541792597241833,Neutre,Normal
2025-07-24,213.76,aapl,-0.0018211533971516092,123.53927064670867,6.05278825163722,Buy,50.63444108761322,Neutre,209.98049999999998,217.61197905923567,202.3490209407643,0.9905026196530093,Neutre,Normal
2025-07-25,213.88,aapl,0.0005613772455090871,123.6086227821765,6.407960199004981,Buy,65.03442999234892,Neutre,210.62449999999998,217.16022361394434,204.08877638605563,0.996217157363939,Neutre,Normal
2025-07-28,214.05,aapl,0.000794838227043293,123.70687164075594,6.450169086930568,Buy,65.32625189681343,Neutre,211.273,216.19609316545666,206.34990683454333,1.1281525279615199,Neutre,Normal
2025-07-29,211.27,aapl,-0.012987619715019827,122.10021383575102,2.9731442218648096,Hold,50.43830074173981,Neutre,211.57800000000003,215.5784715511495,207.57752844885056,-0.15398184742072293,Neutre,Normal
2025-07-30,209.05,aapl,-0.010507880910682998,120.81719932959602,0.591858338947171,Hold,39.353612167300426,Neutre,211.6395,215.42897281432442,207.85002718567557,-1.3666808692816235,Neutre,Normal
2025-07-31,207.57,aapl,-0.0070796460176991705,119.96185632549268,-2.292411975145925,Hold,38.78825733916303,Neutre,211.39600000000002,215.57476032989618,207.21723967010385,-1.8311650814848732,Neutre,Normal
2025-08-01,202.38,aapl,-0.02500361323890732,116.96237646650869,-5.230625146335754,Sell,33.27974276527331,Neutre,210.8375,216.51950807720735,205.15549192279266,-2.9769405059194547,Buy,Normal
2025-08-04,203.35,aapl,0.004792963731593991,117.52297289487372,-3.143605620385803,Hold,34.95297805642629,Neutre,210.5075,217.1001877355842,203.9148122644158,-2.1713450680720756,Buy,Normal
2025-08-05,202.92,aapl,-0.002114580772067942,117.27446107611397,-3.3760297128708205,Hold,30.453563714902828,Neutre,210.15300000000002,217.5693548998126,202.73664510018745,-1.950553903557884,Neutre,Normal
2025-08-06,213.25,aapl,0.050906761285235635,123.24452407097036,0.9993369328407775,Hold,55.62521769418318,Neutre,210.2585,217.7930611404329,202.72393885956708,0.7940741190476611,Neutre,Normal
2025-08-07,220.03,aapl,0.03179366940211015,127.16291972490319,3.587401723082717,Hold,62.8896009321293,Neutre,210.6395,219.31621651453816,201.96278348546184,2.1645284790083577,Sell,Normal
2025-08-08,229.35,aapl,0.04235786029177846,132.5492689129053,8.61432089410874,Buy,69.9173553719008,Neutre,211.54899999999998,223.6091455869705,199.48885441302946,2.9520373318265336,Sell,Normal
2025-08-11,227.18,aapl,-0.009461521691737418,131.29515112986186,8.896558335730042,Buy,64.99999999999999,Neutre,212.477,226.31363497272372,198.6403650272763,2.125227705866948,Sell,Normal
2025-08-12,229.65,aapl,0.01087243595386922,132.72264925157486,9.822581416479359,Buy,67.29138777331548,Neutre,213.504,229.21105426501714,197.79694573498284,2.0558915411606487,Sell,Normal
2025-08-13,233.33,aapl,0.016024384933594593,134.8494480725886,11.024933384088321,Buy,70.33880690085222,Sell,214.6625,232.59174911099726,196.73325088900273,2.082351568036381,Sell,Normal
2025-08-14,232.78,aapl,-0.0023571765310933523,134.53158411836097,10.837063136844115,Buy,69.46847960444993,Neutre,215.8005,235.3087465423698,196.2922534576302,1.7407510165634181,Neutre,Normal
2025-08-15,231.59,aapl,-0.005112123034624938,133.8438421083049,9.6647409792594,Buy,67.69572235673928,Neutre,216.821,237.4165865481697,196.2254134518303,1.4341907636820865,Neutre,Normal
2025-08-18,230.89,aapl,-0.0030225830130835574,133.43928798474252,8.664344879518083,Buy,70.66133108677333,Sell,217.7415,239.14977412596878,196.33322587403123,1.2283568420913031,Neutre,Normal
2025-08-19,230.56,aapl,-0.0014292520247736196,133.24856961220598,7.537313432835813,Buy,73.59069971484972,Sell,218.5495,240.6358544202963,196.46314557970368,1.0875946090010156,Neutre,Normal
2025-08-20,226.01,aapl,-0.019734559333795976,130.61896780905045,5.53817417697875,Buy,68.94780106863952,Neutre,219.1425,241.36791918377995,196.91708081622008,0.617986094499569,Neutre,Normal
2025-08-21,224.9,aapl,-0.0049112871111897105,129.97746055597295,5.2114520958084,Buy,75.25796321220278,Sell,219.6995,241.9153146373253,197.4836853626747,0.4681799956381094,Neutre,Normal
2025-08-22,227.76,aapl,0.012716763005780285,131.63035311795642,6.4896203478586045,Buy,76.26425650957606,Sell,220.3935,242.7108232454545,198.0761767545455,0.6601598156714764,Neutre,Normal
2025-08-25,227.16,aapl,-0.0026343519494204104,131.2835924406172,6.1247372109320075,Buy,75.98627787307035,Sell,221.04899999999998,243.3519418876099,198.74605811239005,0.5479994550310775,Neutre,Normal
2025-08-26,229.31,aapl,0.009464694488466208,132.52615153441602,8.538836559852324,Buy,70.87883515340616,Sell,221.95100000000002,244.04693427712328,199.85506572287676,0.6660953918222889,Neutre,Normal
2025-08-27,230.49,aapl,0.005145872399808127,133.20811419984975,10.255919636450606,Buy,65.91600730371275,Neutre,223.023,244.55676306127086,201.48923693872914,0.6935155716865524,Neutre,Normal
2025-08-28,232.56,aapl,0.008980866848887104,134.40443853666994,12.039312039312033,Buy,56.26708317063649,Neutre,224.27249999999998,244.9123856330983,203.63261436690166,0.8030567753447347,Neutre,Normal
2025-08-29,232.14,aapl,-0.001805985552115641,134.16170606253252,14.705010376519411,Buy,60.39396479463532,Neutre,225.7605,243.8936699263797,207.62733007362033,0.7036276642088092,Neutre,Normal
2025-09-02,229.72,aapl,-0.010424743689153027,132.7631046639311,12.967789525448726,Buy,50.14699706005878,Neutre,227.079,241.87967267319172,212.2783273268083,0.3568756715745231,Neutre,Normal
2025-09-03,238.47,aapl,0.038089848511231095,137.82003120846096,17.51921939680663,Buy,58.89889196675899,Neutre,228.85649999999995,239.35403911011724,218.35896088988267,1.831572123553183,Neutre,Normal
2025-09-04,239.78,aapl,0.005493353461651473,138.57712535398485,12.440797186400943,Buy,61.80836707152497,Neutre,230.183,238.93706696462147,221.42893303537852,2.1925808972641314,Sell,Normal
2025-09-05,239.69,aapl,-0.00037534406539330156,138.525111252384,8.935145207471717,Buy,64.1906096706377,Neutre,231.166,239.5261042552065,222.8058957447935,2.039209019359166,Sell,Normal
2025-09-08,237.88,aapl,-0.007551420584922197,137.4790498757441,3.719206453019397,Hold,61.787521079258035,Neutre,231.59250000000003,240.4197994618684,222.76520053813167,1.4245579924325271,Neutre,Normal
2025-09-09,234.35,aapl,-0.014839414831007258,135.4389412240652,3.1560876837749774,Hold,55.76864535768644,Neutre,231.95100000000002,240.6044322974381,223.29756770256193,0.5544620718209613,Neutre,Normal
2025-09-10,226.79,aapl,-0.03225944100704081,131.0697566895914,-1.245373394295668,Hold,51.087562744004465,Neutre,231.808,240.7124201915339,222.90357980846608,-1.1270806839890553,Neutre,Normal
2025-09-11,230.03,aapl,0.014286344195070466,132.94226434722302,-1.4143059186559892,Hold,56.75177678336404,Neutre,231.64299999999997,240.55096946559806,222.7350305344019,-0.36214762662338584,Neutre,Normal
2025-09-12,234.07,aapl,0.017562926574794524,135.27711957464024,0.5541713205601928,Hold,58.05463364820015,Neutre,231.70749999999998,240.66865564680938,222.74634435319058,0.5272757427980116,Neutre,Normal
2025-09-15,236.7,aapl,0.011235955056179803,136.79708721031034,2.2064855995509225,Hold,61.577669902912604,Neutre,231.96299999999997,241.19727961456812,222.7287203854318,1.0259598361147424,Neutre,Normal
2025-09-16,238.15,aapl,0.006125897760878907,137.63509218054674,3.144354454502163,Hold,60.913580246913575,Neutre,232.32600000000002,241.94543077427574,222.7065692257243,1.2108824600255002,Neutre,Normal
2025-09-17,238.99,aapl,0.0035271887465881946,138.1205571288216,3.6563150589868254,Hold,60.58266932270916,Neutre,232.7475,242.7713743954006,222.7236256045994,1.2455263810696466,Neutre,Normal
2025-09-18,237.88,aapl,-0.004644545796895327,137.4790498757441,5.251980000884915,Buy,56.78571428571426,Neutre,233.34099999999998,243.08697979196015,223.5950202080398,0.931460991483773,Neutre,Normal
2025-09-19,245.5,aapl,0.03203295779384563,141.8829104779518,9.15962650066695,Buy,64.39655172413794,Neutre,234.371,244.69773974128555,224.04426025871447,2.15537532247609,Sell,Normal
2025-09-22,256.08,aapl,0.04309572301425657,147.9974570883662,12.434141201264492,Buy,74.15689149560114,Sell,235.78699999999998,249.50615004272407,222.06784995727588,2.958346535580365,Sell,Anomalie
2025-09-23,254.43,aapl,-0.006443298969072031,147.0438652256834,12.004754358161662,Buy,66.8141592920354,Neutre,237.15050000000002,252.57416803939705,221.726831960603,2.2406472903673205,Sell,Normal
2025-09-24,252.31,aapl,-0.008332350744802097,145.8186441657516,10.03009027081243,Buy,62.97907603066086,Neutre,238.30049999999997,254.6638884986558,221.93711150134413,1.7122981589236053,Neutre,Normal
2025-09-25,256.87,aapl,0.01807300542982837,148.45402531352946,11.44518200355764,Buy,66.28744785741372,Neutre,239.61949999999996,257.5132771894397,221.7257228105602,1.9281004583180634,Neutre,Normal
2025-09-26,255.46,aapl,-0.00548915793981386,147.63913772178233,9.8469212246302,Buy,66.79403897592664,Neutre,240.7645,259.65896532718125,221.87003467281875,1.5555348876540382,Neutre,Normal
2025-09-29,254.43,aapl,-0.0040319423784546116,147.0438652256834,9.601964331868707,Buy,70.14446227929375,Sell,241.879,261.25492418169506,222.50307581830492,1.2955253006055087,Neutre,Normal
2025-09-30,254.63,aapl,0.0007860708249813886,147.1594521181298,10.843635730454459,Buy,82.76836158192091,Sell,243.12449999999998,262.4117845760063,223.83721542399365,1.1930658206094003,Neutre,Normal
2025-10-01,255.45,aapl,0.0032203589522050713,147.63335837716002,7.1203925022015335,Buy,81.72740888666999,Sell,243.9735,263.88295004395394,224.0640499560461,1.1528696146466544,Neutre,Normal
2025-10-02,257.13,aapl,0.0065766294773927925,148.60428827370976,7.235799482859284,Buy,80.58355437665784,Sell,244.84099999999998,265.47970344765065,224.2022965523493,1.1908693810316737,Neutre,Normal
2025-10-03,258.02,aapl,0.0034612841753198786,149.1186499450962,7.647377863073124,Buy,79.6440489432703,Sell,245.7575,267.05066754761015,224.46433245238987,1.151777909283045,Neutre,Normal
2025-10-06,256.69,aapl,-0.005154639175257714,148.34999711032768,7.907348242811496,Buy,75.86495535714289,Sell,246.698,268.18689025079243,225.2091097492076,0.9299689172763623,Neutre,Normal
2025-10-07,256.48,aapl,-0.000818107444777616,148.228630873259,9.44314060166418,Buy,74.83669412098843,Sell,247.80449999999996,268.89152017830105,226.71747982169887,0.8228284439095185,Neutre,Normal
2025-10-08,258.06,aapl,0.006160324391765393,149.1417673235855,13.788085894439806,Buy,78.27914798206288,Sell,249.368,268.4347631453844,230.3012368546156,0.9117436382592432,Neutre,Normal
2025-10-09,254.04,aapl,-0.01557777261102078,146.81847078541293,10.437768986653918,Buy,63.31047381546138,Neutre,250.5685,267.4012203605635,233.7357796394365,0.412470465336451,Neutre,Normal
2025-10-10,245.27,aapl,-0.03452212250039355,141.74998555163845,4.784893407954893,Hold,32.14403700033034,Neutre,251.12850000000003,266.3148432762911,235.94215672370893,-0.7715484752865163,Neutre,Normal
2025-10-13,247.66,aapl,0.009744363354670327,143.13124891637287,4.630333755809035,Hold,39.084166397936094,Neutre,251.67650000000003,265.39020160018947,237.9627983998106,-0.5857645320129404,Neutre,Normal
2025-10-14,247.77,aapl,0.0004441573124445153,143.1948217072184,4.039470921688015,Hold,42.17241379310343,Neutre,252.15749999999997,264.47760744143545,239.83739255856452,-0.71225028204604,Neutre,Normal
2025-10-15,249.34,aapl,0.006336521774226167,144.10217881292263,4.330725134942881,Hold,35.52479815455588,Neutre,252.675,263.4372938271145,241.91270617288552,-0.6197563555824541,Neutre,Normal
2025-10-16,247.45,aapl,-0.007580011229646355,143.00988267930416,4.023036825290061,Hold,34.88108720271792,Neutre,253.15349999999998,261.78645344961694,244.52054655038302,-1.3213322725035792,Neutre,Normal
2025-10-17,252.29,aapl,0.0195595069711052,145.80708547650696,2.7657841140529493,Hold,46.468646864686434,Neutre,253.493,261.358605607901,245.62739439209898,-0.3058887160046745,Neutre,Normal
2025-10-20,262.24,aapl,0.03943874113123802,151.5575333757152,2.4054982817869552,Hold,59.500624219725374,Neutre,253.80100000000002,262.52835542026776,245.0736445797323,1.9339191756535834,Neutre,Normal
2025-10-21,262.77,aapl,0.0020210494203782847,151.86383864069813,3.277915340172144,Hold,59.20523138832999,Neutre,254.218,263.82459334985987,244.61140665014008,1.780443844877584,Neutre,Normal
2025-10-22,258.45,aapl,-0.016440232903299434,149.36716176385596,2.4335143276128512,Hold,51.5566037735849,Neutre,254.525,264.2663486583897,244.78365134161032,0.8058432436086976,Neutre,Normal
2025-10-23,259.58,aapl,0.0043722189978718795,150.0202277061781,1.0550083699925938,Hold,51.82926829268293,Neutre,254.6605,264.6123069768944,244.70869302310564,0.9886646739475222,Neutre,Normal
2025-10-24,262.82,aapl,0.012481701209646312,151.89273536380975,2.881077272371413,Hold,56.87991021324355,Neutre,255.02850000000004,265.6280278445041,244.42897215549596,1.4701598249095407,Neutre,Normal
2025-10-27,268.81,aapl,0.02279126398295417,155.35456279257934,5.651849231615769,Buy,62.249155573216754,Neutre,255.7475,267.9983412170928,243.4966587829072,2.1325066203249365,Sell,Normal
2025-10-28,269.0,aapl,0.0007068189427477112,155.46437034040338,5.643482700388791,Buy,61.17695136902329,Neutre,256.466,270.0535320558418,242.87846794415825,1.8449266501801818,Neutre,Normal
2025-10-29,269.7,aapl,0.0026022304832713505,155.86892446396578,5.578391074574274,Buy,67.1635247698378,Neutre,257.1785,271.98179447685646,242.3752055231435,1.6917180185229925,Neutre,Normal
2025-10-30,271.4,aapl,0.006303299962921782,156.85141304976014,5.549721930540974,Buy,83.89105058365756,Sell,257.892,274.0032600049617,241.78073999503826,1.6768396755858912,Neutre,Normal
2025-10-31,270.37,aapl,-0.0037951363301399477,156.25614055366123,4.786450662739328,Hold,80.53240118311378,Sell,258.5095,275.5606817463624,241.45831825363763,1.3911645745644898,Neutre,Normal
2025-11-03,269.05,aapl,-0.004882198468765031,155.49326706351502,4.8151466749775995,Hold,77.70833333333337,Sell,259.1275,276.7861425835864,241.46885741641358,1.123812314908384,Neutre,Normal
2025-11-04,270.04,aapl,0.0036796134547483206,156.06542218112466,5.286961946350588,Buy,77.36647276573247,Sell,259.80550000000005,278.0671140117983,241.5438859882018,1.1208757334798307,Neutre,Normal
2025-11-05,270.14,aapl,0.00037031550881327924,156.12321562734786,4.681081918933572,Hold,81.48764918123793,Sell,260.4095,279.21890355528006,241.6000964447199,1.0346420577773732,Neutre,Normal
2025-11-06,269.77,aapl,-0.0013696601762049898,155.90937987632202,6.191938277436626,Buy,77.69328263624848,Sell,261.196,280.1984745203055,242.19352547969456,0.9024087879542252,Neutre,Normal
2025-11-07,268.47,aapl,-0.004818919820587686,155.15806507542047,9.458963591144464,Buy,63.5966826713227,Neutre,262.356,280.05261448443326,244.65938551556675,0.6909796227270687,Neutre,Normal
2025-11-10,269.43,aapl,0.003575818527209673,155.71288215916314,8.790276992651226,Buy,64.26735218509012,Neutre,263.44449999999995,279.9747319211967,246.91426807880322,0.7241882665088141,Neutre,Normal
2025-11-11,275.25,aapl,0.021601158000222664,159.0764607293533,11.090931105460712,Buy,83.81642512077316,Sell,264.8185,280.4042766130441,249.23272338695583,1.3385922638297836,Neutre,Normal
2025-11-12,273.47,aapl,-0.006466848319709229,158.04773738658037,9.677548728643636,Buy,77.24597881522192,Sell,266.025,280.2414078666771,251.8085921333229,1.0473813173932558,Neutre,Normal
2025-11-13,272.95,aapl,-0.0019014882802502742,157.74721146621974,10.305112143867445,Buy,72.24418093983323,Sell,267.3,278.82039107523957,255.77960892476045,0.9808694797077423,Neutre,Normal
2025-11-14,272.41,aapl,-0.0019783843194722817,157.43512685661446,7.974949462919678,Buy,60.392609699769224,Neutre,268.306,277.60782189285857,259.0041781071414,0.8824077793084539,Neutre,Normal
2025-11-17,267.46,aapl,-0.01817113909181034,154.57435126856615,1.9905430140329416,Hold,46.51268115942022,Neutre,268.56699999999995,277.43498404671425,259.69901595328565,-0.24966215414204013,Neutre,Normal
2025-11-18,267.44,aapl,-7.477753682783028e-05,154.5627925793215,1.7772196217224145,Hold,44.71962616822429,Neutre,268.8005,277.2624258104288,260.3385741895712,-0.32155800712014454,Neutre,Normal
2025-11-19,268.56,aapl,0.004187855219862424,155.21007917702133,3.9117817759721563,Hold,43.1796349663785,Neutre,269.306,276.23320464622464,262.37879535377533,-0.21538269420307968,Neutre,Normal
2025-11-20,266.25,aapl,-0.008601429848078657,153.87505056926545,2.569535403343859,Hold,40.678733031674156,Neutre,269.6395,275.0772606652723,264.2017393347277,-1.2466528810827102,Neutre,Normal
2025-11-21,271.49,aapl,0.019680751173708932,156.90342715136103,3.2988357050452777,Hold,54.688700999231365,Neutre,270.073,274.51239825227003,265.6336017477299,0.6383748064393446,Neutre,Normal
2025-11-24,275.92,aapl,0.01631735975542381,159.46367681904874,2.644990885755738,Hold,59.97963340122202,Neutre,270.42850000000004,275.5312104252902,265.32578957470986,2.1523855136998806,Sell,Normal
2025-11-25,276.97,aapl,0.003805450855320469,160.0705080043923,2.9628252788104215,Hold,61.229858599145096,Neutre,270.827,276.6534988132848,265.0005011867152,2.108641981010488,Sell,Normal
2025-11-26,277.55,aapl,0.002094089612593386,160.40570999248686,2.9106414534668223,Hold,62.70411495754416,Neutre,271.21950000000004,277.7423488287146,264.69665117128545,1.9410230610073778,Neutre,Normal
2025-11-28,278.85,aapl,0.004683840749414525,161.15702479338844,2.745025792188671,Hold,66.94970607446112,Neutre,271.592,278.9550331278804,264.22896687211954,1.9714701465941602,Neutre,Normal
2025-12-01,283.1,aapl,0.01524116908732287,163.61324625787438,4.7083626141953605,Hold,70.15629607785314,Sell,272.2285,281.176958908788,263.280041091212,2.429803860265476,Sell,Normal
2025-12-02,286.19,aapl,0.010914871070293097,165.39906374617118,6.370563092362014,Buy,67.54329698524694,Neutre,273.0855,283.85081951270803,262.320180487292,2.43457706657581,Sell,Normal
2025-12-03,284.15,aapl,-0.007128131660784853,164.22007744321792,5.2251518293585875,Buy,66.98473282442737,Neutre,273.791,285.52202929930786,262.05997070069213,1.7660854364435261,Neutre,Normal
2025-12-04,280.7,aapl,-0.012141474573288735,162.2262035485176,3.9090841785740738,Hold,61.27436718068083,Neutre,274.319,286.3059207669799,262.3320792330201,1.0646604118010992,Neutre,Normal
2025-12-05,278.78,aapl,-0.006840042750267283,161.11656938103218,3.3398821218074692,Hold,58.90909090909082,Neutre,274.7695,286.7137379413745,262.82526205862547,0.6715371913527796,Neutre,Normal
2025-12-08,277.89,aapl,-0.003192481526651747,160.60220770964574,3.50877192982455,Hold,66.45629536131273,Neutre,275.2405,286.87778033882415,263.60321966117584,0.45534694066976433,Neutre,Normal
2025-12-09,277.18,aapl,-0.0025549677930115644,160.19187424146102,2.8764428608544,Hold,65.04014823965413,Neutre,275.62800000000004,286.9628231012671,264.293176898733,0.27384635580708455,Neutre,Normal
2025-12-10,278.78,aapl,0.005772422252687592,161.11656938103218,1.2824704813805488,Hold,65.55082166768105,Neutre,275.8045,287.2241570600258,264.38484293997425,0.521118976578662,Neutre,Normal
2025-12-11,278.03,aapl,-0.0026902934213358654,160.6831185343582,1.667458953450085,Hold,68.8178913738019,Neutre,276.03249999999997,287.43798321504164,264.6270167849583,0.35027012224535714,Neutre,Normal
2025-12-12,278.28,aapl,0.0008991835413445504,160.82760214991617,1.9527385968125976,Hold,62.90383884454575,Neutre,276.29900000000004,287.65016947372516,264.9478305262749,0.3490389258279363,Neutre,Normal
2025-12-15,274.11,aapl,-0.014984907287623805,158.41761544240885,0.6240593223449942,Hold,46.52591170825334,Neutre,276.384,287.6375924556593,265.13040754434076,-0.4041376136482422,Neutre,Normal
2025-12-16,274.61,aapl,0.001824085221261429,158.70658267352482,2.673296941598746,Hold,45.372549019607796,Neutre,276.7415,287.22967936135564,266.2533206386443,-0.4064575798262182,Neutre,Normal
2025-12-17,271.84,aapl,-0.010087032518845018,157.10570421314222,1.6452288363745016,Hold,39.689418562657906,Neutre,276.9615,286.79214869092516,267.13085130907484,-1.0419454831557062,Neutre,Normal
2025-12-18,272.19,aapl,0.0012875220718069347,157.30798127492343,1.3516532618409238,Hold,37.54674644726993,Neutre,277.14300000000003,286.44009654734776,267.8459034526523,-1.0654939366877958,Neutre,Normal
2025-12-19,273.67,aapl,0.0054373783019214805,158.16332427902677,2.7868544600939016,Hold,30.329578639966584,Neutre,277.514,285.4773698236079,269.55063017639213,-0.9654204401268005,Neutre,Normal
2025-12-22,270.97,aapl,-0.00986589688310735,156.60290123100043,-0.191535599837922,Hold,17.726887192536083,Buy,277.48799999999994,285.537116590963,269.43888340903686,-1.6195566125400245,Neutre,Normal
2025-12-23,272.36,aapl,0.005129719157102253,157.40623013350287,-1.2902290518991055,Hold,24.291321412996098,Buy,277.31,285.65705620974245,268.96294379025755,-1.186046883025054,Neutre,Normal
2025-12-24,273.81,aapl,0.005323836099280221,158.24423510373924,-1.140917788930218,Hold,33.54037267080744,Neutre,277.152,285.64451707775544,268.65948292224454,-0.7870458120723047,Neutre,Normal
2025-12-26,273.4,aapl,-0.0014973887001936692,158.0072819742241,-1.4952260853900334,Hold,36.14830072090626,Neutre,276.9445,285.5973546552215,268.2916453447785,-0.8192671993770555,Neutre,Normal
2025-12-29,273.76,aapl,0.0013167520117045584,158.21533838062763,-1.8253541330464529,Hold,39.068290100582324,Neutre,276.68999999999994,285.40606139927695,267.97393860072293,-0.6723220192650285,Neutre,Normal
2025-12-30,273.08,aapl,-0.002483927527761609,157.82234294630987,-3.5393853761921723,Hold,39.130434782608646,Neutre,276.189,284.4960063009719,267.88199369902816,-0.7485247723084785,Neutre,Normal
2025-12-31,271.86,aapl,-0.004467555295151526,157.11726290238687,-5.007163073482646,Sell,31.277056277056403,Neutre,275.47249999999997,282.5246810736048,268.4203189263951,-1.0245057414991596,Neutre,Normal
2026-01-02,271.01,aapl,-0.003126609284190507,156.62601860948968,-4.6243181418265,Hold,31.108719052744974,Neutre,274.81550000000004,280.83677622423966,268.79422377576043,-1.2640177458328155,Neutre,Normal
2026-01-05,267.26,aapl,-0.01383712778126267,154.45876437611975,-4.788029925187032,Hold,25.04528985507254,Buy,274.1435,280.395092723388,267.891907276612,-2.2021588112251647,Buy,Normal
2026-01-06,262.36,aapl,-0.018334206390780428,151.62688551118305,-5.889949063777877,Sell,24.243752740026366,Buy,273.3225,281.1295733784825,265.51542662151746,-2.8083507016122784,Buy,Normal
2026-01-07,260.33,aapl,-0.007737459978655381,150.4536785528521,-6.319047104969588,Sell,20.665571076417464,Buy,272.4445,281.8705523075904,263.0184476924096,-2.5704291902230945,Buy,Normal
2026-01-08,259.04,aapl,-0.004955249106902593,149.70814309657285,-6.5444837289847735,Sell,22.003499562554794,Buy,271.5375,282.4229550469474,260.65204495305267,-2.2961832915758036,Buy,Normal
2026-01-09,259.37,aapl,0.0012739345274861424,149.8988614691094,-6.9624793744170965,Sell,21.935201401050776,Buy,270.567,282.17098497795405,258.96301502204597,-1.9298542735573623,Neutre,Normal
2026-01-12,260.25,aapl,0.0033928364884141526,150.40744379587355,-6.3949933460417885,Sell,19.82913669064739,Buy,269.678,281.5947014157332,257.7612985842668,-1.5823170642762816,Neutre,Normal
2026-01-13,261.05,aapl,0.00307396733909715,150.86979136565915,-6.191605577116555,Sell,25.614552605702983,Buy,268.8165,280.6053551741018,257.0276448258982,-1.317600375151229,Neutre,Normal
2026-01-14,259.96,aapl,-0.0041754453169892125,150.23984280182626,-5.162161176170166,Sell,19.061876247504927,Buy,268.10900000000004,280.25327809820214,255.96472190179796,-1.342031191002862,Neutre,Normal
2026-01-15,258.21,aapl,-0.006731804893060467,149.22845749292028,-5.972105895633817,Sell,11.651917404129804,Buy,267.28900000000004,279.794373834356,254.78362616564408,-1.4520157686221837,Neutre,Anomalie
2026-01-16,255.53,aapl,-0.010379148754889322,147.6795931341386,-5.999852854620357,Sell,10.482087571870878,Buy,266.4735,279.8276829047225,253.11931709527752,-1.6389621256617681,Neutre,Anomalie
2026-01-20,246.7,aapl,-0.03455562947599111,142.5764318326302,-9.364781953782286,Sell,6.467181467181433,Buy,265.19899999999996,280.91297889242963,249.48502110757028,-2.3544641527948054,Buy,Anomalie
2026-01-21,247.65,aapl,0.0038508309687881326,143.12546957175056,-9.507801366609424,Sell,9.441786283891588,Buy,263.898,280.91360225205517,246.8823977479449,-1.9097766578362054,Neutre,Anomalie
2026-01-22,248.35,aapl,0.0028265697557035008,143.53002369531296,-8.347787577960675,Sell,11.871553681479057,Buy,262.767,280.78111621917753,244.75288378082246,-1.6006336169466815,Neutre,Anomalie
2026-01-23,248.04,aapl,-0.0012482383732635993,143.35086401202105,-8.929358202379213,Sell,12.083195774182883,Buy,261.551,280.11355755972306,242.98844244027694,-1.455726125726996,Neutre,Anomalie
2026-01-26,255.41,aapl,0.029712949524270282,147.61024099867075,-6.719988313063807,Sell,32.52727808905928,Neutre,260.631,278.4440725503587,242.81792744964122,-0.5861987015704178,Neutre,Normal
2026-01-27,258.27,aapl,0.011197682158098576,149.2631335606542,-5.534016093635696,Sell,43.58330718544081,Neutre,259.8745,276.65972216588233,243.0892778341177,-0.19118007305990162,Neutre,Normal
2026-01-28,256.44,aapl,-0.0070856080845626,148.2055134947697,-6.326709526592634,Sell,43.85854120618884,Neutre,259.0085,274.5158636498456,243.50113635015447,-0.3312619808236211,Neutre,Normal
2026-01-29,258.28,aapl,0.007175167680548933,149.26891290527652,-5.41965724329867,Sell,48.820608317814944,Neutre,258.2685,272.289864563075,244.24713543692502,0.0016403538968297684,Neutre,Normal
2026-01-30,259.48,aapl,0.004646120489391503,149.96243425995493,-4.553814463326711,Hold,50.16621335750985,Neutre,257.6495,270.15566096591556,245.14333903408442,0.2927357172179207,Neutre,Normal
2026-02-02,270.01,aapl,0.040581162324649256,156.0480841472577,-0.36899007416700824,Hold,61.41787552643891,Neutre,257.5995,269.8868344717713,245.31216552822866,2.020047558485798,Sell,Normal
2026-02-03,269.48,aapl,-0.0019628902633235246,155.74177888227476,0.8306517997455742,Hold,59.92465269602073,Neutre,257.7105,270.39885267811934,245.0221473218807,1.8551659618188467,Neutre,Normal
2026-02-04,276.49,aapl,0.026013062193854797,159.79309946252096,5.385729531940853,Buy,67.07997520148797,Neutre,258.41700000000003,273.53611874346774,243.29788125653232,2.3907478083414753,Sell,Normal
2026-02-05,275.91,aapl,-0.0020977250533472658,159.45789747442643,5.984711712057789,Buy,68.74205844980949,Neutre,259.196,276.2161149108659,242.17588508913414,1.9640290429918952,Neutre,Normal
2026-02-06,278.12,aapl,0.00800985828712264,160.73513263595908,7.3656578134650985,Buy,74.16042780748668,Sell,260.15,279.15632360142905,241.1436763985709,1.890949599390056,Neutre,Normal
2026-02-09,274.62,aapl,-0.01258449590104993,158.71236201814713,5.8796314145814765,Buy,83.703524867214,Sell,260.9125,280.9809931120802,240.84400688791985,1.36607167498279,Neutre,Normal
2026-02-10,273.68,aapl,-0.0034229116597480624,158.16910362364908,5.160422670509135,Buy,81.42960637527176,Sell,261.584,282.4423588192292,240.7256411807708,1.1598227938095271,Neutre,Normal
2026-02-11,275.5,aapl,0.006650102309266215,159.2209443449113,5.53533805784332,Buy,81.91864566188582,Sell,262.3065,284.0684545126504,240.5445454873496,1.2125289566551087,Neutre,Normal
2026-02-12,261.73,aapl,-0.04998185117967324,151.26278679997688,0.6808739806124064,Hold,62.22539739239155,Neutre,262.395,284.1311561507702,240.65884384922975,-0.06118837161338662,Neutre,Normal
2026-02-13,255.78,aapl,-0.022733351163412796,147.8240767496966,-0.9410944579992919,Hold,50.33901411031703,Neutre,262.27349999999996,284.13495878024014,240.4120412197598,-0.5940591673479002,Neutre,Normal
2026-02-17,263.88,aapl,0.03166783954961283,152.50534589377565,3.267718076155446,Hold,54.68985119545228,Neutre,262.691,284.3279857809342,241.05401421906572,0.10990440277016095,Neutre,Normal
2026-02-18,264.35,aapl,0.0017811126269517974,152.77697509102467,7.15443858937983,Buy,56.766467065868284,Neutre,263.5735,283.8620503360143,243.28494966398577,0.07654563654275796,Neutre,Normal
2026-02-19,260.58,aapl,-0.01426139587667874,150.59816216841008,5.221078134463952,Buy,51.904604173567414,Neutre,264.21999999999997,283.15069910017047,245.28930089982947,-0.384560546944323,Neutre,Normal
2026-02-20,264.58,aapl,0.015350372246526911,152.90990001733803,6.5351318703442685,Buy,54.03608736942068,Neutre,265.0315,282.42699884309576,247.63600115690426,-0.05190998017044045,Neutre,Normal
2026-02-23,266.18,aapl,0.0060473202812005855,153.83459515690922,7.3133365586195875,Buy,46.47004608294933,Neutre,265.93850000000003,281.38634812131113,250.49065187868894,0.031266490724596384,Neutre,Normal
2026-02-24,272.14,aapl,0.022390863325569166,157.27908455181182,6.550252535139567,Buy,52.22855227882035,Neutre,266.775,281.62254596062195,251.92745403937803,0.7226783488973653,Neutre,Normal
2026-02-25,274.23,aapl,0.007679870654810239,158.48696757787667,6.179579509815314,Buy,47.936449963476996,Neutre,267.573,282.20995122123395,252.93604877876598,0.9096156568920791,Neutre,Normal
2026-02-26,272.95,aapl,-0.00466761477591815,157.74721146621974,6.4381531742317755,Buy,47.331410025243386,Neutre,268.3985,282.23195338777464,254.56504661222542,0.6580424818610212,Neutre,Normal
2026-02-27,264.18,aapl,-0.03213042681809852,152.67872623244526,2.2843425739507595,Hold,38.761689777491156,Neutre,268.6935,281.8536652125346,255.53333478746532,-0.6859336379304721,Neutre,Normal
2026-03-02,264.72,aapl,0.002044060867590458,152.99081084205054,2.0194234623092333,Hold,41.618692854724046,Neutre,268.95550000000003,281.53936180371085,256.3716381962892,-0.6731637816860024,Neutre,Normal
2026-03-03,263.75,aapl,-0.0036642490178302456,152.4302144136855,-2.3184326506425657,Hold,41.59756303943139,Neutre,268.64250000000004,281.4257569361213,255.85924306387884,-0.765454379028473,Neutre,Normal
2026-03-04,262.52,aapl,-0.004663507109004761,151.71935502514015,-2.582751966750796,Hold,38.905982905982924,Neutre,268.2945,281.35764135671116,255.2313586432889,-0.8840905632600269,Neutre,Normal
2026-03-05,260.29,aapl,-0.00849459088831317,150.43056117436285,-5.859163080039053,Sell,48.46678023850087,Neutre,267.48449999999997,280.41631059493636,254.55268940506357,-1.1126825508590477,Neutre,Normal
2026-03-06,257.46,aapl,-0.010872488378347422,148.7950066462463,-6.686963140154411,Sell,51.91605839416055,Neutre,266.562,279.595011688952,253.52898831104798,-1.3967608128082514,Neutre,Normal
2026-03-09,259.88,aapl,0.009399518371785875,150.1936080448477,-6.558320149575724,Sell,44.758909853249506,Neutre,265.65,277.80045158355676,253.4995484164432,-0.9497589386403579,Neutre,Normal
2026-03-10,260.83,aapl,0.003655533323072113,150.7426457839681,-5.0214842327580005,Sell,45.44513457556933,Neutre,264.9605,276.5183389438847,253.40266105611533,-0.714752994924801,Neutre,Normal
2026-03-11,260.81,aapl,-7.66782962081658e-05,150.73108709472345,-4.702572347266887,Hold,50.32960733734596,Neutre,264.317,275.2467991506628,253.38720084933723,-0.6417318290404891,Neutre,Normal
2026-03-12,255.76,aapl,-0.01936275449560987,147.81251806045194,-7.165154264972784,Sell,37.729549248747965,Neutre,263.33,273.5498650727593,253.11013492724067,-1.4814285601827664,Neutre,Normal
2026-03-13,250.12,aapl,-0.02205192367844855,144.55296769346356,-4.435869025331451,Hold,29.91495747873941,Buy,262.7495,274.5488870938119,250.9501129061881,-2.140704411100038,Buy,Normal
2026-03-16,252.82,aapl,0.010794818487126046,146.1133907414899,-1.1572445069982007,Hold,23.692810457516416,Buy,262.60150000000004,274.8352260752541,250.36777392474596,-1.5991039753269776,Neutre,Normal
2026-03-17,254.23,aapl,0.005577090420061603,146.92827833323702,-3.656965287251779,Hold,22.25305216426193,Buy,262.119,274.88981854525895,249.3481814547411,-1.2354728825003582,Neutre,Normal
2026-03-18,249.94,aapl,-0.016874483735200396,144.4489394902618,-5.451106487611135,Sell,20.53777208706788,Buy,261.3985,275.2219267592576,247.57507324074243,-1.6578378428961138,Neutre,Normal
2026-03-19,248.96,aapl,-0.00392094102584617,143.88256371727445,-4.459283137616077,Hold,25.655790147152928,Buy,260.8175,275.72040663984467,245.91459336015535,-1.5913003129601013,Neutre,Normal
2026-03-20,247.99,aapl,-0.003896208226221054,143.32196728890943,-6.270315216569644,Sell,23.60366046071313,Buy,259.988,275.8265666549832,244.14943334501683,-1.5150360839281052,Neutre,Normal
2026-03-23,251.49,aapl,0.014113472317432096,145.34473790672138,-5.518821849876021,Sell,32.0864991233197,Neutre,259.2535,275.2447558672125,243.26224413278746,-0.9709681421479552,Neutre,Normal
2026-03-24,251.64,aapl,0.0005964451866873333,145.43142807605616,-7.5328874843830445,Sell,33.584791792395876,Neutre,258.22850000000005,273.3460203689426,243.1109796310575,-0.8716376547486563,Neutre,Normal
2026-03-25,252.62,aapl,0.003894452392306569,145.99780384904352,-7.880246508405353,Sell,37.97428661022261,Neutre,257.148,270.4273462109247,243.8686537890753,-0.6819612845510269,Neutre,Normal
2026-03-26,252.89,aapl,0.0010687989866200454,146.15384615384613,-7.349331379373513,Sell,42.20934197067847,Neutre,256.145,267.25144289069794,245.03855710930202,-0.5861462633956679,Neutre,Normal
2026-03-27,248.8,aapl,-0.016173039661512845,143.79009420331735,-5.821788174729347,Sell,32.129032258064484,Neutre,255.37599999999998,266.2676934065957,244.48430659340426,-1.2075257270862425,Neutre,Normal
2026-03-30,246.63,aapl,-0.008721864951768521,142.53597642027393,-6.8336355394379105,Sell,27.963997517070098,Buy,254.47149999999996,265.0972626847064,243.84573731529355,-1.4759411126857156,Neutre,Normal
2026-03-31,253.79,aapl,0.02903134249685757,146.67398716985494,-3.7763033175355454,Hold,41.0823170731707,Neutre,253.97349999999997,263.66040113939073,244.28659886060925,-0.03788621301270395,Neutre,Normal
2026-04-01,255.63,aapl,0.0072500886559754285,147.73738658036177,-2.624561938138037,Hold,49.82019363762103,Neutre,253.629,262.49108933426754,244.7669106657324,0.45158651070298234,Neutre,Normal
2026-04-02,255.92,aapl,0.0011344521378555683,147.90498757440906,-1.6788966153136964,Hold,59.415584415584405,Neutre,253.4105,261.783060383093,245.037939616907,0.5994582027900311,Neutre,Normal
2026-04-06,258.86,aapl,0.01148796498905913,149.6041148933711,0.5437737901033302,Hold,59.72938144329901,Neutre,253.48049999999998,262.01741050982434,244.94358949017564,1.2602919976282443,Neutre,Normal
2026-04-07,253.5,aapl,-0.020706173221046176,146.50638617580768,-2.454979221178999,Hold,48.95684481280367,Neutre,253.1615,261.15078301902065,245.17221698097936,0.08473851763521703,Neutre,Normal
2026-04-08,258.9,aapl,0.02130177514792897,149.62723227186038,-0.7399455584096937,Hold,62.40997229916896,Neutre,253.065,260.70319074747766,245.42680925252233,1.5278487256754745,Neutre,Normal
2026-04-09,260.49,aapl,0.006141367323291069,150.54614806680922,-0.12269468195237332,Hold,65.70416780168891,Neutre,253.04899999999998,260.61992471582886,245.47807528417113,1.9656779797170132,Neutre,Normal
2026-04-10,260.48,aapl,-3.838918960419324e-05,150.5403687221869,1.8454801376290408,Hold,67.46853146853148,Neutre,253.28500000000003,261.4802630733993,245.0897369266007,1.7558923821137493,Neutre,Normal
2026-04-13,259.2,aapl,-0.004914004914005066,149.80061261052995,3.630257476411325,Hold,61.49716671637335,Neutre,253.73900000000003,262.1978014579716,245.2801985420285,1.2911994748034974,Neutre,Normal
2026-04-14,258.83,aapl,-0.001427469135802495,149.5867768595041,2.3771853492603467,Hold,60.65185185185183,Neutre,254.0395,262.78305696619924,245.29594303380074,1.095778301329548,Neutre,Normal
2026-04-15,266.43,aapl,0.029362902291079074,153.9790787724672,4.79880423238801,Hold,67.10428536041613,Neutre,254.6495,265.00306734861107,244.2959326513889,2.275640772565284,Sell,Normal
2026-04-16,263.4,aapl,-0.011372593176444235,152.22793735190427,5.385292470192837,Buy,62.18409459772776,Neutre,255.3225,266.1271381366189,244.51786186338109,1.4951912128595686,Neutre,Normal
2026-04-17,270.23,aapl,0.025930144267274358,156.17522972894875,8.543541131105403,Buy,73.35949422280349,Sell,256.38599999999997,268.6433069936657,244.12869300633426,2.2588974898245273,Sell,Normal
2026-04-20,273.05,aapl,0.010435554897679777,157.80500491244294,10.105246179281412,Buy,78.39638865004292,Sell,257.639,271.32297741502316,243.95502258497683,2.2524152930975747,Sell,Normal
2026-04-21,266.17,aapl,-0.025196850393700787,153.82881581228688,5.837210227046796,Buy,63.38667820069202,Neutre,258.373,272.24182926794066,244.50417073205935,1.1243919510962137,Neutre,Normal
2026-04-22,273.17,aapl,0.026298981853702497,157.87435704791076,8.555873470036568,Buy,67.06225680933849,Neutre,259.4495,274.4166703545187,244.4823296454813,1.8334126858999327,Neutre,Normal
2026-04-23,273.43,aapl,0.0009517882637184449,158.02462000809106,8.237669226506217,Buy,67.04302121861005,Neutre,260.49,276.3262435737283,244.65375642627174,1.6342259374523602,Neutre,Normal
2026-04-24,271.06,aapl,-0.008667666313133204,156.65491533260126,7.184942069674571,Buy,62.00787401574799,Neutre,261.39849999999996,277.48179538765146,245.31520461234845,1.2014328863745167,Neutre,Normal
2026-04-27,267.61,aapl,-0.01272780934110529,154.66104143790096,7.5602893890675205,Buy,64.43035385559418,Neutre,262.33900000000006,277.49338849068005,247.18461150932006,0.6956400785477613,Neutre,Normal
2026-04-28,270.71,aapl,0.011584021523859178,156.45263827082007,9.763613510116365,Buy,62.674393646705276,Neutre,263.543,277.19408223973215,249.8919177602679,1.0500266387876669,Neutre,Normal
2026-04-29,270.17,aapl,-0.001994754534372478,156.14055366121482,6.454155010047691,Buy,60.6280193236715,Neutre,264.36199999999997,277.5053643053557,251.2186356946442,0.883791982792923,Neutre,Normal
2026-04-30,271.35,aapl,0.004367620387163651,156.82251632664855,6.149512967961512,Buy,61.635624063369725,Neutre,265.148,277.9688836217419,252.32711637825815,0.967484017947491,Neutre,Normal
2026-05-01,280.14,aapl,0.032393587617468134,161.90256024966766,9.463894967177232,Buy,69.31021763187016,Neutre,266.35900000000004,280.0553704758112,252.66262952418887,2.0123579490403314,Sell,Normal
2024-05-02,501.9,atw,,100.0,,Hold,,Neutre,,,,,Neutre,
2024-05-03,508.9,atw,0.013947001394700065,101.39470013947,,Hold,,Neutre,,,,,Neutre,
2024-05-06,505.0,atw,-0.0076635881312634435,100.61765291890816,,Hold,,Neutre,,,,,Neutre,
2024-05-07,509.6,atw,0.009108910891089117,101.53417015341701,,Hold,,Neutre,,,,,Neutre,
2024-05-08,512.1,atw,0.004905808477237095,102.03227734608488,,Hold,,Neutre,,,,,Neutre,
2024-05-09,517.7,atw,0.010935364186682284,103.1480374576609,,Hold,,Neutre,,,,,Neutre,
2024-05-10,513.0,atw,-0.009078616959629193,102.2115959354453,,Hold,,Neutre,,,,,Neutre,
2024-05-13,513.8,atw,0.001559454191033094,102.37099023709901,,Hold,,Neutre,,,,,Neutre,
2024-05-14,513.0,atw,-0.0015570260801867075,102.2115959354453,,Hold,,Neutre,,,,,Neutre,
2024-05-15,510.0,atw,-0.005847953216374324,101.61386730424388,,Hold,,Neutre,,,,,Neutre,
2024-05-16,508.4,atw,-0.0031372549019608176,101.29507870093644,,Hold,,Neutre,,,,,Neutre,
2024-05-17,508.5,atw,0.00019669551534229335,101.31500298864316,,Hold,,Neutre,,,,,Neutre,
2024-05-20,507.7,atw,-0.0015732546705998773,101.15560868698945,,Hold,,Neutre,,,,,Neutre,
2024-05-21,507.8,atw,0.0001969667126255903,101.17553297469617,,Hold,,Neutre,,,,,Neutre,
2024-05-22,514.9,atw,0.01398188263095701,102.59015740187287,,Hold,65.2582159624413,Neutre,,,,,Neutre,
2024-05-23,510.5,atw,-0.008545348611380787,101.71348874277746,,Hold,52.000000000000036,Neutre,,,,,Neutre,
2024-05-24,508.1,atw,-0.004701273261508265,101.2353058378163,,Hold,54.02597402597405,Neutre,,,,,Neutre,
2024-05-27,506.9,atw,-0.002361739814997099,100.99621438533572,,Hold,46.15384615384609,Neutre,,,,,Neutre,
2024-05-28,514.0,atw,0.01400670743736443,102.41083881251245,,Hold,52.392947103274516,Neutre,,,,,Neutre,
2024-05-29,515.5,atw,0.0029182879377431803,102.70970312811318,,Hold,46.910112359550496,Neutre,510.36499999999995,518.0990736185299,502.6309263814699,1.3278901270598527,Neutre,
2024-05-30,512.0,atw,-0.006789524733268659,102.01235305837817,2.012353058378169,Hold,48.54651162790697,Neutre,510.87,517.5197645387677,504.22023546123233,0.3398616577811648,Neutre,
2024-05-31,515.0,atw,0.005859375,102.61008168957962,1.1986637846335357,Hold,51.63934426229514,Neutre,511.175,518.0015349151212,504.34846508487885,1.1206270963406078,Neutre,
2024-06-03,515.0,atw,0.0,102.61008168957962,1.980198019801982,Hold,52.79329608938547,Neutre,511.675,518.0469368285763,505.3030631714237,1.0436387206754132,Neutre,
2024-06-04,512.0,atw,-0.005825242718446644,102.01235305837817,0.47095761381474865,Hold,52.79329608938547,Neutre,511.79499999999996,518.0923595134869,505.49764048651303,0.06510665289507328,Neutre,
2024-06-05,511.0,atw,-0.001953125,101.81311018131103,-0.21480179652412223,Hold,53.693181818181856,Neutre,511.73999999999995,518.0453527803137,505.43464721968627,-0.23472120459630663,Neutre,
2024-06-06,512.2,atw,0.0023483365949119595,102.05220163379161,-1.062391346339575,Hold,55.096418732782425,Neutre,511.465,517.1223287354592,505.80767126454083,0.25983994721509374,Neutre,
2024-06-07,511.1,atw,-0.0021475985942991382,101.83303446901775,-0.37037037037036535,Hold,54.644808743169435,Neutre,511.37,516.9824298143542,505.7575701856458,-0.09621501165482262,Neutre,
2024-06-10,509.0,atw,-0.004108784973586466,101.41462442717672,-0.9342156481121022,Hold,51.554404145077704,Neutre,511.13,516.7153567948982,505.5446432051018,-0.7627086605982257,Neutre,
2024-06-11,509.0,atw,0.0,101.41462442717672,-0.7797270955165692,Hold,40.6349206349207,Neutre,510.93,516.5198780704148,505.34012192958517,-0.6905338455286818,Neutre,
2024-06-12,508.5,atw,-0.0009823182711198308,101.31500298864316,-0.2941176470588225,Hold,46.37681159420291,Neutre,510.855,516.5369103533194,505.1730896466807,-0.8289465526763334,Neutre,
2024-06-13,508.9,atw,0.0007866273352998832,101.39470013947,0.09834775767112447,Hold,51.56249999999989,Neutre,510.88,516.5206793170587,505.23932068294124,-0.7020431010896259,Neutre,Normal
2024-06-14,509.0,atw,0.00019650225977607683,101.41462442717672,0.0983284169124854,Hold,54.285714285714306,Neutre,510.90500000000003,516.505554483827,505.30444551617296,-0.6802897839852011,Neutre,Normal
2024-06-19,509.2,atw,0.00039292730844797674,101.45447300259016,0.295450068938341,Hold,36.36363636363639,Neutre,510.98,516.438204833093,505.52179516690705,-0.6522290952541494,Neutre,Normal
2024-06-20,509.2,atw,0.0,101.45447300259016,0.2756990941315429,Hold,30.434782608695713,Neutre,511.05,516.3706647784097,505.72933522159025,-0.6954018255414143,Neutre,Normal
2024-06-21,510.0,atw,0.0015710919088767206,101.61386730424388,-0.9516410953583132,Hold,42.53731343283588,Neutre,510.805,515.8218033437114,505.7881966562887,-0.32092148918258456,Neutre,Normal
2024-06-24,510.0,atw,0.0,101.61386730424388,-0.09794319294809117,Hold,25.961538461538666,Buy,510.78000000000003,515.8081732583305,505.7518267416696,-0.31025183895871783,Neutre,Normal
2024-06-25,518.2,atw,0.01607843137254905,103.24765889619447,1.987797677622516,Hold,58.602150537634465,Neutre,511.285,517.140550673012,505.4294493269881,2.3618615519360335,Sell,Normal
2024-06-26,518.0,atw,-0.0003859513701274242,103.20781032078104,2.1897810218978186,Hold,68.98734177215168,Neutre,511.84000000000003,518.0396264743171,505.640373525683,1.987216496193364,Neutre,Normal
2024-06-27,515.0,atw,-0.00579150579150578,102.61008168957962,0.1945525291828787,Hold,61.235955056179655,Neutre,511.89000000000004,518.1784689794308,505.60153102056927,0.9891119794571874,Neutre,Normal
2024-06-28,515.5,atw,0.000970873786407811,102.70970312811318,0.0,Hold,59.649122807017335,Neutre,511.89000000000004,518.1784689794308,505.60153102056927,1.1481331980194385,Neutre,Normal
2024-07-01,515.0,atw,-0.0009699321047527132,102.61008168957962,0.5859375,Hold,61.81818181818167,Neutre,512.0400000000001,518.4807910596204,505.5992089403798,0.9191417552906701,Neutre,Normal
2024-07-02,513.0,atw,-0.003883495145631022,102.2115959354453,-0.3883495145631022,Hold,62.19512195121945,Neutre,511.94000000000005,518.2480232953548,505.6319767046454,0.3360799256339295,Neutre,Normal
2024-07-03,515.1,atw,0.004093567251461927,102.63000597728633,0.01941747572815622,Hold,66.48648648648646,Neutre,511.94500000000005,518.2633858698248,505.62661413017537,0.9986727828914669,Neutre,Normal
2024-07-04,524.0,atw,0.017278198408076095,104.4032675831839,2.34375,Hold,78.81040892193299,Sell,512.5450000000001,520.8516175268182,504.2383824731819,2.758041997965377,Sell,Normal
2024-07-05,525.1,atw,0.002099236641221358,104.62243474795775,2.7592954990215413,Hold,79.34782608695646,Sell,513.25,523.2294525743756,503.2705474256244,2.3748797665369787,Sell,Normal
2024-07-08,526.0,atw,0.0017139592458579322,104.8017533373182,2.694260054666131,Hold,79.92957746478864,Sell,513.9399999999999,525.4106765734473,502.4693234265526,2.1027530368900598,Sell,Normal
2024-07-09,532.0,atw,0.011406844106463865,105.99721059972107,4.089219330855021,Hold,83.33333333333324,Sell,514.9849999999999,528.9114647722469,501.05853522775294,2.443549066940242,Sell,Normal
2024-07-10,512.1,atw,-0.03740601503759389,102.03227734608488,0.6090373280942973,Hold,52.68022181146028,Neutre,515.14,528.8533665105485,501.4266334894514,-0.443363049862561,Neutre,Normal
2024-07-11,513.0,atw,0.0017574692442881013,102.2115959354453,0.7858546168958647,Hold,52.76752767527675,Neutre,515.3399999999999,528.7904783714578,501.889521628542,-0.3479430151667215,Neutre,Normal
2024-07-12,519.7,atw,0.01306042884990255,103.54652321179518,2.2025565388397395,Hold,57.96387520525454,Neutre,515.9,529.0813265046071,502.71867349539286,0.5765732301179107,Neutre,Normal
2024-07-15,515.0,atw,-0.009043679045603326,102.61008168957962,1.1986637846335357,Hold,47.212543554006935,Neutre,516.205,528.980383401395,503.42961659860515,-0.18864404490098852,Neutre,Normal
2024-07-16,515.0,atw,0.0,102.61008168957962,1.1787819253438192,Hold,47.37762237762238,Neutre,516.505,528.84227343417,504.1677265658299,-0.2439761115825893,Neutre,Normal
2024-07-17,523.0,atw,0.01553398058252431,104.20402470611675,2.7101335428122653,Hold,56.43086816720256,Neutre,517.1949999999999,529.3543758496329,505.03562415036697,0.9548187459268807,Neutre,Normal
2024-07-18,523.1,atw,0.00019120458891008774,104.22394899382348,2.72977219167323,Hold,56.14886731391587,Neutre,517.8900000000001,529.7095021713673,506.07049782863294,0.8815938140983952,Neutre,Normal
2024-07-19,527.8,atw,0.008984897725100138,105.16039051603904,3.4901960784313735,Hold,59.69696969696966,Neutre,518.78,530.7772979414009,506.782702058599,1.5036719174695596,Neutre,Normal
2024-07-22,520.2,atw,-0.014399393709738417,103.64614465032878,2.0000000000000018,Hold,55.02793296089389,Neutre,519.2900000000001,530.5609967802791,508.01900321972107,0.16147640137599997,Neutre,Normal
2024-07-23,520.5,atw,0.0005767012687427631,103.70591751344891,0.4438440756464601,Hold,53.86819484240688,Neutre,519.405,530.6761041816537,508.1338958183463,0.19430216992979096,Neutre,Normal
2024-07-24,523.0,atw,0.004803073967339033,104.20402470611675,0.9652509652509744,Hold,49.21135646687697,Neutre,519.655,531.0163333168624,508.2936666831375,0.5888393389595177,Neutre,Normal
2024-07-25,529.0,atw,0.011472275334607929,105.39948196851962,2.7184466019417375,Hold,52.85505124450951,Neutre,520.355,532.2225985244215,508.48740147557857,1.4569080647967776,Neutre,Normal
2024-07-26,540.0,atw,0.020793950850661602,107.59115361625821,4.752667313288073,Hold,58.928571428571445,Neutre,521.58,536.0991851301,507.0608148699001,2.5373324790539673,Sell,Normal
2024-07-29,555.0,atw,0.02777777777777768,110.5797967722654,7.7669902912621325,Buy,63.15789473684213,Neutre,523.58,544.0735522594434,503.08644774055665,3.066330287910111,Sell,Anomalie
2024-07-31,555.0,atw,0.0,110.5797967722654,8.187134502923987,Buy,81.77777777777781,Sell,525.6800000000001,549.8809656179691,501.4790343820311,2.4230438126179665,Sell,Normal
2024-08-01,554.0,atw,-0.0018018018018017834,110.38055389519825,7.5519316637546074,Buy,80.32544378698229,Sell,527.625,554.3652220200996,500.8847779799004,1.9726836957580138,Neutre,Normal
2024-08-02,554.1,atw,0.00018050541516245744,110.40047818290498,5.74427480916031,Buy,78.19672131147544,Sell,529.1299999999999,558.2898931483135,499.9701068516863,1.712626303052434,Neutre,Normal
2024-08-05,535.5,atw,-0.03356794802382246,106.69456066945607,1.9805751285469464,Hold,63.684913217623524,Neutre,529.65,558.8781407298912,500.4218592701087,0.4002991537547443,Neutre,Normal
2024-08-06,545.0,atw,0.017740429505135324,108.58736800159394,3.6121673003802313,Hold,67.77251184834125,Neutre,530.6,560.5547026445987,500.64529735540134,0.9614517073229251,Neutre,Normal
2024-08-07,541.1,atw,-0.007155963302752255,107.8103207810321,1.7105263157894735,Hold,61.270236612702405,Neutre,531.0550000000001,561.3734831588364,500.73651684116373,0.6626320945790675,Neutre,Normal
2024-08-08,537.0,atw,-0.007577157641840748,106.99342498505679,4.862331575864087,Hold,58.244365361803084,Neutre,532.3,561.3600105045805,503.2399894954195,0.3234685685512209,Neutre,Normal
2024-08-09,541.0,atw,0.007448789571694592,107.79039649332536,5.458089668615984,Buy,57.894736842105296,Neutre,533.7,561.5163147886464,505.88368521135374,0.5248718283113167,Neutre,Normal
2024-08-12,540.0,atw,-0.001848428835489857,107.59115361625821,3.906099672888197,Hold,62.857142857142826,Neutre,534.7149999999999,561.8535742169024,507.57642578309736,0.38948250985922916,Neutre,Normal
2024-08-13,540.0,atw,0.0,107.59115361625821,4.854368932038833,Hold,62.711864406779654,Neutre,535.9649999999999,561.5379524055563,510.3920475944435,0.3155677870908149,Neutre,Normal
2024-08-15,544.4,atw,0.008148148148148016,108.46782227535365,5.708737864077662,Buy,63.61323155216283,Neutre,537.4350000000001,561.2535487206485,513.6164512793516,0.5848383192181571,Neutre,Normal
2024-08-16,541.4,atw,-0.005510653930933085,107.87009364415223,3.518164435946458,Hold,58.20105820105818,Neutre,538.355,561.2286092473403,515.4813907526598,0.2662456953839964,Neutre,Normal
2024-08-19,543.2,atw,0.003324713705208815,108.2287308228731,3.842477537755684,Hold,52.4096385542169,Neutre,539.3599999999999,561.1521666273869,517.5678333726129,0.35242021279098334,Neutre,Normal
2024-08-22,543.3,atw,0.00018409425625898201,108.24865511057979,2.936718453959841,Hold,38.64077669902908,Neutre,540.135,561.2892978089437,518.9807021910563,0.2992299747866687,Neutre,Normal
2024-08-23,544.0,atw,0.001288422602613748,108.3881251245268,4.575163398692794,Hold,39.46360153256706,Neutre,541.325,560.3255955585335,522.3244044414666,0.2815701215005951,Neutre,Normal
2024-08-26,541.6,atw,-0.004411764705882337,107.90994221956566,4.05379442843421,Hold,38.43283582089555,Neutre,542.3799999999999,558.6603853568774,526.0996146431223,-0.0958208276894814,Neutre,Normal
2024-08-27,535.0,atw,-0.012186115214180226,106.59493923092249,2.294455066921608,Hold,34.1098169717138,Neutre,542.9799999999999,556.9775336173352,528.9824663826646,-1.1402008694041668,Neutre,Normal
2024-08-28,535.0,atw,0.0,106.59493923092249,1.1342155009451904,Hold,49.397590361445786,Neutre,543.28,556.2342677381467,530.3257322618532,-1.2783431942845547,Neutre,Normal
2024-08-29,537.0,atw,0.0037383177570093906,106.99342498505679,-0.5555555555555536,Hold,38.23529411764706,Neutre,543.1299999999999,556.3116619030502,529.9483380969496,-0.9300799922021005,Neutre,Normal
2024-08-30,544.8,atw,0.014525139664804287,108.5475194261805,-1.8378378378378413,Hold,54.88126649076508,Neutre,542.62,554.6027244068508,530.6372755931492,0.363857154013087,Neutre,Normal
2024-09-02,540.0,atw,-0.008810572687224627,107.59115361625821,-2.7027027027026973,Hold,53.88601036269431,Neutre,541.87,552.376960099207,531.363039900793,-0.3559545258273397,Neutre,Normal
2024-09-03,538.0,atw,-0.0037037037037036535,107.19266786212394,-2.8880866425992746,Hold,45.901639344262286,Neutre,541.0699999999999,550.0074669671828,532.132533032817,-0.6869955461144693,Neutre,Normal
2024-09-04,535.5,atw,-0.004646840148698872,106.69456066945607,-3.356794802382246,Hold,44.094488188976364,Neutre,540.14,546.9974661577929,533.282533842207,-1.3532695293660264,Neutre,Normal
2024-09-05,536.1,atw,0.0011204481792717047,106.81410639569637,0.11204481792717047,Hold,44.96124031007754,Neutre,540.17,546.9467714716493,533.3932285283506,-1.201161944748117,Neutre,Normal
2024-09-06,538.2,atw,0.003917179630666068,107.23251643753737,-1.2477064220183354,Hold,41.48351648351657,Neutre,539.83,546.2598972734704,533.4001027265297,-0.5070065447935995,Neutre,Normal
2024-09-09,536.9,atw,-0.0024154589371981894,106.97350069735008,-0.7761966364812523,Hold,43.51585014409223,Neutre,539.6200000000001,546.1488348279414,533.0911651720588,-0.8332267768084487,Neutre,Normal
2024-09-10,536.0,atw,-0.0016762898118829472,106.79418210798966,-0.18621973929237035,Hold,39.349112426035425,Neutre,539.57,546.1978836822381,532.942116317762,-1.0772669440676137,Neutre,Normal
2024-09-11,534.0,atw,-0.003731343283582045,106.39569635385536,-1.2939001848428888,Hold,36.97478991596647,Neutre,539.22,546.2566259857385,532.1833740142615,-1.48366561206454,Neutre,Normal
2024-09-12,534.0,atw,0.0,106.39569635385536,-1.1111111111111072,Hold,35.71428571428572,Neutre,538.9200000000001,546.3188903862257,531.5211096137745,-1.3299291496896766,Neutre,Normal
2024-09-13,539.5,atw,0.010299625468164875,107.49153217772465,-0.09259259259258856,Hold,47.24409448818895,Neutre,538.8950000000001,546.2818945116558,531.5081054883444,0.1638036116653031,Neutre,Normal
2024-09-18,540.2,atw,0.0012974976830399942,107.63100219167166,-0.7714915503306274,Hold,58.074534161490746,Neutre,538.685,545.6390673444821,531.7309326555178,0.4357162290647702,Neutre,Normal
2024-09-19,549.5,atw,0.017215845982969213,109.4839609483961,1.4961211673439223,Hold,67.46987951807229,Neutre,539.0899999999999,547.5007450073676,530.6792549926322,2.475404970875003,Sell,Normal
2024-09-20,549.7,atw,0.0003639672429482932,109.52380952380953,1.1966126656848264,Hold,65.99496221662473,Neutre,539.4150000000001,548.9249449331526,529.9050550668476,2.162998854839961,Sell,Normal
2024-09-23,549.7,atw,0.0,109.52380952380953,1.177986379532503,Hold,57.68025078369917,Neutre,539.7349999999999,550.180099581295,529.2899004187047,1.9080718039003195,Neutre,Normal
2024-09-24,546.9,atw,-0.005093687465890562,108.96592946802153,0.5330882352941213,Hold,61.53846153846142,Neutre,539.88,550.6498604789874,529.1101395210126,1.303638058022451,Neutre,Normal
2024-09-25,550.0,atw,0.005668312305723289,109.58358238692966,1.5509601181683763,Hold,69.35483870967728,Neutre,540.3,551.9698441788187,528.6301558211812,1.6624043734201666,Neutre,Normal
2024-09-26,550.0,atw,0.0,109.58358238692966,2.8037383177569986,Hold,75.43859649122787,Sell,541.05,553.2036652474627,528.8963347525372,1.4728067324165468,Neutre,Normal
2024-09-27,555.0,atw,0.009090909090909038,110.5797967722654,3.738317757009346,Hold,78.72340425531894,Sell,542.05,555.3452702314142,528.7547297685857,1.9480611938825567,Neutre,Normal
2024-09-30,543.0,atw,-0.021621621621621623,108.18888224745966,1.1173184357541999,Hold,55.60747663551395,Neutre,542.35,555.4345831339592,529.2654168660408,0.09935356645990435,Neutre,Normal
2024-10-01,544.0,atw,0.0018416206261511192,108.3881251245268,-0.1468428781204012,Hold,58.352941176470594,Neutre,542.3100000000001,555.3679114957789,529.2520885042212,0.2588469068037803,Neutre,Normal
2024-10-02,537.0,atw,-0.012867647058823484,106.99342498505679,-0.5555555555555536,Hold,51.02880658436214,Neutre,542.1600000000001,555.3973315803615,528.9226684196386,-0.7796133183904382,Neutre,Normal
2024-10-03,537.0,atw,0.0,106.99342498505679,-0.18587360594795044,Hold,53.21888412017166,Neutre,542.11,555.4208424344894,528.7991575655107,-0.7677951301954584,Neutre,Normal
2024-10-04,538.0,atw,0.0018621973929235924,107.19266786212394,0.46685340802987696,Hold,54.20168067226889,Neutre,542.235,555.3296795141753,529.1403204858248,-0.6468275906127416,Neutre,Normal
2024-10-07,530.0,atw,-0.014869888475836479,105.59872484558677,-1.1378474165267716,Hold,40.51896207584833,Neutre,541.9300000000001,555.8824153728614,527.9775846271388,-1.71009817027165,Neutre,Normal
2024-10-08,525.0,atw,-0.009433962264150941,104.60251046025104,-2.4526198439241975,Hold,36.029411764705856,Neutre,541.2700000000001,557.0892554219622,525.450744578038,-2.0569868259933735,Buy,Normal
2024-10-09,540.0,atw,0.02857142857142847,107.59115361625821,0.577388712981941,Hold,42.09650582362731,Neutre,541.425,557.1242624701059,525.725737529894,-0.18153719038883495,Neutre,Normal
2024-10-10,535.0,atw,-0.0092592592592593,106.59493923092249,-0.1865671641791078,Hold,38.67488443759628,Neutre,541.375,557.1531828051139,525.5968171948861,-0.8080778475875928,Neutre,Normal
2024-10-11,538.0,atw,0.005607476635514086,107.19266786212394,0.7490636704119868,Hold,41.3843888070692,Neutre,541.575,557.0582167200494,526.0917832799507,-0.46179034559023724,Neutre,Normal
2024-10-14,535.0,atw,-0.005576208178438624,106.59493923092249,0.1872659176029856,Hold,41.262848751835556,Neutre,541.625,557.0113746969779,526.2386253030221,-0.8611515227561989,Neutre,Normal
2024-10-15,536.0,atw,0.0018691588785046953,106.79418210798966,-0.6487488415199305,Hold,39.39393939393939,Neutre,541.45,557.016698598713,525.8833014012871,-0.7002126964095854,Neutre,Normal
2024-10-16,533.0,atw,-0.005597014925373123,106.19645347678821,-1.332839689004084,Hold,37.68115942028985,Neutre,541.09,557.1049798297526,525.0750201702475,-1.0103041135238244,Neutre,Normal
2024-10-17,539.9,atw,0.012945590994371425,107.5712293285515,-1.7470427661510524,Hold,39.3511988716502,Neutre,540.61,556.131516475017,525.0884835249831,-0.09148590617970051,Neutre,Normal
2024-10-18,538.0,atw,-0.0035191702167067795,107.19266786212394,-2.128433691104248,Hold,45.888157894736835,Neutre,540.025,554.9754268553745,525.0745731446254,-0.2708952753776406,Neutre,Normal
2024-10-21,538.0,atw,0.0,107.19266786212394,-2.128433691104248,Hold,44.98327759197324,Neutre,539.44,553.6959165925851,525.184083407415,-0.20202138398439226,Neutre,Normal
2024-10-22,538.9,atw,0.0016728624535315983,107.37198645148436,-1.4627902724446917,Hold,51.76908752327745,Neutre,539.04,552.8567556554392,525.2232443445607,-0.02026524945382136,Neutre,Normal
2024-10-23,536.0,atw,-0.005381332343663003,106.79418210798966,-2.5454545454545507,Hold,49.11660777385159,Neutre,538.3399999999999,551.2045412297771,525.4754587702228,-0.3637906643081212,Neutre,Normal
2024-10-24,540.0,atw,0.00746268656716409,107.59115361625821,-1.8181818181818188,Hold,51.67785234899329,Neutre,537.8399999999999,549.5191131602758,526.1608868397241,0.36989109881166016,Neutre,Normal
2024-10-25,545.0,atw,0.0092592592592593,108.58736800159394,-1.8018018018018056,Hold,63.250883392226164,Neutre,537.3399999999999,546.5132792736065,528.1667207263934,1.670067981477348,Neutre,Normal
2024-10-28,545.0,atw,0.0,108.58736800159394,0.36832412523020164,Hold,69.37984496124034,Neutre,537.4399999999999,546.9118196995643,527.9681803004356,1.5963141697783414,Neutre,Normal
2024-10-29,545.0,atw,0.0,108.58736800159394,0.18382352941177516,Hold,56.83060109289619,Neutre,537.49,547.11691402705,527.86308597295,1.5602092173874509,Neutre,Normal
2024-10-30,542.1,atw,-0.005321100917431099,108.00956365809924,0.9497206703910743,Hold,60.28985507246384,Neutre,537.745,547.5850845096928,527.9049154903072,0.8851549995754968,Neutre,Normal
2024-10-31,541.1,atw,-0.0018446781036709492,107.8103207810321,0.7635009310986929,Hold,54.76923076923082,Neutre,537.95,547.895006681483,528.0049933185171,0.6334837372940348,Neutre,Normal
2024-11-01,549.9,atw,0.016263167621511698,109.56365809922295,2.211895910780659,Hold,69.4516971279374,Neutre,538.545,549.83551301804,527.2544869819599,2.011423215553966,Sell,Normal
2024-11-04,548.0,atw,-0.0034551736679395706,109.18509663279539,3.396226415094339,Hold,65.30612244897966,Neutre,539.4449999999999,550.737191060524,528.1528089394759,1.515206385394456,Neutre,Normal
2024-11-05,546.8,atw,-0.0021897810218979297,108.94600518031481,4.152380952380952,Hold,68.44919786096257,Neutre,540.535,550.0203404899635,531.0496595100365,1.3209857899416555,Neutre,Normal
2024-11-07,565.0,atw,0.033284564740307276,112.57222554293685,4.629629629629628,Hold,75.77002053388097,Sell,541.785,556.25359029979,527.31640970021,3.2090203010775595,Sell,Anomalie
2024-11-08,570.1,atw,0.00902654867256647,113.58836421597928,6.560747663551414,Buy,80.92485549132951,Sell,543.54,562.3938311058641,524.6861688941358,2.8174645090290484,Sell,Normal
2024-11-11,570.0,atw,-0.00017540782318892223,113.56843992827257,5.947955390334569,Buy,80.76923076923077,Sell,545.14,567.1768495217021,523.1031504782978,2.25622087907962,Sell,Normal
2024-11-12,570.0,atw,0.0,113.56843992827257,6.542056074766345,Buy,80.43052837573387,Sell,546.89,570.9979065431817,522.7820934568183,1.9172133390019381,Neutre,Normal
2024-11-13,568.1,atw,-0.0033333333333332993,113.18987846184501,5.988805970149258,Buy,82.03592814371258,Sell,548.495,573.794925109106,523.195074890894,1.5498069591473846,Neutre,Normal
2024-11-14,569.7,atw,0.0028164055624009254,113.50866706515244,6.885553470919326,Buy,81.13207547169813,Sell,550.3299999999999,576.2148543401462,524.4451456598537,1.4966280857109646,Neutre,Normal
2024-11-15,578.0,atw,0.014569071441109305,115.16238294480974,7.0568623819225795,Buy,82.35294117647058,Sell,552.2349999999999,580.3957621756914,524.0742378243084,1.8298510416199274,Neutre,Normal
2024-11-19,584.0,atw,0.01038062283737018,116.3578402072126,8.550185873605942,Buy,84.21052631578948,Sell,554.535,585.2028830803766,523.8671169196233,1.9215542150578782,Neutre,Normal
2024-11-20,580.0,atw,-0.006849315068493178,115.56086869894402,7.806691449814118,Buy,78.68852459016394,Sell,556.635,588.2721716747726,524.9978283252274,1.4770599749048503,Neutre,Normal
2024-11-21,575.5,atw,-0.00775862068965516,114.66427575214186,6.791612544071257,Buy,76.67731629392968,Sell,558.4649999999999,590.0168136938039,526.9131863061959,1.079811142732842,Neutre,Normal
2024-11-22,575.0,atw,-0.0008688097306689402,114.56465431360829,7.276119402985071,Buy,77.29468599033814,Sell,560.415,590.9243100544752,529.9056899455247,0.9561015948219169,Neutre,Normal
2024-11-25,561.0,atw,-0.024347826086956514,111.77525403466827,3.8888888888888973,Hold,58.246656760772666,Neutre,561.4649999999999,590.4219753436496,532.5080246563502,-0.03211661400968061,Neutre,Normal
2024-11-26,570.0,atw,0.016042780748663166,113.56843992827257,4.587155963302747,Hold,64.78494623655912,Neutre,562.7149999999999,590.8253296241622,534.6046703758376,0.5183148043727124,Neutre,Normal
2024-11-27,575.0,atw,0.00877192982456143,114.56465431360829,5.504587155963292,Buy,68.03069053708441,Neutre,564.2149999999999,591.535728587035,536.8942714129648,0.789510423606936,Neutre,Normal
2024-11-28,573.1,atw,-0.0033043478260869064,114.18609284718073,5.155963302752298,Buy,56.542810985460434,Neutre,565.62,591.6392317537001,539.6007682462999,0.5749593278392098,Neutre,Normal
2024-11-29,574.0,atw,0.0015704065608095341,114.36541143654115,5.884523150710197,Buy,53.379549393414194,Neutre,567.2149999999999,590.9765589600231,543.4534410399767,0.5710904752853355,Neutre,Normal
2024-12-02,570.0,atw,-0.006968641114982632,113.56843992827257,5.340972093882823,Buy,50.0,Neutre,568.66,589.0039270648808,548.3160729351191,0.13173464451838662,Neutre,Normal
2024-12-03,568.9,atw,-0.0019298245614035592,113.3492727634987,3.455173667939615,Hold,49.12280701754384,Neutre,569.6099999999999,587.9401764427186,551.2798235572812,-0.0774678849621177,Neutre,Normal
2024-12-04,567.0,atw,-0.003339778519950709,112.97071129707112,3.4671532846715314,Hold,49.12280701754384,Neutre,570.56,585.8999924517974,555.2200075482025,-0.4641462518559208,Neutre,Normal
2024-12-05,600.0,atw,0.05820105820105814,119.54572624028692,9.729334308705194,Buy,66.09989373007437,Neutre,573.22,589.6254676379925,556.8145323620075,3.264765210103702,Sell,Anomalie
2024-12-06,575.0,atw,-0.04166666666666663,114.56465431360829,1.7699115044247815,Hold,48.64620938628159,Neutre,573.72,589.6739600759634,557.7660399240367,0.16046172786008855,Neutre,Normal
2024-12-09,579.8,atw,0.0083478260869565,115.52102012353058,1.7014558849324457,Hold,48.08394160583939,Neutre,574.205,590.2848631835029,558.1251368164972,0.6959014434575652,Neutre,Normal
2024-12-10,566.0,atw,-0.023801310796826458,112.77146842000398,-0.7017543859649145,Hold,44.137353433835834,Neutre,574.005,590.4014662431674,557.6085337568326,-0.9764299064544797,Neutre,Normal
2024-12-11,573.3,atw,0.012897526501766787,114.22594142259415,0.5789473684210344,Hold,49.09983633387887,Neutre,574.17,590.4628592689578,557.8771407310421,-0.10679525129853423,Neutre,Normal
2024-12-12,572.0,atw,-0.0022675736961450532,113.96692568240685,0.686498855835227,Hold,48.78048780487804,Neutre,574.365,590.4439204927041,558.2860795072959,-0.29417397779572857,Neutre,Normal
2024-12-13,571.8,atw,-0.00034965034965039887,113.92707710699341,0.36861506055816395,Hold,54.94505494505493,Neutre,574.47,590.4477608601906,558.4922391398095,-0.33421454024293484,Neutre,Normal
2024-12-16,572.5,atw,0.0012242042672263587,114.06654712094044,-0.9515570934256035,Hold,51.238850346878095,Neutre,574.195,590.1061314890969,558.2838685109032,-0.21305838634562865,Neutre,Normal
2024-12-17,575.0,atw,0.004366812227074135,114.56465431360829,-1.5410958904109595,Hold,50.0,Neutre,573.7450000000001,588.9833829781787,558.5066170218215,0.16471563968395403,Neutre,Normal
2024-12-18,571.6,atw,-0.0059130434782608265,113.88722853157999,-1.4482758620689595,Hold,49.24924924924925,Neutre,573.325,588.2982217114828,558.3517782885173,-0.23041133474663525,Neutre,Normal
2024-12-19,571.5,atw,-0.0001749475157453162,113.86730424387328,-0.6950477845351855,Hold,48.738647830474264,Neutre,573.125,588.0827475084479,558.1672524915521,-0.21727870444159042,Neutre,Normal
2024-12-20,574.0,atw,0.004374453193350725,114.36541143654115,-0.17391304347825765,Hold,52.049180327868854,Neutre,573.075,588.0130298849035,558.1369701150966,0.1238449791742306,Neutre,Normal
2024-12-23,574.0,atw,0.0,114.36541143654115,2.317290552584672,Hold,52.64248704663215,Neutre,573.725,587.5398470856601,559.91015291434,0.03981223943990385,Neutre,Normal
2024-12-24,570.0,atw,-0.006968641114982632,113.56843992827257,0.0,Hold,51.521298174442194,Neutre,573.725,587.5398470856601,559.91015291434,-0.5392748796860182,Neutre,Normal
2024-12-25,569.5,atw,-0.0008771929824561431,113.468818489739,-0.9565217391304337,Hold,26.92889561270799,Buy,573.45,587.3764987854529,559.5235012145472,-0.5672638989673527,Neutre,Normal
2024-12-26,570.0,atw,0.0008779631255486642,113.56843992827257,-0.5409178153899852,Hold,43.990384615384606,Neutre,573.295,587.3066455324306,559.2833544675693,-0.4703230598252763,Neutre,Normal
2024-12-27,566.0,atw,-0.007017543859649145,112.77146842000398,-1.3937282229965153,Hold,33.088235294117695,Neutre,572.895,587.2738550894838,558.5161449105161,-0.95904715042893,Neutre,Normal
2024-12-30,566.0,atw,0.0,112.77146842000398,-0.7017543859649145,Hold,50.0,Neutre,572.6949999999999,587.3519868376162,558.0380131623837,-0.9135574827450357,Neutre,Normal
2024-12-31,569.0,atw,0.005300353356890497,113.36919705120543,0.017577781683963956,Hold,40.52863436123359,Neutre,572.7,587.351603109707,558.0483968902931,-0.5050641861229147,Neutre,Normal
2025-01-02,583.0,atw,0.024604569420035194,116.15859733014547,2.821869488536155,Hold,65.53672316384177,Neutre,573.5,588.5820911575411,558.4179088424589,1.2597722558187827,Neutre,Normal
2025-01-03,608.9,atw,0.04442538593481982,121.31898784618448,1.4833333333333254,Hold,80.36006546644845,Sell,573.945,592.4549091527289,555.4350908472712,3.776895900631326,Sell,Anomalie
2025-01-06,605.0,atw,-0.006404992609623905,120.54194062562264,5.217391304347818,Buy,75.27216174183516,Sell,575.445,598.5954438970781,552.294556102922,2.5532987731375862,Sell,Normal
2025-01-07,606.1,atw,0.001818181818181941,120.76110779039651,4.536046912728531,Hold,74.72178060413357,Sell,576.76,603.6394893435238,549.8805106564762,2.1830771875931547,Sell,Normal
2025-01-08,614.2,atw,0.013364131331463414,122.37497509464038,8.515901060070675,Buy,81.50887573964498,Sell,579.17,610.2952884154921,548.0447115845078,2.25090283710042,Sell,Normal
2025-01-09,621.8,atw,0.012373819602735203,123.88922096035067,8.459794174079892,Buy,83.48868175765647,Sell,581.595,617.9180230019504,545.2719769980497,2.2137474624753075,Sell,Normal
2025-01-10,620.0,atw,-0.002894821486008281,123.53058378162982,8.391608391608397,Buy,80.9139784946237,Sell,583.995,623.8226537094546,544.1673462905454,1.8080402256511985,Neutre,Normal
2025-01-13,620.0,atw,0.0,123.53058378162982,8.429520811472546,Buy,80.9139784946237,Sell,586.405,628.87140653753,543.93859346247,1.5821917953104987,Neutre,Normal
2025-01-15,627.5,atw,0.012096774193548487,125.0249053596334,9.606986899563319,Buy,86.9062901155328,Sell,589.155,634.8319652877136,543.4780347122863,1.6789644302536104,Neutre,Normal
2025-01-16,624.7,atw,-0.004462151394422187,124.46702530384542,8.643478260869575,Buy,84.4139650872819,Sell,591.64,639.4332124667825,543.8467875332175,1.3834600477202752,Neutre,Normal
2025-01-17,621.0,atw,-0.005922842964623087,123.72982665869696,8.642407277816645,Buy,80.57553956834538,Sell,594.11,642.6427843616563,545.5772156383438,1.1081169297694224,Neutre,Normal
2025-01-20,622.1,atw,0.0017713365539453463,123.94899382347081,8.853893263342094,Buy,84.84472049689447,Sell,596.6400000000001,645.4845611905262,547.795438809474,1.0424906838937136,Neutre,Normal
2025-01-21,613.8,atw,-0.013341906445909157,122.2952779438135,6.9337979094076685,Buy,76.91441441441441,Sell,598.63,646.8295894282612,550.4304105717388,0.6294659427578119,Neutre,Normal
2025-01-22,613.0,atw,-0.0013033561420657813,122.1358836421598,6.794425087108014,Buy,75.40415704387993,Sell,600.58,647.728169579923,553.4318304200771,0.5268497212366327,Neutre,Normal
2025-01-23,612.6,atw,-0.0006525285481239207,122.05618649133294,7.473684210526321,Buy,70.27397260273978,Sell,602.71,647.8474928763023,557.5725071236977,0.43821662966984765,Neutre,Normal
2025-01-24,615.0,atw,0.003917727717923647,122.5343693962941,7.989464442493421,Buy,56.161616161616195,Neutre,604.985,647.590276421445,562.3797235785551,0.47012956334014205,Neutre,Normal
2025-01-27,614.9,atw,-0.00016260162601633432,122.51444510858738,7.877192982456127,Buy,60.831509846827124,Neutre,607.23,646.6889780324934,567.7710219675066,0.3887581677195953,Neutre,Normal
2025-01-28,617.1,atw,0.003577817531305927,122.9527794381351,9.028268551236751,Buy,61.752136752136764,Neutre,609.7850000000001,644.3126258576929,575.2573741423073,0.4237186784952458,Neutre,Normal
2025-01-29,629.9,atw,0.020742181169988605,125.50308826459454,11.289752650176666,Buy,65.24271844660191,Neutre,612.98,641.802768777486,584.157231222514,1.1740717993211336,Neutre,Normal
2025-01-30,636.0,atw,0.009684076837593203,126.71846981470414,11.7750439367311,Buy,64.20000000000005,Neutre,616.33,638.4173957865571,594.242604213443,1.781106309687411,Neutre,Normal
2025-01-31,631.0,atw,-0.00786163522012584,125.72225542936842,8.23327615780447,Buy,60.338345864661655,Neutre,618.73,635.3142157043006,602.1457842956994,1.479720261575968,Neutre,Normal
2025-02-03,623.8,atw,-0.011410459587955724,124.28770671448494,2.4470356380357883,Hold,53.14569536423837,Neutre,619.475,635.5301516572501,603.4198483427499,0.5387678786636513,Neutre,Normal
2025-02-04,622.1,atw,-0.0027252324462967437,123.94899382347081,2.8264462809917346,Hold,45.05494505494508,Neutre,620.33,634.8912463318669,605.7687536681332,0.24311105789432086,Neutre,Normal
2025-02-05,625.0,atw,0.004661629963028435,124.52679816696555,3.1182973106748113,Hold,50.27422303473487,Neutre,621.275,634.3222622657802,608.2277377342198,0.5710010152505031,Neutre,Normal
2025-02-06,630.1,atw,0.008159999999999945,125.542936840008,2.58873331162488,Hold,58.11051693404636,Neutre,622.0699999999999,635.2391985129757,608.9008014870242,1.2195123328254283,Neutre,Normal
2025-02-07,628.5,atw,-0.0025392794794477647,125.22414823670054,1.0775168864586737,Hold,55.6537102473498,Neutre,622.405,635.8825407721007,608.9274592278992,0.9044676774589349,Neutre,Normal
2025-02-10,630.0,atw,0.0023866348448686736,125.52301255230127,1.6129032258064502,Hold,66.26506024096392,Neutre,622.905,636.743995248,609.0660047519999,1.0253634563571905,Neutre,Normal
2025-02-11,626.0,atw,-0.006349206349206327,124.72604104403268,0.967741935483879,Hold,62.264150943396224,Neutre,623.205,637.0389741978128,609.3710258021873,0.4040776656128028,Neutre,Normal
2025-02-12,640.0,atw,0.022364217252396124,127.5154413229727,1.9920318725099584,Hold,70.57057057057054,Sell,623.83,639.4899522752672,608.1700477247329,2.065140393248615,Sell,Normal
2025-02-13,638.0,atw,-0.0031250000000000444,127.11695556883842,2.1290219305266422,Hold,67.3716012084592,Neutre,624.495,641.3912748931133,607.5987251068867,1.5985772113005137,Neutre,Normal
2025-02-14,645.0,atw,0.01097178683385569,128.51165570830844,3.864734299516903,Hold,70.58823529411765,Sell,625.6949999999999,644.8095549392816,606.5804450607183,2.0199267062532558,Sell,Normal
2025-02-17,648.1,atw,0.004806201550387579,129.12930862721657,4.179392380646196,Hold,70.94594594594594,Sell,626.995,648.470810137295,605.519189862705,1.965467180523168,Neutre,Normal
2025-02-18,657.0,atw,0.013732448696188726,130.90257023311418,7.038123167155441,Buy,69.32952924393724,Neutre,629.155,653.5363107890039,604.773689210996,2.284126578834987,Sell,Normal
2025-02-19,670.0,atw,0.019786910197869156,133.49272763498706,9.298531810766718,Buy,72.07792207792208,Sell,632.005,661.2715050149487,602.7384949850513,2.596483589727777,Sell,Normal
2025-02-20,667.5,atw,-0.003731343283582045,132.9946204423192,8.961802154750242,Buy,74.49664429530202,Sell,634.75,666.5425843720386,602.9574156279614,2.0602288644897593,Sell,Normal
2025-02-21,666.0,atw,-0.0022471910112359383,132.69575612671846,8.292682926829276,Buy,80.66860465116284,Sell,637.3,670.5695530161635,604.0304469838364,1.72530120774731,Neutre,Normal
2025-02-24,666.0,atw,0.0,132.69575612671846,8.310294356805992,Buy,82.71236959761546,Sell,639.855,673.7246246463525,605.9853753536476,1.5438612191892507,Neutre,Normal
2025-02-25,666.0,atw,0.0,132.69575612671846,7.924161400097218,Buy,81.9314641744548,Sell,642.3,676.3129387145627,608.2870612854372,1.3935873168085156,Neutre,Normal
2025-02-26,660.0,atw,-0.009009009009009028,131.5002988643156,4.778536275599299,Hold,72.96466973886326,Sell,643.8050000000001,678.1696375768768,609.4403624231234,0.942538675914756,Neutre,Normal
2025-02-27,655.0,atw,-0.007575757575757569,130.50408447897988,2.9874213836478036,Hold,69.34306569343066,Neutre,644.755,679.2613518180362,610.2486481819637,0.5938037178792694,Neutre,Normal
2025-02-28,640.1,atw,-0.022748091603053355,127.53536561067942,1.4421553090332884,Hold,56.16605616605618,Neutre,645.21,679.1886248598887,611.2313751401114,-0.3007773281627007,Neutre,Normal
2025-03-03,645.0,atw,0.00765505389782839,128.51165570830844,3.3985251683231965,Hold,61.473429951690825,Neutre,646.2700000000001,678.7249306934466,613.8150693065536,-0.07826237633941655,Neutre,Normal
2025-03-04,638.0,atw,-0.010852713178294615,127.11695556883842,2.5558591866259306,Hold,48.68073878627968,Neutre,647.065,677.7582034307718,616.3717965692283,-0.5906845155766225,Neutre,Normal
2025-03-05,635.0,atw,-0.00470219435736674,126.51922693763697,1.6000000000000014,Hold,48.046875,Neutre,647.565,677.0466463869446,618.0833536130555,-0.8523947295944931,Neutre,Normal
2025-03-06,634.0,atw,-0.0015748031496063408,126.31998406056984,0.6189493731153739,Hold,42.231638418079086,Neutre,647.76,676.803589744792,618.716410255208,-0.9475412730251328,Neutre,Normal
2025-03-07,635.0,atw,0.001577287066246047,126.51922693763697,1.0342084327764622,Hold,40.46579330422122,Neutre,648.085,676.3563375402797,619.8136624597204,-0.9256725106378255,Neutre,Normal
2025-03-10,637.1,atw,0.003307086614173338,126.937636979478,1.1269841269841319,Hold,33.92568659127626,Neutre,648.44,675.9224652230743,620.9575347769259,-0.8252534776595676,Neutre,Normal
2025-03-11,640.0,atw,0.004551875686705342,127.5154413229727,2.2364217252396124,Hold,21.042471042471007,Buy,649.1400000000001,674.8734024178818,623.4065975821184,-0.7103607872427206,Neutre,Normal
2025-03-12,633.0,atw,-0.010937500000000044,126.12074118350269,-1.0937500000000044,Hold,19.360568383658944,Buy,648.7900000000001,675.2276047963703,622.3523952036298,-1.194510631475053,Neutre,Normal
2025-03-13,645.0,atw,0.018957345971563955,128.51165570830844,1.097178683385569,Hold,34.281437125748496,Neutre,649.1400000000001,675.1581636958858,623.1218363041144,-0.31823921537204913,Neutre,Normal
2025-03-14,649.0,atw,0.006201550387596955,129.308627216577,0.6201550387596955,Hold,37.99435028248587,Neutre,649.34,675.2855624438354,623.3944375561647,-0.026208720719470533,Neutre,Normal
2025-03-17,644.1,atw,-0.007550077041602377,128.332337118948,-0.6171887054466918,Hold,35.53500660501982,Neutre,649.14,675.1872768553565,623.0927231446435,-0.3869886305572489,Neutre,Normal
2025-03-18,650.1,atw,0.009315323707498768,129.52779438135087,-1.050228310502277,Hold,43.461030383091156,Neutre,648.795,674.5854490685706,623.0045509314293,0.10120025413519416,Neutre,Normal
2025-03-19,670.1,atw,0.030764497769574017,133.51265192269378,0.014925373134322406,Hold,58.324145534729894,Neutre,648.8,674.6077915611506,622.9922084388493,1.650664292566877,Neutre,Normal
2025-03-20,675.0,atw,0.007312341441575887,134.48894202032278,1.1235955056179803,Hold,71.62329615861215,Sell,649.175,676.3106727729892,622.0393272270107,1.9033985422838833,Neutre,Normal
2025-03-21,687.0,atw,0.01777777777777767,136.87985654512852,3.153153153153143,Hold,73.91799544419136,Sell,650.225,681.4229672077427,619.0270327922574,2.3575253961337115,Sell,Normal
2025-03-24,705.0,atw,0.026200873362445476,140.46622833233712,5.855855855855863,Buy,83.90688259109314,Sell,652.175,691.3739191580399,612.97608084196,2.6952273753785527,Sell,Normal
2025-03-25,693.1,atw,-0.0168794326241134,138.0952380952381,4.069069069069076,Hold,76.97307335190347,Sell,653.53,696.4390641878188,610.6209358121812,1.844365555342659,Neutre,Normal
2025-03-26,692.0,atw,-0.0015870725725003476,137.87607093046424,4.8484848484848575,Hold,76.90166975881263,Sell,655.13,701.3161724579604,608.9438275420396,1.596581748944874,Neutre,Normal
2025-03-27,690.1,atw,-0.002745664739884357,137.49750946403668,5.358778625954197,Buy,75.344986200552,Sell,656.885,705.6460834904084,608.1239165095916,1.3623569298468787,Neutre,Normal
2025-03-28,699.8,atw,0.014055933922619834,139.43016537158798,9.32666770817059,Buy,76.9561478933792,Sell,659.87,711.5279071239027,608.2120928760974,1.5459395172253878,Neutre,Normal
2025-04-02,690.0,atw,-0.014004001143183675,137.47758517632997,6.976744186046502,Buy,70.29220779220782,Sell,662.12,714.9574109888127,609.2825890111873,1.0553128731422154,Neutre,Normal
2025-04-03,680.0,atw,-0.01449275362318836,135.4851564056585,6.583072100313481,Buy,68.62123613312205,Neutre,664.22,716.3549100134064,612.0850899865936,0.6053525361774745,Neutre,Normal
2025-04-04,675.0,atw,-0.007352941176470562,134.48894202032278,6.299212598425208,Buy,62.583892617449685,Neutre,666.22,716.6771355341989,615.7628644658012,0.348018170553858,Neutre,Normal
2025-04-07,646.5,atw,-0.04222222222222227,128.81052002390916,1.971608832807581,Hold,49.13013221990258,Neutre,666.845,715.912235289428,617.777764710572,-0.8292702810742435,Neutre,Normal
2025-04-08,658.9,atw,0.019180201082753312,131.28113169954173,3.7637795275590413,Hold,54.89417989417989,Neutre,668.04,714.9588055665338,621.1211944334661,-0.3896092361958742,Neutre,Normal
2025-04-09,636.7,atw,-0.0336925178327514,126.85793982865114,-0.0627844922304166,Hold,45.997610513739545,Neutre,668.02,714.9946448965676,621.0453551034324,-1.3334853331605898,Neutre,Normal
2025-04-10,640.0,atw,0.005182974713365818,127.5154413229727,0.0,Hold,40.01327140013268,Neutre,668.02,714.9946448965676,621.0453551034324,-1.192984004954016,Neutre,Normal
2025-04-11,630.1,atw,-0.01546874999999992,125.542936840008,-0.45813586097945835,Hold,35.58124598587024,Neutre,667.875,715.320342514482,620.429657485518,-1.5923586172223183,Neutre,Normal
2025-04-14,648.0,atw,0.028408189176321264,129.10938433950986,0.46511627906977715,Hold,37.93316831683166,Neutre,668.025,715.183941776448,620.8660582235519,-0.8492556976755912,Neutre,Normal
2025-04-15,664.0,atw,0.024691358024691468,132.2972703725842,2.3112480739599484,Hold,37.155388471177915,Neutre,668.775,715.130235893452,622.419764106548,-0.20601771980948905,Neutre,Normal
2025-04-16,665.0,atw,0.001506024096385561,132.49651324965131,3.2448377581120846,Hold,40.551445864155994,Neutre,669.82,714.7536165330322,624.8863834669679,-0.21453870718181395,Neutre,Normal
2025-04-17,664.0,atw,-0.0015037593984962294,132.2972703725842,2.138132594985387,Hold,40.578734858681,Neutre,670.5150000000001,714.5860562614597,626.4439437385405,-0.2956588996346565,Neutre,Normal
2025-04-18,670.0,atw,0.009036144578313143,133.49272763498706,-0.014923145799139448,Hold,43.418467583497026,Neutre,670.51,714.5812771959805,626.4387228040194,-0.023144325848877597,Neutre,Normal
2025-04-21,673.0,atw,0.004477611940298498,134.09045626618848,-0.2962962962962945,Hold,40.82191780821918,Neutre,670.4100000000001,714.4474433982422,626.372556601758,0.11762717361123232,Neutre,Normal
2025-04-22,665.0,atw,-0.011887072808320909,132.49651324965131,-3.2023289665211063,Hold,41.331484049930644,Neutre,669.3100000000001,712.6968716500705,625.9231283499296,-0.19867761081101426,Neutre,Normal
2025-04-23,660.0,atw,-0.007518796992481258,131.5002988643156,-6.382978723404253,Sell,42.81609195402298,Neutre,667.0600000000001,707.1996194878864,626.9203805121138,-0.3517721438356275,Neutre,Normal
2025-04-24,662.9,atw,0.0043939393939393945,132.07810320781033,-4.357235608137355,Hold,45.58716265499634,Neutre,665.55,703.7923573376114,627.3076426623885,-0.13858978287375065,Neutre,Normal
2025-04-25,663.0,atw,0.0001508523155830943,132.09802749551704,-4.190751445086704,Hold,57.589696412143525,Neutre,664.1,700.2622658815087,627.9377341184913,-0.06083689576335428,Neutre,Normal
2025-04-28,665.0,atw,0.003016591251885359,132.49651324965131,-3.6371540356470056,Hold,53.10274669379452,Neutre,662.845,696.8880980716576,628.8019019283424,0.1266042235911604,Neutre,Normal
2025-04-29,659.0,atw,-0.009022556390977488,131.30105598724845,-5.830237210631606,Sell,63.58099878197319,Neutre,660.8050000000001,690.0797762812374,631.5302237187627,-0.12331434970909882,Neutre,Normal
2025-04-30,660.0,atw,0.0015174506828528056,131.5002988643156,-4.347826086956519,Hold,62.53132832080201,Neutre,659.3050000000001,685.1552142921112,633.454785707889,0.053771314399666995,Neutre,Normal
2025-05-02,663.0,atw,0.00454545454545463,132.09802749551704,-2.500000000000002,Hold,72.56515775034293,Sell,658.455,682.494570448931,634.4154295510691,0.37812655676649765,Neutre,Normal
2025-05-05,663.0,atw,0.0,132.09802749551704,-1.7777777777777781,Hold,63.63636363636363,Neutre,657.855,680.7264922533583,634.9835077466417,0.4499050558666126,Neutre,Normal
2025-05-06,663.0,atw,0.0,132.09802749551704,2.5522041763341052,Hold,48.71794871794872,Neutre,658.6800000000001,681.0108707728647,636.3491292271354,0.3869083336642104,Neutre,Normal
2025-05-07,665.1,atw,0.0031674208144796268,132.51643753735806,0.9409622097435122,Hold,50.124688279301765,Neutre,658.99,681.5051083777951,636.474891622205,0.5427466657034489,Neutre,Normal
2025-05-08,670.0,atw,0.0073673131859870455,133.49272763498706,5.230092665305475,Buy,56.81818181818182,Neutre,660.655,681.0554618110955,640.2545381889045,0.9161557308391342,Neutre,Normal
2025-05-09,666.0,atw,-0.005970149253731294,132.69575612671846,4.062499999999991,Hold,45.23809523809524,Neutre,661.955,679.9899923029961,643.9200076970039,0.4485724121243987,Neutre,Normal
2025-05-12,675.0,atw,0.013513513513513598,134.48894202032278,7.125853039200125,Buy,52.08333333333334,Neutre,664.2,675.4354701492371,652.964529850763,1.9224829680551139,Neutre,Normal
2025-05-13,674.9,atw,-0.00014814814814823052,134.46901773261607,4.15123456790123,Hold,62.34413965087278,Neutre,665.545,674.8976185469593,656.1923814530406,2.000509259097606,Sell,Normal
2025-05-14,676.0,atw,0.001629871092013735,134.68818489738993,1.8072289156626509,Hold,72.09944751381212,Sell,666.145,676.5596607191715,655.7303392808285,1.8925244452483667,Neutre,Normal
2025-05-15,675.0,atw,-0.0014792899408283544,134.48894202032278,1.5037593984962516,Hold,67.63848396501459,Neutre,666.645,677.7645370975538,655.5254629024462,1.502760398512993,Neutre,Normal
2025-05-16,667.1,atw,-0.01170370370370366,132.91492329149236,0.4668674698795172,Hold,54.86935866983376,Neutre,666.8,677.8505060613188,655.7494939386811,0.05429615591093815,Neutre,Normal
2025-05-19,672.0,atw,0.007345225603357708,133.89121338912136,0.29850746268655914,Hold,57.77777777777777,Neutre,666.9,678.1075162749536,655.6924837250464,0.9101035189031871,Neutre,Normal
2025-05-20,680.0,atw,0.011904761904761862,135.4851564056585,1.0401188707280795,Hold,72.34042553191489,Sell,667.25,679.6349654186749,654.8650345813251,2.0589480178563426,Sell,Normal
2025-05-21,685.0,atw,0.007352941176470562,136.48137079099422,3.007518796992481,Hold,74.50980392156862,Sell,668.25,682.8937700064131,653.6062299935869,2.2876622608337245,Sell,Normal
2025-05-22,693.0,atw,0.011678832116788218,138.0753138075314,5.000000000000004,Buy,76.78571428571429,Sell,669.9,687.7215717896419,652.0784282103581,2.5923639365441393,Sell,Normal
2025-05-23,694.9,atw,0.0027417027417027118,138.45387527395897,4.827274098657419,Hold,77.5474956822107,Sell,671.5,692.1903995026602,650.8096004973398,2.261918625301695,Sell,Normal
2025-05-26,690.6,atw,-0.006187940710893569,137.59713090257023,4.162895927601817,Hold,72.18649517684892,Sell,672.88,694.8268832459478,650.9331167540522,1.6148078796812126,Neutre,Normal
2025-05-27,679.0,atw,-0.016796988126267065,135.28591352859135,2.1052631578947434,Hold,59.69316596931659,Neutre,673.58,695.3610733871285,651.7989266128716,0.49767978865567875,Neutre,Normal
2025-05-28,673.0,atw,-0.008836524300441795,134.09045626618848,2.124430955993928,Hold,52.06043956043957,Neutre,674.28,694.9601812065944,653.5998187934056,-0.12379001781587957,Neutre,Normal
2025-05-29,662.8,atw,-0.01515601783060927,132.05817892010361,0.42424242424241587,Hold,47.97468354430377,Neutre,674.42,694.7276962336088,654.1123037663912,-1.1443937181578616,Neutre,Normal
2025-05-30,664.0,atw,0.0018105009052504784,132.2972703725842,0.15082956259426794,Hold,42.27528089887641,Neutre,674.47,694.6639125793864,654.2760874206136,-1.0369461548216905,Neutre,Normal
2025-06-02,670.0,atw,0.009036144578313143,133.49272763498706,1.0558069381598756,Hold,46.82230869001299,Neutre,674.8199999999999,694.4105025324626,655.2294974675373,-0.49207517693973407,Neutre,Normal
2025-06-03,675.0,atw,0.00746268656716409,134.48894202032278,1.8099547511312153,Hold,49.382716049382715,Neutre,675.42,694.2047194339247,656.6352805660753,-0.04471719702573249,Neutre,Normal
2025-06-04,682.0,atw,0.010370370370370363,135.88364215979277,2.5409712825139152,Hold,54.02298850574712,Neutre,676.265,694.610373717721,657.919626282279,0.6252257477273614,Neutre,Normal
2025-06-05,683.5,atw,0.0021994134897360684,136.18250647539352,2.014925373134324,Hold,60.17369727047144,Neutre,676.9399999999999,695.3082105251295,658.5717894748703,0.7142775275822643,Neutre,Normal
2025-06-06,671.6,atw,-0.017410387710314557,133.81151623829447,0.8408408408408397,Hold,49.77168949771691,Neutre,677.22,695.048847115684,659.391152884316,-0.6304389693325854,Neutre,Normal
2025-06-10,680.0,atw,0.012507444907683185,135.4851564056585,0.7407407407407307,Hold,50.0,Neutre,677.47,695.3079961112202,659.6320038887799,0.2836641497425371,Neutre,Normal
2025-06-11,682.5,atw,0.003676470588235281,135.98326359832637,1.1260927544821442,Hold,48.538011695906434,Neutre,677.85,695.7810374843149,659.9189625156852,0.5186537593340652,Neutre,Normal
2025-06-12,684.2,atw,0.0024908424908425264,136.32197648934053,1.2130177514793061,Hold,44.44444444444448,Neutre,678.26,696.386851266639,660.1331487333609,0.6553813359667298,Neutre,Normal
2025-06-13,686.0,atw,0.0026308097047647028,136.68061366806137,1.6296296296296253,Hold,44.374209860935544,Neutre,678.81,697.1861745059855,660.4338254940144,0.7825350153981283,Neutre,Normal
2025-06-16,676.1,atw,-0.014431486880466471,134.70810918509665,1.3491230700044987,Hold,41.440377804014176,Neutre,679.26,696.8528693689327,661.6671306310673,-0.359236453557738,Neutre,Normal
2025-06-17,671.5,atw,-0.006803727259281245,133.79159195058776,-0.07440476190476719,Hold,45.173745173745175,Neutre,679.2349999999999,696.8726720029872,661.5973279970126,-0.8770998801530981,Neutre,Normal
2025-06-18,663.0,atw,-0.012658227848101222,132.09802749551704,-2.500000000000002,Hold,43.76558603491272,Neutre,678.385,697.4483597304168,659.3216402695832,-1.6140911379280405,Neutre,Normal
2025-06-19,658.0,atw,-0.007541478129713397,131.10181311018133,-3.9416058394160625,Hold,46.80000000000003,Neutre,677.035,697.8678965568429,656.2021034431571,-1.8273983119018213,Neutre,Normal
2025-06-20,665.0,atw,0.010638297872340496,132.49651324965131,-4.040404040404044,Hold,50.61881188118813,Neutre,675.635,695.6996612625205,655.5703387374795,-1.0600727179845748,Neutre,Normal
2025-06-23,660.0,atw,-0.007518796992481258,131.5002988643156,-5.022305367678803,Sell,43.734335839599,Neutre,673.89,692.9451443530752,654.8348556469248,-1.457874025263772,Neutre,Normal
2025-06-24,680.0,atw,0.030303030303030276,135.4851564056585,-1.5348971908485387,Hold,52.63713080168776,Neutre,673.3599999999999,690.9949413918923,655.7250586081075,0.7530504187615634,Neutre,Normal
2025-06-25,685.2,atw,0.007647058823529562,136.52121936640768,0.9131075110456521,Hold,51.7204301075269,Neutre,673.67,691.9293134130648,655.4106865869351,1.2629171469010567,Neutre,Normal
2025-06-26,693.0,atw,0.01138353765323985,138.0753138075314,2.971768202080227,Hold,54.78348439073514,Neutre,674.67,694.8630785432379,654.476921456762,1.81547355057837,Neutre,Normal
2025-06-30,680.0,atw,-0.018759018759018753,135.4851564056585,2.5950512975256634,Hold,54.183266932270904,Neutre,675.53,695.048315285385,656.011684714615,0.4580313346354328,Neutre,Normal
2025-07-01,682.0,atw,0.002941176470588225,135.88364215979277,2.710843373493965,Hold,51.06382978723405,Neutre,676.4300000000001,695.3609103960111,657.499089603989,0.5884555875531049,Neutre,Normal
2025-07-02,682.0,atw,0.0,135.88364215979277,1.7910447761193993,Hold,49.72677595628416,Neutre,677.03,695.8632404903981,658.1967595096019,0.5277902124739429,Neutre,Normal
2025-07-03,690.0,atw,0.011730205278592365,137.47758517632997,2.2222222222222143,Hold,52.96523517382411,Neutre,677.78,697.4490084838455,658.1109915161544,1.242563905550852,Neutre,Normal
2025-07-04,693.0,atw,0.004347826086956497,138.0753138075314,1.6129032258064502,Hold,53.53535353535354,Neutre,678.33,699.0812688261583,657.5787311738418,1.4138894467510856,Neutre,Normal
2025-07-07,700.0,atw,0.010101010101010166,139.4700139470014,2.4140453547915053,Hold,62.43496357960457,Neutre,679.155,701.9800531791785,656.3299468208214,1.8265017685930491,Neutre,Normal
2025-07-08,700.0,atw,0.0,139.4700139470014,4.228707564026202,Hold,65.57377049180329,Neutre,680.575,704.9050875028327,656.2449124971674,1.5967883385325634,Neutre,Normal
2025-07-09,699.8,atw,-0.00028571428571433355,139.43016537158798,2.911764705882347,Hold,72.11538461538457,Sell,681.5649999999999,707.3635944129707,655.7664055870292,1.4136429069044185,Neutre,Normal
2025-07-10,700.0,atw,0.0002857959416977529,139.4700139470014,2.564102564102555,Hold,76.78571428571425,Sell,682.4399999999999,709.5270254433589,655.352974556641,1.2965617089790353,Neutre,Normal
2025-07-11,700.9,atw,0.0012857142857143344,139.64933253636184,2.440806781642779,Hold,74.82710926694325,Sell,683.275,711.5921419164531,654.9578580835469,1.2448290192563076,Neutre,Normal
2025-07-14,700.0,atw,-0.0012840633471250529,139.4700139470014,2.0408163265306145,Hold,79.32551319648093,Sell,683.975,713.2516747464817,654.6983252535183,1.094728150568106,Neutre,Normal
2025-07-15,699.8,atw,-0.00028571428571433355,139.43016537158798,3.505398609673116,Hold,70.45454545454537,Sell,685.1600000000001,715.0075706496353,655.3124293503648,0.9809843602919005,Neutre,Normal
2025-07-16,700.0,atw,0.0002857959416977529,139.4700139470014,4.24422933730455,Hold,67.05069124423954,Neutre,686.585,716.4079353633235,656.7620646366765,0.8996431663462515,Neutre,Normal
2025-07-17,700.0,atw,0.0,139.4700139470014,5.580693815987936,Buy,59.83146067415727,Neutre,688.4350000000001,716.6445373943063,660.2254626056938,0.819935459298542,Neutre,Normal
2025-07-18,725.0,atw,0.03571428571428581,144.45108587368003,10.182370820668684,Buy,97.26890756302507,Sell,691.7850000000001,720.6812044493688,662.8887955506314,2.298917842874384,Sell,Anomalie
2025-07-21,718.0,atw,-0.0096551724137931,143.05638573421,7.969924812030071,Buy,84.22053231939155,Sell,694.4350000000001,722.7026884539059,666.1673115460942,1.667274636794282,Neutre,Normal
2025-07-22,710.9,atw,-0.00988857938718668,141.64176130703328,7.712121212121215,Buy,74.20435510887764,Sell,696.98,721.0471516693284,672.9128483306716,1.1567633919671412,Neutre,Normal
2025-07-23,710.0,atw,-0.0012660008440005255,141.46244271767284,4.4117647058823595,Hold,69.01140684410642,Neutre,698.48,721.8197424781881,675.1402575218119,0.9871574213610839,Neutre,Normal
2025-07-24,730.0,atw,0.028169014084507005,145.44730025901575,6.538237011091641,Buy,76.58045977011489,Sell,700.72,727.095155774062,674.344844225938,2.2202712469887778,Sell,Normal
2025-07-25,735.0,atw,0.006849315068493178,146.44351464435147,6.060606060606055,Buy,75.88757396449698,Sell,702.8199999999999,733.018124723944,672.6218752760559,2.1312581687885124,Sell,Normal
2025-07-28,726.0,atw,-0.01224489795918371,144.65032875074718,6.764705882352939,Buy,66.9712793733681,Neutre,705.12,735.0054373971979,675.2345626028022,1.3973360819512555,Neutre,Normal
2025-07-29,740.0,atw,0.019283746556473913,147.43972902968721,8.504398826979465,Buy,72.23451327433628,Sell,708.02,739.663713934678,676.376286065322,2.0212545256866012,Sell,Normal
2025-07-31,750.0,atw,0.013513513513513598,149.43215780035862,9.97067448680351,Buy,74.95009980039919,Sell,711.42,745.7875857075996,677.0524142924003,2.2451387960876654,Sell,Normal
2025-08-01,750.0,atw,0.0,149.43215780035862,8.695652173913038,Buy,74.72306143001006,Sell,714.42,751.298097907348,677.5419020926519,1.9296006040978912,Neutre,Normal
2025-08-04,750.0,atw,0.0,149.43215780035862,8.225108225108224,Buy,75.40650406504062,Sell,717.27,755.9444632188212,678.5955367811788,1.6925897492002793,Neutre,Normal
2025-08-05,753.0,atw,0.0040000000000000036,150.02988643156007,7.571428571428562,Buy,76.28458498023716,Sell,719.92,760.8115690705729,679.028430929427,1.6179374258252985,Neutre,Normal
2025-08-06,767.9,atw,0.019787516600265675,152.99860529986054,9.699999999999998,Buy,79.29249352890423,Sell,723.3149999999999,768.3116677128869,678.318332287113,1.9817023022454177,Neutre,Normal
2025-08-07,769.7,atw,0.0023440552155229444,153.3572424785814,9.988568162332111,Buy,79.60917587085812,Sell,726.8100000000001,774.8705714314406,678.7494285685596,1.7848310464299637,Neutre,Normal
2025-08-08,767.9,atw,-0.0023385734701832916,152.99860529986054,9.699999999999998,Buy,72.69841269841265,Sell,730.205,779.8579630217866,680.5520369782134,1.5183383913447497,Neutre,Normal
2025-08-11,768.9,atw,0.0013022528975126235,153.19784817692766,9.701811956056506,Buy,78.75706214689261,Sell,733.605,784.1140914171922,683.0959085828079,1.3975701803254488,Neutre,Normal
2025-08-12,768.0,atw,-0.001170503316425986,153.01852958756726,9.714285714285719,Buy,84.69015795868772,Sell,737.005,787.1428510235926,686.8671489764074,1.236391244028993,Neutre,Normal
2025-08-13,765.0,atw,-0.00390625,152.4208009563658,9.31694769934268,Buy,82.58293838862556,Sell,740.265,788.6657949043116,691.8642050956884,1.0220906515647576,Neutre,Normal
2025-08-15,760.0,atw,-0.006535947712418277,151.4245865710301,8.571428571428562,Buy,71.61383285302591,Sell,743.265,788.4912743848934,698.0387256151066,0.7400565369403902,Neutre,Normal
2025-08-18,755.0,atw,-0.006578947368421018,150.42837218569437,7.857142857142851,Buy,64.40922190201726,Neutre,746.015,786.616595768494,705.413404231506,0.4425934414613425,Neutre,Normal
2025-08-19,755.0,atw,0.0,150.42837218569437,4.137931034482767,Hold,74.00662251655625,Sell,747.515,787.0502620753833,707.9797379246166,0.3786493174487167,Neutre,Normal
2025-08-22,789.9,atw,0.046225165562913784,157.38194859533772,10.013927576601667,Buy,80.68880688806884,Sell,751.1099999999999,792.3826441834728,709.837355816527,1.8796954141132067,Neutre,Normal
2025-08-25,783.0,atw,-0.00873528294720849,156.00717274357442,10.14207342804896,Buy,71.09974424552428,Sell,754.7149999999999,793.7332292079886,715.6967707920112,1.4498351449639306,Neutre,Normal
2025-08-26,780.0,atw,-0.003831417624521105,155.409444112373,9.859154929577475,Buy,68.47290640394087,Neutre,758.2149999999999,792.6316590629226,723.7983409370772,1.2659566961552757,Neutre,Normal
2025-08-27,786.5,atw,0.008333333333333304,156.7045228133094,7.7397260273972535,Buy,70.80957810718357,Sell,761.04,794.9772423902334,727.1027576097665,1.5004165457666616,Neutre,Normal
2025-08-28,781.0,atw,-0.006993006993006978,155.60868698944012,6.258503401360538,Buy,65.52106430155212,Neutre,763.3399999999999,796.0597606477023,730.6202393522975,1.0794699991939067,Neutre,Normal
2025-08-29,781.0,atw,0.0,155.60868698944012,7.575757575757569,Buy,58.69853917662683,Neutre,766.0899999999999,794.5657255810848,737.614274418915,1.0472077319008923,Neutre,Normal
2025-09-01,780.1,atw,-0.0011523687580025088,155.4293684000797,5.418918918918925,Buy,56.989247311827945,Neutre,768.095,794.400130578229,741.7898694217711,0.9127496983372323,Neutre,Normal
2025-09-02,777.1,atw,-0.0038456608127163117,154.8316397688783,3.613333333333335,Hold,56.084656084656125,Neutre,769.45,794.5969366137004,744.3030633862996,0.608424009454269,Neutre,Normal
2025-09-03,778.0,atw,0.0011581521039762954,155.0109583582387,3.733333333333344,Hold,56.026490066225186,Neutre,770.85,794.511427638576,747.188572361424,0.604359137514009,Neutre,Normal
2025-09-04,780.0,atw,0.0025706940874035134,155.409444112373,4.0000000000000036,Hold,57.83289817232377,Neutre,772.35,794.178759397706,750.521240602294,0.7009101947226478,Neutre,Normal
2025-09-08,780.0,atw,0.0,155.409444112373,3.585657370517925,Hold,60.190217391304365,Neutre,773.7,793.7578111835394,753.6421888164607,0.6281841964062461,Neutre,Normal
2025-09-09,758.0,atw,-0.028205128205128216,151.0261008168958,-1.289230368537564,Hold,48.8962472406181,Neutre,773.205,794.3259524306974,752.0840475693027,-1.4398024946925192,Neutre,Normal
2025-09-10,774.9,atw,0.022295514511873282,154.39330543933053,0.6755878913862423,Hold,59.707317073170735,Neutre,773.4649999999999,794.5322382223352,752.3977617776646,0.13623048117229608,Neutre,Normal
2025-09-11,777.0,atw,0.0027100271002711285,154.81171548117157,1.185050136736554,Hold,60.51625239005737,Neutre,773.92,794.8739444848582,752.9660555151418,0.2939780624336123,Neutre,Normal
2025-09-12,772.0,atw,-0.006435006435006385,153.81550109583583,0.40317336454676056,Hold,38.01874163319947,Neutre,774.075,794.9181611907093,753.2318388092908,-0.19910607426717702,Neutre,Normal
2025-09-15,769.9,atw,-0.002720207253885998,153.3970910539948,0.24739583333333037,Hold,40.629470672389104,Neutre,774.17,794.9136585110217,753.4263414889782,-0.41169208389457324,Neutre,Normal
2025-09-16,772.0,atw,0.0027276269645408746,153.81550109583583,0.9150326797385588,Hold,44.20289855072463,Neutre,774.52,794.8441727999157,754.1958272000843,-0.24798057217958994,Neutre,Normal
2025-09-17,775.2,atw,0.004145077720207224,154.4530783024507,2.0000000000000018,Hold,41.40030441400308,Neutre,775.28,794.4203239262254,756.1396760737746,-0.008359315161883351,Neutre,Normal
2025-09-18,777.0,atw,0.0023219814241486336,154.81171548117157,2.9139072847682135,Hold,46.7741935483871,Neutre,776.38,792.9720209105333,759.7879790894667,0.07473471777104661,Neutre,Normal
2025-09-19,778.0,atw,0.0012870012870012104,155.0109583582387,3.0463576158940464,Hold,47.61904761904762,Neutre,777.53,790.7226773947878,764.3373226052122,0.07125164755195464,Neutre,Normal
2025-09-22,787.5,atw,0.012210796915167021,156.9037656903766,-0.30383592859855035,Hold,55.167597765363105,Neutre,777.4100000000001,790.1653332499245,764.6546667500756,1.5820833219014017,Neutre,Normal
2025-09-23,775.1,atw,-0.01574603174603173,154.433154014744,-1.0089399744572125,Hold,48.76543209876544,Neutre,777.0150000000001,789.5284496064623,764.5015503935379,-0.30607067758695866,Neutre,Normal
2025-09-24,770.1,atw,-0.006450780544445922,153.43693962940824,-1.269230769230767,Hold,45.358401880141024,Neutre,776.5200000000001,789.3163152591426,763.7236847408576,-1.0034138531266952,Neutre,Normal
2025-09-25,765.0,atw,-0.0066225165562914245,152.4208009563658,-2.7336300063572794,Hold,41.49659863945579,Neutre,775.445,788.3232926295946,762.5667073704055,-1.6221094364632238,Neutre,Normal
2025-09-26,762.3,atw,-0.003529411764705892,151.88284518828453,-2.3943661971831065,Hold,40.26402640264025,Neutre,774.51,788.3682143605876,760.6517856394124,-1.7621317844130029,Neutre,Normal
2025-09-29,751.0,atw,-0.014823560278105719,149.6314006774258,-3.8412291933418663,Hold,45.6359102244389,Neutre,773.01,790.0414755055331,755.9785244944669,-2.5846263282179502,Buy,Normal
2025-09-30,745.0,atw,-0.007989347536617841,148.43594341502293,-4.499423150878091,Hold,28.427128427128466,Buy,771.255,792.0321610441241,750.4778389558759,-2.5272942674162944,Buy,Normal
2025-10-01,725.0,atw,-0.02684563758389258,144.45108587368003,-6.7044138463518195,Sell,20.18348623853211,Buy,768.65,797.7421222833296,739.5578777166703,-3.000812355653565,Buy,Anomalie
2025-10-02,724.9,atw,-0.00013793103448278554,144.4311615859733,-6.825192802056557,Sell,21.385176184690167,Buy,765.995,800.6537256424516,731.3362743575484,-2.37140859845493,Buy,Normal
2025-10-03,740.0,atw,0.020830459373706756,147.43972902968721,-5.128205128205132,Sell,34.31269674711439,Neutre,763.995,799.8468281116627,728.1431718883373,-1.3385649359506102,Neutre,Normal
2025-10-06,756.0,atw,0.021621621621621623,150.62761506276152,-3.076923076923077,Hold,42.67399267399267,Neutre,762.795,797.9918584124506,727.5981415875493,-0.3861140059930047,Neutre,Normal
2025-10-07,751.0,atw,-0.006613756613756627,149.6314006774258,-0.923482849604218,Hold,39.09909909909908,Neutre,762.4449999999999,797.9802145580275,726.9097854419724,-0.6441497619951468,Neutre,Normal
2025-10-08,746.0,atw,-0.0066577896138482195,148.63518629209008,-3.729513485611047,Hold,36.42732049036778,Neutre,761.0,796.7524235468663,725.2475764531337,-0.8391039550276718,Neutre,Normal
2025-10-09,730.0,atw,-0.02144772117962468,145.44730025901575,-6.048906048906044,Sell,31.424148606811144,Neutre,758.65,796.1120369244273,721.1879630755726,-1.529548436343492,Neutre,Normal
2025-10-10,730.0,atw,0.0,145.44730025901575,-5.440414507772018,Sell,25.981620718462835,Buy,756.55,795.5387163164015,717.5612836835984,-1.3619325029601457,Neutre,Normal
2025-10-13,739.8,atw,0.013424657534246487,147.39988045427376,-3.9095986491752166,Hold,34.92741246797607,Neutre,755.0450000000001,794.1874107048905,715.9025892951097,-0.7789504900420167,Neutre,Normal
2025-10-14,730.0,atw,-0.013246823465801527,145.44730025901575,-5.440414507772018,Sell,33.552091878588996,Neutre,752.945,792.7582204966722,713.131779503328,-1.1526322017540862,Neutre,Normal
2025-10-15,715.0,atw,-0.020547945205479423,142.4586571030086,-7.765737874097011,Sell,31.0318664643399,Neutre,749.9350000000001,791.717709846372,708.1522901536281,-1.6722227987820912,Neutre,Normal
2025-10-16,730.0,atw,0.020979020979021046,145.44730025901575,-6.048906048906044,Sell,38.79250520471896,Neutre,747.585,788.2297135165564,706.9402864834436,-0.8653031835412918,Neutre,Normal
2025-10-17,728.0,atw,-0.002739726027397249,145.04881450488145,-6.426735218508995,Sell,41.46884272997032,Neutre,745.085,783.9652899599432,706.2047100400569,-0.8788514703775109,Neutre,Normal
2025-10-20,744.0,atw,0.0219780219780219,148.23670053795576,-5.52380952380952,Sell,49.65469613259668,Neutre,742.9100000000001,776.2755921098809,709.5444078901193,0.06533676947259248,Neutre,Normal
2025-10-21,768.3,atw,0.032661290322580694,153.07830245068737,-0.8773061540446436,Hold,64.52045606975183,Neutre,742.5699999999999,774.6689981808056,710.4710018191943,1.6031652984974394,Neutre,Normal
2025-10-22,780.0,atw,0.015228426395939243,155.409444112373,1.2855473315153798,Hold,67.14374611076542,Neutre,743.0649999999999,777.1927645882397,708.9372354117602,2.1645132897293635,Sell,Normal
2025-10-23,780.0,atw,0.0,155.409444112373,1.9607843137254832,Hold,63.736263736263744,Neutre,743.8149999999999,780.5334035314115,707.0965964685884,1.9709462569114602,Neutre,Normal
2025-10-24,779.9,atw,-0.00012820512820510555,155.38951982466628,2.3088023088023046,Hold,59.213569776407084,Neutre,744.6949999999999,784.0291675498916,705.3608324501083,1.7900467808475107,Neutre,Normal
2025-10-27,773.0,atw,-0.008847288113860707,154.01474397290298,2.929427430093212,Hold,58.358662613981764,Neutre,745.795,787.0549193815167,704.5350806184832,1.318713192260239,Neutre,Normal
2025-10-28,777.0,atw,0.005174644243208348,154.81171548117157,4.295302013422808,Hold,61.868300153139366,Neutre,747.395,790.9434714820381,703.8465285179618,1.3596344024249276,Neutre,Normal
2025-10-29,777.0,atw,0.0,154.81171548117157,7.172413793103449,Buy,70.5061082024433,Sell,749.995,794.1191060741512,705.8708939258488,1.224047460796947,Neutre,Normal
2025-10-30,777.0,atw,0.0,154.81171548117157,7.187198234239212,Buy,70.5061082024433,Sell,752.6,796.6376394032579,708.5623605967421,1.1081429581893005,Neutre,Normal
2025-10-31,777.0,atw,0.0,154.81171548117157,5.000000000000004,Buy,67.74809160305347,Neutre,754.45,799.3590074191055,709.5409925808946,1.0042528791409704,Neutre,Normal
2025-11-03,780.0,atw,0.0038610038610038533,155.409444112373,3.1746031746031855,Hold,75.51020408163265,Sell,755.65,801.993091235523,709.3069087644769,1.050857823715272,Neutre,Normal
2025-11-04,770.0,atw,-0.012820512820512775,153.41701534170153,2.5299600532623145,Hold,79.56989247311827,Sell,756.6,803.3191834824199,709.8808165175801,0.5736401623989129,Neutre,Normal
2025-11-05,767.0,atw,-0.003896103896103842,152.8192867105001,2.815013404825728,Hold,72.8395061728395,Sell,757.65,804.3100020303743,710.9899979696256,0.4007715213519889,Neutre,Normal
2025-11-07,766.0,atw,-0.0013037809647978849,152.62004383343296,4.93150684931507,Hold,73.75,Sell,759.45,804.3636950161181,714.536304983882,0.29167050262283595,Neutre,Normal
2025-11-10,745.0,atw,-0.02741514360313313,148.43594341502293,2.0547945205479534,Hold,50.588235294117645,Neutre,760.2,803.5155861094003,716.8844138905998,-0.7018258952613536,Neutre,Normal
2025-11-11,731.0,atw,-0.018791946308724827,145.6465431360829,-1.189510678561767,Hold,25.03346720214195,Buy,759.76,804.1144289606113,715.4055710393886,-1.296826525510682,Neutre,Normal
2025-11-12,731.0,atw,0.0,145.6465431360829,0.136986301369868,Hold,11.111111111111114,Buy,759.81,804.0252105288002,715.5947894711996,-1.3031714496184115,Neutre,Anomalie
2025-11-13,741.9,atw,0.014911080711354385,147.81829049611477,3.7622377622377634,Hold,24.221921515561547,Buy,761.155,801.0570629990458,721.2529370009541,-0.965113006836787,Neutre,Normal
2025-11-14,736.0,atw,-0.007952554252594668,146.64275752141862,0.8219178082191858,Hold,22.45922208281054,Buy,761.4549999999999,800.4507339097338,722.459266090266,-1.3055274230213174,Neutre,Normal
2025-11-17,728.8,atw,-0.009782608695652284,145.20820880653517,0.1098901098901095,Hold,22.37499999999997,Buy,761.495,800.3476216686493,722.6423783313508,-1.6830267094373277,Neutre,Normal
2025-11-19,719.9,atw,-0.012211855104281022,143.4349472006376,-3.239247311827964,Hold,16.372202591283852,Buy,760.29,802.7542958384275,717.8257041615724,-1.9023040039886627,Neutre,Normal
2025-11-20,711.0,atw,-0.01236282817057921,141.66168559474,-7.458024209293235,Sell,14.81876332622599,Buy,757.425,805.0340603937927,709.8159396062072,-1.9502590312012467,Neutre,Anomalie
2025-11-21,713.0,atw,0.002812939521800173,142.06017134887426,-8.589743589743593,Sell,16.597077244258855,Buy,754.075,804.3499440576601,703.80005594234,-1.6340147471031048,Neutre,Normal
2025-11-24,720.0,atw,0.009817671809256634,143.4548714883443,-7.692307692307687,Sell,22.27626459143967,Buy,751.075,801.9928026978756,700.1571973021245,-1.220594697865727,Neutre,Normal
2025-11-25,725.0,atw,0.00694444444444442,144.45108587368003,-7.039364021028338,Sell,23.75954198473282,Buy,748.33,798.6202773903747,698.0397226096254,-0.9278135341709336,Neutre,Normal
2025-11-26,730.0,atw,0.006896551724137945,145.44730025901575,-5.562742561448896,Sell,29.959919839679344,Buy,746.1800000000001,795.7002499781207,696.6597500218794,-0.6534700453712904,Neutre,Normal
2025-11-27,734.0,atw,0.005479452054794498,146.24427176728432,-5.534105534105538,Sell,33.63095238095238,Neutre,744.03,791.6120443798837,696.4479556201162,-0.4215876022443601,Neutre,Normal
2025-11-28,731.5,atw,-0.0034059945504086864,145.74616457461647,-5.855855855855852,Sell,33.13782991202345,Neutre,741.755,786.9928730478737,696.5171269521263,-0.4533811741832986,Neutre,Normal
2025-12-01,720.0,atw,-0.015721120984278913,143.4548714883443,-7.335907335907333,Sell,36.530172413793096,Neutre,738.905,781.9211034717875,695.8888965282124,-0.8789731507131493,Neutre,Normal
2025-12-02,720.2,atw,0.0002777777777778212,143.49472006375774,-7.310167310167303,Sell,43.16455696202534,Neutre,736.0649999999999,775.8715466713143,696.2584533286856,-0.797105065706825,Neutre,Normal
2025-12-03,720.2,atw,0.0,143.49472006375774,-7.666666666666666,Sell,43.16455696202534,Neutre,733.075,767.6225339968563,698.5274660031438,-0.7453498707706091,Neutre,Normal
2025-12-04,718.5,atw,-0.0023604554290475033,143.15600717274356,-6.688311688311687,Sell,33.23782234957024,Neutre,730.5,760.8857307231489,700.1142692768511,-0.7898444246304059,Neutre,Normal
2025-12-05,725.0,atw,0.009046624913013224,144.45108587368003,-5.475880052151238,Sell,42.1875,Neutre,728.4,753.5121274958769,703.287872504123,-0.2707854999986124,Neutre,Normal
2025-12-08,719.9,atw,-0.00703448275862073,143.4349472006376,-6.018276762402097,Sell,43.484626647144964,Neutre,726.095,744.1456276316223,708.0443723683777,-0.6864027253154594,Neutre,Normal
2025-12-09,720.0,atw,0.00013890818169204344,143.4548714883443,-3.3557046979865723,Hold,50.0840336134454,Neutre,724.845,740.713999902183,708.9760000978171,-0.610624491759377,Neutre,Normal
2025-12-10,719.9,atw,-0.0001388888888889106,143.4349472006376,-1.5184678522571882,Hold,58.777120315581804,Neutre,724.29,740.0285079210098,708.5514920789901,-0.5578673686264287,Neutre,Normal
2025-12-11,723.9,atw,0.0055563272676759645,144.23191870890614,-0.9712722298221621,Hold,60.34155597722955,Neutre,723.9350000000001,739.3532769192487,708.5167230807514,-0.004540066335997218,Neutre,Normal
2025-12-12,720.0,atw,-0.005387484459179359,143.4548714883443,-2.9518803073190436,Hold,50.0,Neutre,722.84,735.8010590860591,709.8789409139409,-0.4382357924831513,Neutre,Normal
2025-12-15,725.5,atw,0.007638888888888973,144.5507073122136,-1.4266304347826053,Hold,50.49900199600799,Neutre,722.315,733.797943873447,710.8320561265531,0.5547357951239129,Neutre,Normal
2025-12-16,726.0,atw,0.000689179875947632,144.65032875074718,-0.38419319429198184,Hold,45.614035087719316,Neutre,722.175,733.3901917645898,710.9598082354102,0.682110494459288,Neutre,Normal
2025-12-17,738.0,atw,0.016528925619834656,147.04124327555292,2.514238088623433,Hold,53.73134328358208,Neutre,723.08,736.2695652536271,709.890434746373,2.2623945085524473,Sell,Normal
2025-12-18,745.4,atw,0.01002710027100262,148.5156405658498,4.838255977496475,Hold,61.88034188034184,Neutre,724.8,740.1514614425402,709.4485385574598,2.683783570327151,Sell,Normal
2025-12-19,764.0,atw,0.024953045344781266,152.22155807929866,7.152875175315576,Buy,83.53658536585358,Sell,727.35,749.7660187084505,704.9339812915496,3.269982995346417,Sell,Anomalie
2025-12-22,760.0,atw,-0.005235602094240788,151.4245865710301,5.555555555555558,Buy,78.67435158501434,Sell,729.35,755.7827149769637,702.9172850230364,2.3190958648562403,Sell,Normal
2025-12-23,754.0,atw,-0.007894736842105288,150.22912930862722,4.0000000000000036,Hold,72.41379310344821,Sell,730.8,759.3267003275829,702.273299672417,1.6265463396457107,Neutre,Normal
2025-12-24,750.0,atw,-0.0053050397877983935,149.43215780035862,2.7397260273972712,Hold,70.27027027027026,Sell,731.8,761.5831460640823,702.0168539359177,1.2221677294158508,Neutre,Normal
2025-12-25,741.0,atw,-0.01200000000000001,147.63897190675434,0.95367847411445,Hold,59.975062344139644,Neutre,732.15,762.2052823976215,702.0947176023784,0.5889147793001861,Neutre,Normal
2025-12-26,720.0,atw,-0.028340080971659964,143.4548714883443,-1.5721120984278913,Hold,50.05202913631636,Neutre,731.575,762.1186960504427,701.0313039495574,-0.7579305386541315,Neutre,Normal
2025-12-29,718.0,atw,-0.002777777777777768,143.05638573421,-0.2777777777777768,Hold,48.97959183673469,Neutre,731.475,762.1908710904132,700.7591289095868,-0.8773965719764818,Neutre,Normal
2025-12-30,729.0,atw,0.01532033426183843,145.2480573819486,1.2218828103304658,Hold,54.178145087236004,Neutre,731.915,762.1999119981818,701.6300880018181,-0.19250509958060733,Neutre,Normal
2025-12-31,730.1,atw,0.0015089163237311798,145.46722454672246,1.3746181616217656,Hold,52.92452830188681,Neutre,732.4100000000001,762.2084033482677,702.6115966517325,-0.15504186402217823,Neutre,Normal
2026-01-02,744.9,atw,0.020271195726612623,148.4160191273162,3.674321503131517,Hold,60.65012831479896,Neutre,733.73,763.2717706058236,704.1882293941765,0.7562173675397788,Neutre,Normal
2026-01-05,749.0,atw,0.005504094509330093,149.2329149232915,3.310344827586209,Hold,60.17316017316018,Neutre,734.9300000000001,764.9249539616031,704.935046038397,0.9381577993425918,Neutre,Normal
2026-01-06,757.0,atw,0.010680907877169465,150.82685793982867,5.153493540769549,Buy,62.60162601626016,Neutre,736.7850000000001,767.4475967932605,706.1224032067397,1.3185445535678268,Neutre,Normal
2026-01-07,755.2,atw,-0.0023778071334213946,150.4682207611078,4.888888888888898,Hold,57.62411347517733,Neutre,738.5450000000001,769.1918835884667,707.8981164115335,1.0868968097146299,Neutre,Normal
2026-01-08,755.1,atw,-0.00013241525423735023,150.4482964734011,4.889567995554955,Hold,54.59715639810429,Neutre,740.305,770.4828221111006,710.1271778888993,0.9805213872314411,Neutre,Normal
2026-01-09,764.5,atw,0.012448682293735969,152.32117951783223,5.60850946263296,Buy,50.259605399792314,Neutre,742.3349999999999,773.3177982834751,711.3522017165247,1.4307939390885729,Neutre,Normal
2026-01-12,752.0,atw,-0.01635055591890122,149.83064355449295,4.444444444444451,Hold,46.18320610687023,Neutre,743.935,773.3254585304893,714.5445414695106,0.5488175689149929,Neutre,Normal
2026-01-13,748.9,atw,-0.004122340425531945,149.2129906355848,3.2253618194348688,Hold,47.49754661432776,Neutre,745.1049999999999,773.2417693503452,716.9682306496546,0.2697537839363567,Neutre,Normal
2026-01-15,742.0,atw,-0.009213513152623864,147.83821478382148,2.203856749311295,Hold,46.18320610687023,Neutre,745.905,772.6289671653271,719.1810328346728,-0.2922470287320585,Neutre,Normal
2026-01-16,749.0,atw,0.009433962264151052,149.2329149232915,1.490514905149043,Hold,53.89105058365759,Neutre,746.4549999999999,772.9457113810583,719.9642886189415,0.19214282043175446,Neutre,Normal
2026-01-19,735.0,atw,-0.01869158878504673,146.44351464435147,-1.3952240407834715,Hold,57.82881002087683,Neutre,745.9350000000001,772.9166526356008,718.9533473643993,-0.8105507952149648,Neutre,Normal
2026-01-20,734.0,atw,-0.0013605442176870541,146.24427176728432,-3.926701570680624,Hold,58.43881856540085,Neutre,744.4350000000001,770.5083600685451,718.361639931455,-0.8004338506864616,Neutre,Normal
2026-01-21,721.0,atw,-0.017711171662125325,143.65411436541143,-5.13157894736842,Sell,45.86776859504132,Neutre,742.485,769.4743760775135,715.4956239224865,-1.5921079419024056,Neutre,Normal
2026-01-22,730.0,atw,0.012482662968099856,145.44730025901575,-3.183023872679047,Hold,49.952244508118426,Neutre,741.2850000000001,768.2528385450205,714.3171614549797,-0.8369228391189573,Neutre,Normal
2026-01-23,725.4,atw,-0.006301369863013773,144.5307830245069,-3.280000000000005,Hold,39.682539682539684,Neutre,740.0550000000001,767.5872949126785,712.5227050873216,-1.0645679952564744,Neutre,Normal
2026-01-26,720.1,atw,-0.007306313757926564,143.47479577605102,-2.8205128205128216,Hold,34.90073145245559,Neutre,739.01,767.9422184278823,710.0777815721177,-1.3071932280019132,Neutre,Normal
2026-01-27,740.0,atw,0.027635050687404572,147.43972902968721,2.777777777777768,Hold,42.10037174721189,Neutre,740.01,767.5234340392541,712.4965659607459,-0.000726917620368556,Neutre,Normal
2026-01-28,740.0,atw,0.0,147.43972902968721,3.064066852367686,Hold,42.81663516068051,Neutre,741.11,766.6032725904156,715.6167274095844,-0.08708179744779619,Neutre,Normal
2026-01-29,739.9,atw,-0.00013513513513518927,147.4198047419805,1.4951989026062984,Hold,42.81663516068051,Neutre,741.655,766.5164243568918,716.7935756431082,-0.14118257866536896,Neutre,Normal
2026-01-30,735.0,atw,-0.0066225165562913135,146.44351464435147,0.6711409395973034,Hold,35.43928923988153,Neutre,741.9,766.375551711448,717.424448288552,-0.5638279440109704,Neutre,Normal
2026-02-02,734.0,atw,-0.0013605442176870541,146.24427176728432,-1.4632836622365364,Hold,39.97772828507795,Neutre,741.355,766.0338616132741,716.6761383867259,-0.5960566670582543,Neutre,Normal
2026-02-03,728.0,atw,-0.008174386920980936,145.04881450488145,-2.8037383177570097,Hold,38.72707659115427,Neutre,740.3050000000001,765.3977941009025,715.2122058990976,-0.9807596515971531,Neutre,Normal
2026-02-04,728.6,atw,0.0008241758241758212,145.16836023112174,-3.7516512549537584,Hold,42.24537037037038,Neutre,738.885,763.2021392881377,714.5678607118623,-0.8459054231775649,Neutre,Normal
2026-02-05,723.9,atw,-0.006450727422454117,144.23191870890614,-4.14459745762713,Hold,35.07728894173603,Neutre,737.3199999999999,761.2416792228909,713.398320777109,-1.1219948127352384,Neutre,Normal
2026-02-06,731.0,atw,0.009807984528249714,145.6465431360829,-3.191630247649324,Hold,47.40932642487047,Neutre,736.115,758.65360080654,713.57639919346,-0.45388798035020844,Neutre,Normal
2026-02-09,727.0,atw,-0.005471956224350261,144.8495716278143,-4.905166775670377,Hold,45.6359102244389,Neutre,734.24,752.7076559365349,715.7723440634651,-0.7840735201999252,Neutre,Normal
2026-02-10,727.0,atw,0.0,144.8495716278143,-3.32446808510638,Hold,54.464285714285715,Neutre,732.99,749.6964941675138,716.2835058324862,-0.7170864144133494,Neutre,Normal
2026-02-11,730.0,atw,0.004126547455295837,145.44730025901575,-2.5237014287621817,Hold,50.0,Neutre,732.0450000000001,747.0095862657813,717.0804137342188,-0.27331193307713053,Neutre,Normal
2026-02-12,750.0,atw,0.027397260273972712,149.43215780035862,1.0781671159029615,Hold,66.05744125326372,Neutre,732.445,748.8849353309239,716.0050646690762,2.1356531697516625,Sell,Normal
2026-02-13,750.0,atw,0.0,149.43215780035862,0.1335113484646211,Hold,70.96774193548384,Sell,732.4950000000001,749.1515902873533,715.8384097126469,2.101870754819593,Sell,Normal
2026-02-16,755.0,atw,0.006666666666666599,150.42837218569437,2.7210884353741527,Hold,63.29787234042551,Neutre,733.4950000000001,752.9510205808605,714.0389794191398,2.210626773406599,Sell,Normal
2026-02-17,755.0,atw,0.0,150.42837218569437,2.8610354223433276,Hold,63.29787234042551,Neutre,734.5450000000001,756.252187749701,712.8378122502992,1.8846292053913571,Neutre,Normal
2026-02-18,755.3,atw,0.0003973509933774544,150.4881450488145,4.757281553398052,Hold,63.60424028268549,Neutre,736.26,758.8626919682437,713.6573080317563,1.6847550749044236,Neutre,Normal
2026-02-19,760.0,atw,0.006222692969680921,151.4245865710301,4.109589041095885,Hold,72.16312056737584,Sell,737.76,762.4947528793152,713.0252471206848,1.7982795387940627,Neutre,Normal
2026-02-20,760.0,atw,0.0,151.4245865710301,4.7697821891370396,Hold,73.4657039711191,Sell,739.49,765.3970321687043,713.5829678312957,1.5833538837208923,Neutre,Normal
2026-02-23,755.0,atw,-0.006578947368421018,150.42837218569437,4.8465490904041175,Hold,74.81617647058819,Sell,741.235,766.3317202722162,716.1382797277838,1.0969560843564699,Neutre,Normal
2026-02-24,753.9,atw,-0.0014569536423841845,150.2092050209205,1.8783783783783647,Hold,73.04189435336968,Sell,741.9300000000001,767.6449639008473,716.2150360991528,0.9309754465263355,Neutre,Normal
2026-02-25,749.0,atw,-0.00649953574744655,149.2329149232915,1.216216216216215,Hold,72.77676950998186,Sell,742.3799999999999,768.2671721941842,716.4928278058155,0.5114502233262326,Neutre,Normal
2026-02-26,739.0,atw,-0.013351134846461998,147.24048615262004,-0.12163805919718218,Hold,56.896551724137936,Neutre,742.3349999999999,768.2434440614452,716.4265559385547,-0.2574450238764272,Neutre,Normal
2026-02-27,726.0,atw,-0.017591339648173165,144.65032875074718,-1.224489795918371,Hold,49.25373134328358,Neutre,741.885,768.6290322905637,715.1409677094363,-1.1879285686926713,Neutre,Normal
2026-03-02,709.9,atw,-0.0221763085399449,141.44251842996613,-3.2833787465940123,Hold,39.71119133574006,Neutre,740.68,770.8696880268528,710.4903119731471,-2.039106861430432,Buy,Normal
2026-03-03,680.0,atw,-0.04211860825468372,135.4851564056585,-6.593406593406592,Sell,27.272727272727266,Buy,738.28,778.6345132152885,697.9254867847114,-2.888400595446672,Buy,Anomalie
2026-03-04,685.0,atw,0.007352941176470562,136.48137079099422,-5.984079055723313,Sell,15.78947368421052,Buy,736.1,782.8587762660178,689.3412237339822,-2.1856859430744877,Buy,Anomalie
2026-03-05,708.0,atw,0.033576642335766405,141.06395696353854,-2.1964359718193105,Hold,32.203389830508485,Neutre,735.305,783.4570606762492,687.1529393237507,-1.1341155338536955,Neutre,Normal
2026-03-06,701.1,atw,-0.009745762711864336,139.68918111177527,-4.090287277701776,Hold,27.52293577981652,Buy,733.81,784.3235687868091,683.2964312131908,-1.2950975662817021,Neutre,Normal
2026-03-09,667.9,atw,-0.04735415775210394,133.07431759314605,-8.129298486932601,Sell,21.55453951665578,Buy,730.8549999999999,789.3327231538974,672.3772768461024,-2.153127604996502,Buy,Normal
2026-03-10,695.0,atw,0.040574936367719694,138.4737995616657,-4.4016506189821225,Hold,33.2406892718177,Neutre,729.2549999999999,789.888201778361,668.6217982216388,-1.1299089935977913,Neutre,Normal
2026-03-11,707.3,atw,0.0176978417266187,140.92448694959154,-3.109589041095895,Hold,35.946666666666644,Neutre,728.12,789.5392358004924,666.7007641995076,-0.6779634988500826,Neutre,Normal
2026-03-12,701.0,atw,-0.00890711155096846,139.66925682406855,-6.533333333333335,Sell,34.778121775025795,Neutre,725.67,787.3230905871559,664.016909412844,-0.8002842928084916,Neutre,Normal
2026-03-13,680.0,atw,-0.029957203994293913,135.4851564056585,-9.333333333333337,Sell,32.1258341277407,Neutre,722.17,785.9195791523828,658.4204208476172,-1.3229891259109203,Neutre,Normal
2026-03-16,691.3,atw,0.016617647058823515,137.73660091651723,-8.43708609271524,Sell,35.772727272727266,Neutre,718.9849999999999,782.1911048017606,655.7788951982392,-0.8760229755284253,Neutre,Normal
2026-03-17,692.0,atw,0.0010125849848112711,137.87607093046424,-8.344370860927153,Sell,36.79332715477293,Neutre,715.8349999999999,777.7499935076571,653.9200064923427,-0.7699265928874618,Neutre,Normal
2026-03-18,714.9,atw,0.03309248554913302,142.43873281530185,-5.348867999470408,Sell,44.731088762571055,Neutre,713.8149999999999,772.8791854256925,654.7508145743074,0.03673969232556514,Neutre,Normal
2026-03-19,692.0,atw,-0.032032452091201535,137.87607093046424,-8.947368421052627,Sell,42.87510477787091,Neutre,710.415,766.0120190416388,654.8179809583611,-0.6624455885380551,Neutre,Normal
2026-03-24,690.0,atw,-0.0028901734104046506,137.47758517632997,-9.210526315789469,Sell,45.56792873051225,Neutre,706.915,757.9990082093934,655.8309917906065,-0.6622424744223407,Neutre,Normal
2026-03-25,703.8,atw,0.020000000000000018,140.22713687985654,-6.781456953642396,Sell,55.710172744721675,Neutre,704.355,750.1507697425899,658.5592302574101,-0.024238046575900903,Neutre,Normal
2026-03-26,694.0,atw,-0.013924410343847615,138.27455668459854,-7.94535084228677,Sell,52.110694183864915,Neutre,701.36,740.9235877251383,661.7964122748617,-0.37205928092934565,Neutre,Normal
2026-03-27,680.2,atw,-0.019884726224783766,135.52500498107193,-9.185580774365821,Sell,43.18627450980392,Neutre,697.92,731.5638686053984,664.2761313946015,-1.0533865892673577,Neutre,Normal
2026-03-30,687.7,atw,0.011026168773889955,137.01932655907555,-6.941813261163732,Sell,46.72531769305963,Neutre,695.355,723.1204442560767,667.5895557439234,-0.5514048274826097,Neutre,Normal
2026-03-31,684.9,atw,-0.0040715428239058715,136.4614465032875,-5.661157024793395,Sell,54.87944890929966,Neutre,693.3,717.3508233801589,669.249176619841,-0.6985207838605376,Neutre,Normal
2026-04-01,691.9,atw,0.010220470141626414,137.85614664275752,-2.535568389914078,Hold,48.9941596365996,Neutre,692.4,715.1471224322507,669.6528775677492,-0.0439616045052893,Neutre,Normal
2026-04-02,690.0,atw,-0.0027460615695908963,137.47758517632997,1.4705882352941124,Hold,43.98051496172583,Neutre,692.9,714.9277337152967,670.8722662847033,-0.26330443589720154,Neutre,Normal
2026-04-03,681.2,atw,-0.012753623188405783,135.72424785813908,-0.5547445255474348,Hold,43.228454172366625,Neutre,692.71,715.0874228326682,670.3325771673319,-1.0287154232253142,Neutre,Normal
2026-04-06,680.0,atw,-0.0017615971814445297,135.4851564056585,-3.9548022598870025,Hold,50.0,Neutre,691.3100000000001,713.1569219800051,669.463078019995,-1.0353861299409868,Neutre,Normal
2026-04-07,676.0,atw,-0.00588235294117645,134.68818489738993,-3.58008843246328,Hold,43.57682619647356,Neutre,690.0550000000001,712.4117698448403,667.6982301551599,-1.257337271667074,Neutre,Normal
2026-04-08,706.0,atw,0.044378698224851965,140.66547120940427,5.704446773469085,Buy,54.716981132075475,Neutre,691.96,712.8102833503506,671.1097166496495,1.3467442877474296,Neutre,Normal
2026-04-09,703.1,atw,-0.004107648725212409,140.08766686590954,1.1654676258992858,Hold,45.40498442367603,Neutre,692.365,713.7711747117487,670.9588252882513,1.0029816297919099,Neutre,Normal
2026-04-10,711.0,atw,0.011235955056179803,141.66168559474,0.5231160752156239,Hold,58.377425044091716,Neutre,692.55,714.5552146929914,670.5447853070085,1.6768752550163764,Neutre,Normal
2026-04-13,700.0,atw,-0.015471167369901506,139.4700139470014,-0.14265335235378318,Hold,54.08496732026144,Neutre,692.5,714.4287842560367,670.5712157439633,0.68403244907983,Neutre,Normal
2026-04-14,700.2,atw,0.00028571428571444457,139.50986252241483,2.970588235294125,Hold,48.34558823529416,Neutre,693.51,714.8679912321858,672.1520087678142,0.6264634091541769,Neutre,Normal
2026-04-15,703.0,atw,0.0039988574692944034,140.06774257820283,1.6924634746130485,Hold,54.420432220039295,Neutre,694.095,715.8356216925688,672.3543783074313,0.8192038043736202,Neutre,Normal
2026-04-16,703.0,atw,0.0,140.06774257820283,1.5895953757225412,Hold,62.95454545454543,Neutre,694.645,716.716508187812,672.573491812188,0.7570846476738426,Neutre,Normal
2026-04-17,715.0,atw,0.017069701280227667,142.4586571030086,0.013987970345508138,Hold,64.75675675675673,Neutre,694.65,716.7408649851,672.5591350149,1.8423905097175508,Neutre,Normal
2026-04-20,710.0,atw,-0.006993006993006978,141.46244271767284,2.6011560693641522,Hold,63.25237592397045,Neutre,695.55,718.6307734979486,672.4692265020514,1.2521244143992267,Neutre,Normal
2026-04-21,715.0,atw,0.007042253521126751,142.4586571030086,3.6231884057970953,Hold,62.459546925566364,Neutre,696.8,721.280626066995,672.319373933005,1.4868900779083813,Neutre,Normal
2026-04-22,714.0,atw,-0.0013986013986013734,142.25941422594144,1.449275362318847,Hold,63.071895424836605,Neutre,697.31,722.808474670591,671.8115253294089,1.3090979139430379,Neutre,Normal
2026-04-23,710.0,atw,-0.0056022408963585235,141.46244271767284,2.3054755043227626,Hold,66.55172413793102,Neutre,698.1099999999999,724.1690341946579,672.0509658053419,0.9125434128665831,Neutre,Normal
2026-04-24,689.0,atw,-0.029577464788732355,137.27834229926282,1.2937371361364303,Hold,54.213483146067425,Neutre,698.55,723.6139182890557,673.4860817109442,-0.7620516385237343,Neutre,Normal
2026-04-27,691.8,atw,0.0040638606676342,137.8362223550508,0.5961901992147522,Hold,57.48106060606059,Neutre,698.755,723.5104332154514,673.9995667845486,-0.5618968522561743,Neutre,Normal
2026-04-28,692.1,atw,0.00043365134431927466,137.89599521817095,1.0512483574244502,Hold,40.84321475625825,Neutre,699.115,723.2230266170602,675.0069733829398,-0.5819638505820928,Neutre,Normal
2026-04-29,698.9,atw,0.009825169773154174,139.25084678222754,1.0117068940598273,Hold,47.368421052631554,Neutre,699.465,723.3340528553396,675.5959471446605,-0.0473416354996812,Neutre,Normal
2026-04-30,696.0,atw,-0.004149377593360981,138.6730424387328,0.8695652173912993,Hold,39.97326203208555,Neutre,699.7650000000001,723.2813795101123,676.2486204898879,-0.3202023507386521,Neutre,Normal
2024-05-02,189.23,boa,,100.0,,Hold,,Neutre,,,,,Neutre,
2024-05-03,193.96,boa,0.02499603656925453,102.49960365692546,,Hold,,Neutre,,,,,Neutre,
2024-05-06,193.86,boa,-0.0005155702206640633,102.44675791365007,,Hold,,Neutre,,,,,Neutre,
2024-05-07,193.07,boa,-0.004075105746415009,102.02927654177456,,Hold,,Neutre,,,,,Neutre,
2024-05-08,195.04,boa,0.010203553115450292,103.07033768429955,,Hold,,Neutre,,,,,Neutre,
2024-05-09,193.57,boa,-0.007536915504511854,102.29350525815147,,Hold,,Neutre,,,,,Neutre,
2024-05-10,194.06,boa,0.0025313839954539397,102.55244940020083,,Hold,,Neutre,,,,,Neutre,
2024-05-13,194.06,boa,0.0,102.55244940020083,,Hold,,Neutre,,,,,Neutre,
2024-05-14,192.09,boa,-0.01015149953622585,101.51138825767585,,Hold,,Neutre,,,,,Neutre,
2024-05-15,191.1,boa,-0.005153834140246838,100.9882153992496,,Hold,,Neutre,,,,,Neutre,
2024-05-16,194.06,boa,0.015489272632129847,102.55244940020083,,Hold,,Neutre,,,,,Neutre,
2024-05-17,194.06,boa,0.0,102.55244940020083,,Hold,,Neutre,,,,,Neutre,
2024-05-20,191.1,boa,-0.015253014531588227,100.9882153992496,,Hold,,Neutre,,,,,Neutre,
2024-05-21,193.91,boa,0.014704343275771858,102.47318078528775,,Hold,,Neutre,,,,,Neutre,
2024-05-22,194.06,boa,0.0007735547418905586,102.55244940020083,,Hold,61.29032258064516,Neutre,,,,,Neutre,
2024-05-23,193.96,boa,-0.0005153045449860505,102.49960365692546,,Hold,50.0,Neutre,,,,,Neutre,
2024-05-24,191.1,boa,-0.014745308310992078,100.9882153992496,,Hold,42.93032786885244,Neutre,,,,,Neutre,
2024-05-27,194.01,boa,0.015227629513343777,102.52602652856314,,Hold,52.17190388170055,Neutre,,,,,Neutre,
2024-05-28,192.09,boa,-0.009896397092933329,101.51138825767585,,Hold,43.16813339509035,Neutre,,,,,Neutre,
2024-05-29,191.1,boa,-0.005153834140246838,100.9882153992496,,Hold,44.14969208905733,Neutre,192.97449999999998,196.04683821466045,189.9021617853395,-1.2202432603645672,Neutre,
2024-05-30,193.07,boa,0.010308738880167478,102.02927654177456,2.0292765417745606,Hold,47.80876494023902,Neutre,193.16649999999998,195.68326714101747,190.6497328589825,-0.0766856801547234,Neutre,
2024-05-31,193.91,boa,0.004350753612679448,102.47318078528775,-0.025778511033203166,Hold,49.679897567221495,Neutre,193.164,195.67754561903047,190.6504543809695,0.5935838159068321,Neutre,
2024-06-03,191.1,boa,-0.014491258831416665,100.9882153992496,-1.4237078303930728,Hold,47.960444993819515,Neutre,193.026,195.67790616647525,190.37409383352477,-1.452540081808349,Neutre,
2024-06-04,187.16,boa,-0.020617477760334846,98.90609311419965,-3.06106593463511,Hold,42.762674504041165,Neutre,192.7305,196.4599417530609,189.00105824693912,-2.987310363771263,Buy,
2024-06-05,187.16,boa,0.0,98.90609311419965,-4.0401968826907275,Hold,35.77906018136851,Neutre,192.3365,196.65679372783114,188.01620627216886,-2.3963648428129867,Buy,
2024-06-06,191.94,boa,0.025539645223338292,101.43211964276277,-0.8420726352224017,Hold,46.349862258953166,Neutre,192.255,196.5386605104071,187.97133948959288,-0.14707047826722397,Neutre,
2024-06-07,190.12,boa,-0.009482129832239172,100.4703271151509,-2.030299907245181,Hold,48.24372759856632,Neutre,192.058,196.35451805168108,187.7614819483189,-0.9021258501365833,Neutre,
2024-06-10,191.1,boa,0.005154639175257714,100.9882153992496,-1.5253014531588227,Hold,44.61066359800537,Neutre,191.91,196.11918794518553,187.70081205481446,-0.3848723366826517,Neutre,
2024-06-11,191.1,boa,0.0,100.9882153992496,-0.5153834140246838,Hold,44.2901234567901,Neutre,191.8605,196.08403543597635,187.63696456402366,-0.3601248345270272,Neutre,
2024-06-12,191.1,boa,0.0,100.9882153992496,0.0,Hold,44.461657629744366,Neutre,191.8605,196.08403543597635,187.63696456402366,-0.3601248345270272,Neutre,
2024-06-13,191.1,boa,0.0,100.9882153992496,-1.5253014531588227,Hold,50.0,Neutre,191.7125,195.81728988500026,187.60771011499975,-0.29843184043997456,Neutre,Normal
2024-06-14,190.12,boa,-0.00512820512820511,100.4703271151509,-2.030299907245181,Hold,40.751307655729924,Neutre,191.5155,195.52294819712398,187.50805180287603,-0.6964531698757866,Neutre,Normal
2024-06-19,187.16,boa,-0.015569114243635607,98.90609311419965,-2.0617477760334846,Hold,38.830992297236044,Neutre,191.31850000000003,195.77424389796042,186.86275610203964,-1.866579451257774,Neutre,Normal
2024-06-20,187.16,boa,0.0,98.90609311419965,-3.480996338507558,Hold,40.65464895635673,Neutre,190.981,195.62867015769595,186.33332984230404,-1.6442647048319046,Neutre,Normal
2024-06-21,187.16,boa,0.0,98.90609311419965,-3.5556013604040038,Hold,34.53689167974882,Neutre,190.636,195.3453027755263,185.92669722447368,-1.4762270194494034,Neutre,Normal
2024-06-25,192.09,boa,0.026341098525326068,101.51138825767585,-0.9641163126417829,Hold,46.07758620689657,Neutre,190.5425,195.04357764874155,186.04142235125843,0.6876131099105455,Neutre,Normal
2024-06-26,191.1,boa,-0.005153834140246838,100.9882153992496,0.0,Hold,50.0,Neutre,190.5425,195.04357764874155,186.04142235125843,0.24771845478198956,Neutre,Normal
2024-06-27,190.12,boa,-0.00512820512820511,100.4703271151509,-2.0050512860161795,Hold,58.03474484256246,Neutre,190.34799999999998,194.54403622481988,186.1519637751801,-0.10867399030129499,Neutre,Normal
2024-06-28,191.01,boa,0.00468125394487684,100.94065423030175,-0.5622364516632894,Hold,59.968928016571724,Neutre,190.294,194.4229040217779,186.16509597822213,0.3468232713685973,Neutre,Normal
2024-07-01,188.15,boa,-0.014973038060834387,99.42926597262591,-1.5436944008372477,Hold,39.10293271995399,Neutre,190.1465,194.36398877638675,185.92901122361326,-0.946771932709425,Neutre,Normal
2024-07-02,192.09,boa,0.020940738772256218,101.51138825767585,-0.5075879214792467,Hold,55.04869297796003,Neutre,190.0975,194.19298082133167,186.00201917866832,0.9730237239163178,Neutre,Normal
2024-07-03,190.12,boa,-0.010255609349783978,100.4703271151509,-1.9545149811768359,Hold,47.609756097561,Neutre,189.90800000000002,193.59063978546297,186.22536021453706,0.11513480131119481,Neutre,Normal
2024-07-04,192.04,boa,0.010098884914790496,101.48496538603816,0.4918890633176298,Hold,52.09634255129349,Neutre,189.95499999999998,193.7246600433071,186.18533995669287,1.106200546493228,Neutre,Normal
2024-07-05,192.04,boa,0.0,101.48496538603816,2.60739474246634,Hold,52.09634255129349,Neutre,190.199,193.83633795081266,186.56166204918736,1.012278773595215,Neutre,Normal
2024-07-08,191.1,boa,-0.004894813580504032,100.9882153992496,2.105150673220768,Hold,50.0,Neutre,190.39600000000002,193.75656636830615,187.03543363169388,0.4189769954490278,Neutre,Normal
2024-07-09,189.63,boa,-0.007692307692307665,100.21138297310152,-1.2035010940919078,Hold,48.97274633123688,Neutre,190.28050000000002,193.57578195423332,186.98521804576671,-0.394806883923456,Neutre,Normal
2024-07-10,187.16,boa,-0.01302536518483366,98.90609311419965,-1.5569114243635607,Hold,50.0,Neutre,190.1325,193.71177881592175,186.55322118407824,-1.660949120128553,Neutre,Normal
2024-07-11,190.12,boa,0.015815345159222005,100.4703271151509,-0.512820512820511,Hold,55.62310030395138,Neutre,190.08350000000002,193.63372475196638,186.53327524803365,0.02056207848800181,Neutre,Normal
2024-07-12,196.03,boa,0.03108563012833998,103.59351054272578,2.5798011512297325,Hold,63.76047161030098,Neutre,190.32999999999998,194.75437744654255,185.90562255345742,2.5766336931557623,Sell,Normal
2024-07-15,196.03,boa,0.0,103.59351054272578,2.5798011512297325,Hold,57.216117216117226,Neutre,190.57649999999998,195.678896856793,185.47410314320697,2.137622828275133,Sell,Normal
2024-07-16,192.09,boa,-0.02009896444421766,101.51138825767585,0.5180533751962368,Hold,51.636363636363654,Neutre,190.626,195.76882903918812,185.4831709608119,0.5693364445305835,Neutre,Normal
2024-07-17,195.93,boa,0.019990629392472314,103.54066479945041,3.0559646539028096,Hold,58.77378435517972,Neutre,190.91649999999998,196.57000110434612,185.26299889565385,1.7735912339862816,Neutre,Normal
2024-07-18,190.61,boa,-0.027152554483744207,100.72927125720024,1.8433425945715065,Hold,49.46723494938735,Neutre,191.089,196.46354781451677,185.71445218548322,-0.17824755366626216,Neutre,Normal
2024-07-19,188.15,boa,-0.012905933581658924,99.42926597262591,0.5289591793118165,Hold,50.0,Neutre,191.1385,196.37720323447968,185.8997967655203,-1.140931206154419,Neutre,Normal
2024-07-22,189.13,boa,0.00520861015147478,99.94715425672463,1.052575336610384,Hold,45.669982445874766,Neutre,191.23700000000002,196.2290066632885,186.24499333671156,-0.8441495142604839,Neutre,Normal
2024-07-23,188.2,boa,-0.004917252683339535,99.45568884426359,-2.0250924046020136,Hold,47.10319855159925,Neutre,191.0425,196.19511354225116,185.88988645774882,-1.1033235761586409,Neutre,Normal
2024-07-24,187.16,boa,-0.005526036131774714,98.90609311419965,-2.0617477760334846,Hold,42.43645381277124,Neutre,190.8455,196.28229656066932,185.40870343933065,-1.3557615992702357,Neutre,Normal
2024-07-25,188.15,boa,0.005289591793118165,99.42926597262591,-1.036187670944666,Hold,44.15037593984965,Neutre,190.747,196.30907874809418,185.18492125190585,-0.9338235280792697,Neutre,Normal
2024-07-26,192.09,boa,0.020940738772256218,101.51138825767585,0.5654154232762831,Hold,51.36551724137932,Neutre,190.801,196.39471037768976,185.2072896223102,0.4608747729024812,Neutre,Normal
2024-07-29,188.3,boa,-0.019730334738924382,99.50853458753899,0.0797236247674693,Hold,48.27586206896554,Neutre,190.8085,196.38762754922553,185.2293724507745,-0.8992445424009805,Neutre,Normal
2024-07-31,193.96,boa,0.030058417419012162,102.49960365692546,0.9735020042688447,Hold,58.141762452107294,Neutre,190.902,196.63218820302666,185.17181179697332,1.0673296902830511,Neutre,Normal
2024-08-01,193.03,boa,-0.004794803052175722,102.00813824446442,1.5306122448979664,Hold,53.662219984898066,Neutre,191.04749999999999,196.84150733971163,185.25349266028834,0.6843277489181386,Neutre,Normal
2024-08-02,193.07,boa,0.0002072216753872258,102.02927654177456,0.5363465944594914,Hold,45.62906083874777,Neutre,191.099,196.94819931542597,185.249800684574,0.6739383952268232,Neutre,Normal
2024-08-05,192.04,boa,-0.005334852644118704,101.48496538603816,0.0,Hold,44.282029234737735,Neutre,191.099,196.94819931542597,185.249800684574,0.3217534398317814,Neutre,Normal
2024-08-06,191.99,boa,-0.00026036242449478664,101.45854251440048,0.465724751439045,Hold,49.83870967741937,Neutre,191.1435,197.00625765902203,185.28074234097795,0.28877195655439164,Neutre,Normal
2024-08-07,191.1,boa,-0.00463565810719313,100.9882153992496,0.7751937984496138,Hold,41.390374331550774,Neutre,191.21699999999998,197.03656446190917,185.3974355380908,-0.04020919461096812,Neutre,Normal
2024-08-08,192.09,boa,0.005180533751962368,101.51138825767585,2.6341098525326068,Hold,53.119730185497446,Neutre,191.4635,196.96866417844006,185.95833582155996,0.2276044745235989,Neutre,Normal
2024-08-09,195.04,boa,0.015357384559321119,103.07033768429955,2.5878392594151034,Hold,64.22965716646013,Neutre,191.7095,197.39851980272434,186.02048019727565,1.1708519623732343,Neutre,Normal
2024-08-12,195.04,boa,0.0,103.07033768429955,-0.5050247411110598,Hold,62.72061988807577,Neutre,191.66,197.20616984954486,186.11383015045513,1.2188591736970962,Neutre,Normal
2024-08-13,189.13,boa,-0.030301476620180456,99.94715425672463,-3.5198694077437143,Hold,51.648351648351664,Neutre,191.315,196.56723761838708,186.0627623816129,-0.8320263319202204,Neutre,Normal
2024-08-15,192.09,boa,0.015650610691058997,101.51138825767585,0.0,Hold,58.181214736143396,Neutre,191.315,196.56723761838708,186.0627623816129,0.2951123145254805,Neutre,Normal
2024-08-16,193.07,boa,0.0051017752095372515,102.02927654177456,-1.4597049966824982,Hold,58.16733067729083,Neutre,191.172,196.03661595822868,186.30738404177131,0.7803288137430288,Neutre,Normal
2024-08-19,191.1,boa,-0.010203553115450403,100.9882153992496,0.25706940874035134,Hold,48.24156305506215,Neutre,191.19650000000001,196.0541289429483,186.33887105705173,-0.03973131794683787,Neutre,Normal
2024-08-22,190.12,boa,-0.00512820512820511,100.4703271151509,1.0470369386128109,Hold,53.59116022099446,Neutre,191.29500000000002,195.96894344942487,186.62105655057516,-0.5027874268117639,Neutre,Normal
2024-08-23,194.06,boa,0.02072375341889332,102.55244940020083,2.606672659017617,Hold,50.211685012701096,Neutre,191.54149999999998,196.2545290851951,186.82847091480488,1.0687394261628045,Neutre,Normal
2024-08-26,194.06,boa,0.0,102.55244940020083,3.1137088204038266,Hold,52.269722344645224,Neutre,191.8345,196.39913049752633,187.26986950247365,0.9751063097904851,Neutre,Normal
2024-08-27,193.07,boa,-0.005101514995362266,102.02927654177456,3.157726009831152,Hold,50.0,Neutre,192.13000000000002,196.1535988080848,188.10640119191524,0.4672434031500314,Neutre,Normal
2024-08-28,190.12,boa,-0.01527943233024287,100.4703271151509,1.0470369386128109,Hold,46.24413145539908,Neutre,192.2285,195.92501485933212,188.53198514066787,-1.1408042874097595,Neutre,Normal
2024-08-29,192.09,boa,0.01036187670944666,101.51138825767585,0.0,Hold,50.18195050946142,Neutre,192.2285,195.92501485933212,188.53198514066787,-0.0749354488054279,Neutre,Normal
2024-08-30,189.13,boa,-0.015409443490030705,99.94715425672463,0.4407859798194247,Hold,46.666666666666664,Neutre,192.26999999999998,195.79549212690117,188.7445078730988,-1.7813115939419013,Neutre,Normal
2024-09-02,189.13,boa,0.0,99.94715425672463,-2.490204165807386,Hold,44.81792717086833,Neutre,192.02849999999998,195.72416616742538,188.33283383257458,-1.5685940605502429,Neutre,Normal
2024-09-03,189.18,boa,0.00026436842383548154,99.97357712836232,-1.9945086256022315,Hold,38.5814497272019,Neutre,191.83599999999998,195.70884962405285,187.96315037594712,-1.3715998594443328,Neutre,Normal
2024-09-04,189.13,boa,-0.0002642985516440044,99.94715425672463,-2.0407106230900696,Hold,38.50641773628939,Neutre,191.63899999999998,195.64606166135422,187.63193833864574,-1.252289189456617,Neutre,Normal
2024-09-05,190.61,boa,0.00782530534552972,100.72927125720024,-0.7446365340553984,Hold,53.47744360902259,Neutre,191.5675,195.59541248010288,187.5395875198971,-0.47543237581742276,Neutre,Normal
2024-09-09,188.15,boa,-0.012905933581658924,99.42926597262591,-2.0001041720922985,Hold,40.51973051010589,Neutre,191.37550000000002,195.67550966951183,187.0754903304882,-1.5002291845386573,Neutre,Normal
2024-09-10,190.12,boa,0.010470369386128109,100.4703271151509,-0.512820512820511,Hold,43.2246210381259,Neutre,191.3265,195.66191729916451,186.9910827008355,-0.5565784867964206,Neutre,Normal
2024-09-11,190.12,boa,0.0,100.4703271151509,-1.0255609349783978,Hold,47.525252525252554,Neutre,191.228,195.5798639684623,186.87613603153773,-0.509207092882324,Neutre,Normal
2024-09-12,190.12,boa,0.0,100.4703271151509,-2.52255947497948,Hold,50.0,Neutre,190.98200000000003,194.967365861829,186.99663413817106,-0.43258261845221485,Neutre,Normal
2024-09-13,192.09,boa,0.01036187670944666,101.51138825767585,-1.512510254306798,Hold,44.15430267062316,Neutre,190.8345,194.38177753280414,187.28722246719585,0.7078668011676719,Neutre,Normal
2024-09-18,188.74,boa,-0.01743974178770369,99.74105585795066,-0.20620737059164895,Hold,36.83168316831687,Neutre,190.815,194.40575127749645,187.22424872250355,-1.1557469953456243,Neutre,Normal
2024-09-19,191.1,boa,0.01250397372046197,100.9882153992496,-0.5153834140246838,Hold,45.43347241539176,Neutre,190.7655,194.3092326440678,187.2217673559322,0.18878399337486299,Neutre,Normal
2024-09-20,189.13,boa,-0.010308738880167478,99.94715425672463,-2.0407106230900696,Hold,47.5959203496843,Neutre,190.56850000000003,194.00938896102528,187.12761103897478,-0.836121139794881,Neutre,Normal
2024-09-23,191.89,boa,0.014593136995717293,101.40569677112508,0.413396127681831,Hold,49.532273152478915,Neutre,190.608,194.09244120718316,187.12355879281685,0.7358425203772387,Neutre,Normal
2024-09-24,189.23,boa,-0.013862108499661296,100.0,-0.4681253944876951,Hold,50.23719165085388,Neutre,190.5635,194.0965754457361,187.0304245542639,-0.7548664162319821,Neutre,Normal
2024-09-25,190.91,boa,0.008878084870263647,100.88780848702636,-1.6232093167061756,Hold,53.9103690685413,Neutre,190.406,193.54122869139854,187.27077130860147,0.3215076471982452,Neutre,Normal
2024-09-26,192.09,boa,0.00618092294798589,101.51138825767585,-1.015149953622585,Hold,56.09041439933025,Neutre,190.3075,193.0597612712574,187.5552387287426,1.2952985376898056,Neutre,Normal
2024-09-27,192.09,boa,0.0,101.51138825767585,-0.5075879214792467,Hold,56.20805369127518,Neutre,190.2585,192.83282075865097,187.68417924134903,1.422899608640667,Neutre,Normal
2024-09-30,190.12,boa,-0.010255609349783978,100.4703271151509,0.0,Hold,48.99301274147141,Neutre,190.2585,192.83282075865097,187.68417924134903,-0.10760119890620934,Neutre,Normal
2024-10-01,188.15,boa,-0.01036187670944666,99.42926597262591,-2.0511218699567846,Hold,50.0,Neutre,190.0615,192.6486770838422,187.4743229161578,-1.4776723340183893,Neutre,Normal
2024-10-02,188.15,boa,0.0,99.42926597262591,-0.5181621107174905,Hold,45.49611339734796,Neutre,190.0125,192.70878106453085,187.31621893546912,-1.381532529750604,Neutre,Normal
2024-10-03,188.3,boa,0.000797236247674693,99.50853458753899,-0.43885158356684606,Hold,45.86739327883743,Neutre,189.971,192.74879086780547,187.19320913219454,-1.2031143304320329,Neutre,Normal
2024-10-04,190.12,boa,0.009665427509293556,100.4703271151509,0.4968812770905995,Hold,50.0,Neutre,190.018,192.77113868731294,187.26486131268706,0.074097247966506,Neutre,Normal
2024-10-07,189.13,boa,-0.0052072375341889465,99.94715425672463,0.0,Hold,43.52580927384074,Neutre,190.018,192.77113868731294,187.26486131268706,-0.6450819234730905,Neutre,Normal
2024-10-08,190.2,boa,0.0056574842700787276,100.51260370977117,-0.21509889302766538,Hold,53.54713313896982,Neutre,189.9975,192.73815589537293,187.25684410462708,0.1477748449499764,Neutre,Normal
2024-10-09,190.05,boa,-0.0007886435331229125,100.43333509485812,1.0098325803879815,Hold,47.14207947740886,Neutre,190.0925,192.69157574665348,187.49342425334652,-0.032703933353779226,Neutre,Normal
2024-10-10,190.0,boa,-0.00026308866087876304,100.40691222322042,-0.06311803071744615,Hold,52.64437689969607,Neutre,190.0865,192.68586247244554,187.48713752755447,-0.06655478096413382,Neutre,Normal
2024-10-11,190.0,boa,0.0,100.40691222322042,-0.06311803071744615,Hold,43.097151205259365,Neutre,190.0805,192.6800908584966,187.4809091415034,-0.06193282280316593,Neutre,Normal
2024-10-14,190.0,boa,0.0,100.40691222322042,-0.06311803071744615,Hold,53.4904805077063,Neutre,190.0745,192.674260920182,187.474739079818,-0.057312962451012736,Neutre,Normal
2024-10-15,190.0,boa,0.0,100.40691222322042,-1.0880316518298683,Hold,45.1336898395722,Neutre,189.97,192.39048277046243,187.54951722953757,0.02478844333543392,Neutre,Normal
2024-10-16,188.0,boa,-0.010526315789473717,99.34999735771284,-0.3920737522517759,Hold,29.891838741396214,Buy,189.933,192.45321803568038,187.4127819643196,-1.5339942597293088,Neutre,Normal
2024-10-17,189.5,boa,0.007978723404255428,100.14268350684353,-0.8372579801151248,Hold,38.90317052270777,Neutre,189.853,192.31821996456392,187.3877800354361,-0.2863841807823852,Neutre,Normal
2024-10-18,189.0,boa,-0.0026385224274406704,99.87845479046663,-0.06873579019721632,Hold,44.5098039215686,Neutre,189.8465,192.32041677518194,187.37258322481804,-0.6843399167603259,Neutre,Normal
2024-10-21,189.95,boa,0.005026455026454935,100.38048935158272,-1.0109958830579968,Hold,59.80392156862738,Neutre,189.74949999999998,192.03067675080678,187.4683232491932,0.17578646628683578,Neutre,Normal
2024-10-22,189.0,boa,-0.005001316135825107,99.87845479046663,-0.12154520953336911,Hold,54.19545903257649,Neutre,189.738,192.03248400345385,187.44351599654615,-0.6432818872470671,Neutre,Normal
2024-10-23,189.95,boa,0.005026455026454935,100.38048935158272,-0.5028547483107215,Hold,57.548032936870925,Neutre,189.69,191.92052507389258,187.45947492610742,0.23312896415573925,Neutre,Normal
2024-10-24,189.8,boa,-0.0007896814951301456,100.30122073666968,-1.1921495132489968,Hold,48.272138228941714,Neutre,189.57549999999998,191.50162482516205,187.6493751748379,0.23311054098598585,Neutre,Normal
2024-10-25,188.0,boa,-0.0094836670179137,99.34999735771284,-2.129210266021142,Hold,44.38927507447864,Neutre,189.371,191.0218613381793,187.72013866182073,-1.6609511268972614,Neutre,Normal
2024-10-28,189.0,boa,0.005319148936170137,99.87845479046663,-0.589101620029453,Hold,44.00000000000002,Neutre,189.315,190.9345710933195,187.6954289066805,-0.38899187729309836,Neutre,Normal
2024-10-29,187.5,boa,-0.007936507936507908,99.08576864133595,-0.34546904065905215,Hold,38.766519823788464,Neutre,189.28249999999997,191.02214152387188,187.54285847612806,-2.0492727674523215,Buy,Normal
2024-10-30,188.85,boa,0.007199999999999873,99.79918617555357,0.3720435822482049,Hold,45.45454545454542,Neutre,189.31750000000002,190.98799787724954,187.6470021227505,-0.5597133721232511,Neutre,Normal
2024-10-31,190.0,boa,0.006089489012443661,100.40691222322042,0.9028146574614926,Hold,50.0,Neutre,189.4025,191.02738380151365,187.77761619848636,0.735437204116871,Neutre,Normal
2024-11-01,190.0,boa,0.0,100.40691222322042,-0.06311803071744615,Hold,50.0,Neutre,189.3965,191.01108190775275,187.78191809224725,0.7475619503750988,Neutre,Normal
2024-11-04,192.0,boa,0.010526315789473717,101.46382708872801,1.5174747528155175,Hold,56.32911392405066,Neutre,189.54000000000002,191.5229802132942,187.55701978670584,2.481114015669749,Sell,Normal
2024-11-05,192.0,boa,0.0,101.46382708872801,0.9463722397476504,Hold,64.49275362318846,Neutre,189.63000000000002,191.88397893793,187.37602106207004,2.1029477783643697,Sell,Normal
2024-11-07,191.0,boa,-0.00520833333333337,100.93536965597423,0.49986845566956095,Hold,55.639097744360924,Neutre,189.6775,192.00750451772782,187.3474954822722,1.135190931981261,Neutre,Normal
2024-11-08,191.9,boa,0.0047120418848167755,101.41098134545263,1.0000000000000009,Hold,60.58394160583947,Neutre,189.77249999999998,192.30408469197297,187.24091530802698,1.6807654168124633,Neutre,Normal
2024-11-11,194.0,boa,0.010943199583116181,102.52074195423559,2.1052631578947434,Hold,63.636363636363704,Neutre,189.9725,193.13352498366731,186.81147501633268,2.5482240860541667,Sell,Normal
2024-11-12,194.9,boa,0.004639175257731942,102.996353643714,2.5789473684210584,Hold,69.93243243243248,Neutre,190.2175,194.0711756206866,186.3638243793134,2.4301474544791852,Sell,Normal
2024-11-13,195.0,boa,0.0005130836326321386,103.04919938698937,2.6315789473684292,Hold,68.10035842293912,Neutre,190.4675,194.87123943968442,186.0637605603156,2.058477828708596,Sell,Normal
2024-11-14,197.0,boa,0.01025641025641022,104.10611425249697,4.78723404255319,Hold,72.78481012658223,Sell,190.9175,196.0402331315268,185.79476686847318,2.374708907854872,Sell,Normal
2024-11-15,197.0,boa,0.0,104.10611425249697,3.95778364116095,Hold,82.14285714285714,Sell,191.2925,197.03846196884115,185.54653803115883,1.9866125223070727,Neutre,Normal
2024-11-19,197.0,boa,0.0,104.10611425249697,4.232804232804233,Hold,80.76923076923077,Sell,191.6925,197.86453156863368,185.5204684313663,1.7198551047511677,Neutre,Normal
2024-11-20,195.0,boa,-0.010152284263959421,103.04919938698937,2.6585943669386713,Hold,77.77777777777777,Sell,191.945,198.22905668506044,185.66094331493954,0.9723018594860495,Neutre,Normal
2024-11-21,193.55,boa,-0.007435897435897343,102.28293610949639,2.4074074074074137,Hold,67.27941176470596,Neutre,192.1725,198.33592992343168,186.00907007656835,0.44699137237307474,Neutre,Normal
2024-11-22,199.0,boa,0.028158098682510957,105.16302911800454,4.764411687286141,Hold,75.1396648044693,Sell,192.625,199.39991503151225,185.85008496848775,1.881942421520529,Neutre,Normal
2024-11-25,195.3,boa,-0.01859296482412054,103.20773661681552,2.8977871443624847,Hold,62.26851851851857,Neutre,192.9,199.63849897388528,186.16150102611473,0.712324809813311,Neutre,Normal
2024-11-26,197.1,boa,0.009216589861751112,104.15895999577234,4.840425531914883,Hold,61.9158878504673,Neutre,193.35500000000002,199.92726228774748,186.78273771225255,1.1396380229625684,Neutre,Normal
2024-11-27,197.0,boa,-0.0005073566717401778,104.10611425249697,4.232804232804233,Hold,61.627906976744214,Neutre,193.75500000000002,200.18346466076753,187.32653533923252,1.0095723228608515,Neutre,Normal
2024-11-28,198.0,boa,0.0050761421319796,104.63457168525076,5.600000000000005,Buy,66.27906976744191,Neutre,194.28000000000003,200.25674440512648,188.30325559487358,1.2448248570941745,Neutre,Normal
2024-11-29,197.9,boa,-0.0005050505050504528,104.58172594197539,4.79216309240138,Hold,64.49275362318845,Neutre,194.7325,200.33703528755714,189.12796471244283,1.1303345727993928,Neutre,Normal
2024-12-02,194.5,boa,-0.017180394138453847,102.7849706706125,2.368421052631575,Hold,51.13636363636364,Neutre,194.95749999999998,200.10472970967976,189.8102702903202,-0.17776552662478495,Neutre,Normal
2024-12-03,197.0,boa,0.01285347043701801,104.10611425249697,3.6842105263157787,Hold,54.449152542372886,Neutre,195.30749999999998,199.96393584051594,190.651064159484,0.7269508516679077,Neutre,Normal
2024-12-04,194.3,boa,-0.013705583756345119,102.67927918406174,1.1979166666666652,Hold,48.6641221374046,Neutre,195.42249999999999,199.8426065717087,191.00239342829127,-0.5079063057821429,Neutre,Normal
2024-12-05,194.3,boa,0.0,102.67927918406174,1.1979166666666652,Hold,44.42148760330579,Neutre,195.5375,199.6945327221025,191.38046727789748,-0.5953765980336528,Neutre,Normal
2024-12-06,194.35,boa,0.0002573340195572982,102.70570205569942,1.753926701570685,Hold,44.536082474226774,Neutre,195.70499999999998,199.3278659780257,192.08213402197427,-0.7480265669327358,Neutre,Normal
2024-12-09,194.4,boa,0.00025726781579638036,102.73212492733713,1.3027618551328723,Hold,44.65020576131687,Neutre,195.83,199.05023209362952,192.6097679063705,-0.8881347421069059,Neutre,Normal
2024-12-10,194.0,boa,-0.002057613168724326,102.52074195423559,0.0,Hold,47.79735682819383,Neutre,195.83,199.05023209362952,192.6097679063705,-1.1365640405983504,Neutre,Normal
2024-12-11,192.0,boa,-0.010309278350515427,101.46382708872801,-1.4879425346331465,Hold,46.666666666666636,Neutre,195.685,199.31645613827428,192.05354386172573,-2.029488921075706,Buy,Normal
2024-12-12,192.0,boa,0.0,101.46382708872801,-1.538461538461533,Hold,30.337078651685346,Neutre,195.53500000000003,199.51654955288828,191.55345044711177,-1.7756905712428956,Neutre,Normal
2024-12-13,195.0,boa,0.015625,103.04919938698937,-1.0152284263959421,Hold,49.12280701754382,Neutre,195.435,199.36171015375191,191.5082898462481,-0.22155951571030294,Neutre,Normal
2024-12-16,192.35,boa,-0.01358974358974363,101.64878719019184,-2.3604060913705593,Hold,36.76880222841225,Neutre,195.20250000000001,199.28654791455986,191.11845208544017,-1.3968984006434935,Neutre,Normal
2024-12-17,196.0,boa,0.018975825318430006,103.57765681974318,-0.5076142131979711,Hold,47.67441860465116,Neutre,195.1525,199.1677964103734,191.1372035896266,0.42213570973764547,Neutre,Normal
2024-12-18,196.95,boa,0.004846938775510123,104.07969138085926,1.0000000000000009,Hold,47.552447552447525,Neutre,195.25,199.34364076792792,191.15635923207208,0.8305565125884122,Neutre,Normal
2024-12-19,197.0,boa,0.0002538715410003167,104.10611425249697,1.7824851459571134,Hold,47.89719626168223,Neutre,195.42249999999999,199.50525900006735,191.33974099993262,0.7727617525178384,Neutre,Normal
2024-12-20,198.0,boa,0.0050761421319796,104.63457168525076,-0.5025125628140725,Hold,59.21052631578947,Neutre,195.3725,199.29201594755747,191.45298405244253,1.340726781141114,Neutre,Normal
2024-12-23,198.5,boa,0.002525252525252597,104.89880040162764,1.6385048643113187,Hold,54.41176470588235,Neutre,195.5325,199.69337984116711,191.37162015883288,1.4263810123234038,Neutre,Normal
2024-12-24,197.0,boa,-0.007556675062972307,104.10611425249697,-0.050735667174017784,Hold,58.54430379746831,Neutre,195.52749999999997,199.6806820394284,191.37431796057155,0.7090948511386088,Neutre,Normal
2024-12-25,197.8,boa,0.004060913705583813,104.52888019870001,0.4060913705583813,Hold,60.54216867469878,Neutre,195.5675,199.7951377627028,191.33986223729718,1.0561453583822331,Neutre,Normal
2024-12-26,198.5,boa,0.003538928210313319,104.89880040162764,0.2525252525252597,Hold,62.02898550724637,Neutre,195.5925,199.88610295274128,191.29889704725872,1.35434041386788,Neutre,Normal
2024-12-27,200.5,boa,0.010075566750629816,105.95571526713523,1.313794845881766,Hold,65.88541666666664,Neutre,195.72250000000003,200.4461777598548,190.99882224014524,2.022788277643589,Sell,Normal
2024-12-30,203.0,boa,0.012468827930174564,107.27685884901972,4.370179948586128,Hold,71.12676056338027,Sell,196.1475,201.83853403794527,190.45646596205475,2.40817396427806,Sell,Normal
2024-12-31,205.0,boa,0.009852216748768461,108.3337737145273,4.060913705583746,Hold,80.51643192488261,Sell,196.5475,203.47999214701463,189.6150078529854,2.438517006799621,Sell,Normal
2025-01-02,204.0,boa,-0.004878048780487809,107.8053162817735,4.992279979413272,Hold,76.90582959641254,Sell,197.0325,204.6284320830642,189.4365679169358,1.8345345702957647,Neutre,Normal
2025-01-03,209.5,boa,0.026960784313725394,110.71183216191936,7.822954194544507,Buy,79.23387096774192,Sell,197.7925,207.08863813422127,188.4963618657787,2.518787873192616,Sell,Normal
2025-01-06,209.4,boa,-0.0004773269689737347,110.65898641864398,7.743761255466941,Buy,88.31460674157306,Sell,198.54500000000002,209.0285158827158,188.06148411728424,2.070870139644024,Sell,Normal
2025-01-07,203.1,boa,-0.03008595988538687,107.32970459229509,4.475308641975295,Hold,64.25702811244979,Neutre,198.98,209.46133177556504,188.49866822443494,0.7861596385308391,Neutre,Normal
2025-01-08,205.3,boa,0.010832102412604794,108.49231094435345,5.824742268041239,Buy,65.9655831739962,Neutre,199.545,210.11391668999215,188.97608331000782,1.0890425516267905,Neutre,Normal
2025-01-09,210.0,boa,0.022893326838772543,110.97606087829625,9.375,Buy,71.10389610389609,Sell,200.445,211.36831644260374,189.52168355739624,1.7494686801772126,Neutre,Normal
2025-01-10,213.65,boa,0.017380952380952497,112.9049305078476,11.27604166666667,Buy,73.3931240657698,Sell,201.52749999999997,213.19285468813496,189.862145311865,2.0783765816105038,Sell,Normal
2025-01-13,214.85,boa,0.005616662766206426,113.53907942715216,10.179487179487179,Buy,73.93850658857978,Sell,202.51999999999998,215.18210259416875,189.8578974058312,1.9475438472088058,Neutre,Normal
2025-01-15,215.1,boa,0.0011636025133814343,113.67119378534059,11.827397972446052,Buy,77.50759878419451,Sell,203.6575,216.55802120530066,190.75697879469934,1.7739593335652848,Neutre,Normal
2025-01-16,214.95,boa,-0.0006973500697350365,113.59192517042753,9.668367346938766,Buy,76.58914728682167,Sell,204.605,217.91458894537044,191.29541105462954,1.5545183314768511,Neutre,Normal
2025-01-17,211.5,boa,-0.016050244242847067,111.76874702742694,7.387661843107396,Buy,68.57142857142857,Neutre,205.33250000000004,218.4698022545082,192.19519774549187,0.9389294514988477,Neutre,Normal
2025-01-20,211.75,boa,0.0011820330969267712,111.90086138561539,7.487309644670059,Buy,66.9172932330827,Neutre,206.07000000000002,218.88998439936609,193.25001560063396,0.8861165229313157,Neutre,Normal
2025-01-21,202.0,boa,-0.046044864226682414,106.74840141626592,2.020202020202011,Hold,48.76543209876544,Neutre,206.27000000000004,218.6780788622825,193.8619211377176,-0.6882612606500761,Neutre,Normal
2025-01-22,209.9,boa,0.039108910891089144,110.92321513502088,5.743073047858949,Buy,55.28017241379311,Neutre,206.84,218.7838863462702,194.8961136537298,0.5123960344709017,Neutre,Normal
2025-01-23,209.45,boa,-0.0021438780371606514,110.68540929028168,6.319796954314705,Buy,55.943293347873485,Neutre,207.4625,218.51123772261548,196.41376227738454,0.3597696044375826,Neutre,Normal
2025-01-24,205.0,boa,-0.021246120792551837,108.3337737145273,3.640040444893833,Hold,44.97767857142857,Neutre,207.8225,217.97877755056933,197.66622244943065,-0.5558138768749518,Neutre,Normal
2025-01-27,208.0,boa,0.014634146341463428,109.91914601278867,4.785894206549113,Hold,48.53249475890985,Neutre,208.29749999999999,217.4577387351094,199.13726126489058,-0.06495463897894409,Neutre,Normal
2025-01-28,207.5,boa,-0.0024038461538461453,109.65491729641177,3.4912718204488824,Hold,55.250596658711224,Neutre,208.64749999999998,217.0574862319174,200.23751376808255,-0.27288986411059946,Neutre,Normal
2025-01-29,207.8,boa,0.0014457831325300763,109.81345452623792,2.364532019704435,Hold,53.125,Neutre,208.8875,216.88262186800165,200.89237813199833,-0.27204088141605537,Neutre,Normal
2025-01-30,207.4,boa,-0.0019249278152069227,109.6020715531364,1.1707317073170742,Hold,46.35854341736695,Neutre,209.0075,216.82706217646276,201.18793782353723,-0.4111483389283959,Neutre,Normal
2025-01-31,207.0,boa,-0.0019286403085825299,109.39068858003489,1.4705882352941124,Hold,39.75346687211094,Neutre,209.15749999999997,216.68214547162668,201.63285452837326,-0.57344894404269,Neutre,Normal
2025-02-03,209.4,boa,0.011594202898550732,110.65898641864398,-0.04773269689737347,Hold,41.901931649331374,Neutre,209.1525,216.67632006835893,201.62867993164107,0.06579104703496345,Neutre,Normal
2025-02-04,204.5,boa,-0.023400191021967554,108.0695449981504,-2.3400191021967554,Hold,36.161879895561384,Neutre,208.90749999999997,216.71129630962346,201.10370369037648,-1.1295784321189222,Neutre,Normal
2025-02-05,205.0,boa,0.0024449877750611915,108.3337737145273,0.9354997538158605,Hold,37.128072445019434,Neutre,209.0025,216.5506942769177,201.45430572308229,-1.0605185434189461,Neutre,Normal
2025-02-06,208.0,boa,0.014634146341463428,109.91914601278867,1.3151485630784165,Hold,45.418848167539274,Neutre,209.1375,216.5012000853753,201.77379991462468,-0.3089479437814481,Neutre,Normal
2025-02-07,208.9,boa,0.004326923076923173,110.3947577022671,-0.5238095238095264,Hold,46.332046332046346,Neutre,209.08249999999998,216.43549974589592,201.72950025410404,-0.049639604598609666,Neutre,Normal
2025-02-10,209.0,boa,0.0004786979415987158,110.44760344554247,-2.176456821904993,Hold,61.986301369863,Neutre,208.85,215.88195712818413,201.81804287181586,0.042662376139582736,Neutre,Normal
2025-02-11,204.0,boa,-0.02392344497607657,107.8053162817735,-5.050034908075396,Sell,38.78326996197719,Neutre,208.30749999999998,215.05897352337473,201.55602647662522,-1.2760177419304632,Neutre,Normal
2025-02-12,192.0,boa,-0.05882352941176472,101.46382708872801,-10.739191073919107,Sell,26.94848084544256,Buy,207.1525,216.4389629831185,197.8660370168815,-3.263352263944869,Buy,Anomalie
2025-02-13,199.9,boa,0.04114583333333344,105.63864080748297,-7.00162828564782,Sell,43.825665859564175,Neutre,206.4,215.46241515386714,197.33758484613287,-1.4344961888501206,Neutre,Normal
2025-02-14,200.0,boa,0.0005002501250626068,105.69148655075836,-5.437352245862881,Sell,39.58333333333334,Neutre,205.825,214.98374617941428,196.6662538205857,-1.2720081735844126,Neutre,Normal
2025-02-17,203.95,boa,0.019749999999999934,107.77889341013582,-3.683589138134602,Hold,45.75866188769413,Neutre,205.435,214.18666751028138,196.68333248971862,-0.3393638979669758,Neutre,Normal
2025-02-18,201.0,boa,-0.014464329492522632,106.21994398351214,-0.4950495049504955,Hold,42.35955056179774,Neutre,205.385,214.23022470036733,196.53977529963265,-0.9914954449530009,Neutre,Normal
2025-02-19,202.0,boa,0.004975124378109541,106.74840141626592,-3.7636969985707536,Hold,44.013303769401325,Neutre,204.99,213.69067148043843,196.2893285195616,-0.6873032746317054,Neutre,Normal
2025-02-20,200.0,boa,-0.00990099009900991,105.69148655075836,-4.511816662687984,Hold,42.50535331905782,Neutre,204.5175,213.22474290159388,195.81025709840614,-1.0376418921707318,Neutre,Normal
2025-02-21,200.0,boa,0.0,105.69148655075836,-2.4390243902439046,Hold,39.390519187358905,Neutre,204.2675,213.20060077597205,195.33439922402798,-0.9554353201698091,Neutre,Normal
2025-02-24,201.95,boa,0.009749999999999925,106.72197854462824,-2.9086538461538525,Hold,46.91656590084642,Neutre,203.965,212.77480912631447,195.15519087368554,-0.45744464405734103,Neutre,Normal
2025-02-25,200.0,boa,-0.009655855409754888,105.69148655075836,-3.6144578313253017,Hold,44.15887850467289,Neutre,203.59,212.40473646499748,194.77526353500252,-0.8145450551484011,Neutre,Normal
2025-02-26,200.0,boa,0.0,105.69148655075836,-3.7536092396535214,Hold,39.94974874371858,Neutre,203.2,211.92015209910738,194.4798479008926,-0.7339321524741632,Neutre,Normal
2025-02-27,200.0,boa,0.0,105.69148655075836,-3.567984570877536,Hold,38.56041131105397,Neutre,202.82999999999998,211.42690274704168,194.2330972529583,-0.6583766463971736,Neutre,Normal
2025-02-28,198.0,boa,-0.010000000000000009,104.63457168525076,-4.347826086956519,Hold,36.51960784313724,Neutre,202.38,211.0000134326424,193.7599865673576,-1.0162397156862302,Neutre,Normal
2025-03-03,200.0,boa,0.010101010101010166,105.69148655075836,-4.489016236867238,Hold,44.70899470899471,Neutre,201.91,209.9220041516654,193.8979958483346,-0.4767845757051878,Neutre,Normal
2025-03-04,198.0,boa,-0.010000000000000009,104.63457168525076,-3.17848410757946,Hold,60.791366906474835,Neutre,201.58499999999998,209.68152947093208,193.48847052906788,-0.8855646145353337,Neutre,Normal
2025-03-05,196.0,boa,-0.010101010101010055,103.57765681974318,-4.390243902439028,Hold,41.09589041095887,Neutre,201.135,209.43034428713437,192.8396557128656,-1.238043852613588,Neutre,Normal
2025-03-06,190.0,boa,-0.030612244897959218,100.40691222322042,-8.653846153846157,Sell,32.0143884892086,Neutre,200.23499999999999,209.26734538521876,191.2026546147812,-2.266299518782648,Buy,Normal
2025-03-07,190.0,boa,0.0,100.40691222322042,-9.047391096218293,Sell,20.754716981132063,Buy,199.29000000000002,208.45897514791847,190.12102485208158,-2.0263987741550498,Buy,Normal
2025-03-10,186.5,boa,-0.018421052631578894,98.55731120858215,-10.765550239234445,Sell,20.286885245901615,Buy,198.16500000000002,207.82577800070655,188.5042219992935,-2.414919377952149,Buy,Anomalie
2025-03-11,186.0,boa,-0.002680965147453085,98.29308249220526,-8.823529411764708,Sell,16.52719665271964,Buy,197.26500000000001,207.93774443075438,186.59225556924565,-2.1109846812295077,Buy,Anomalie
2025-03-12,185.0,boa,-0.005376344086021501,97.76462505945148,-3.645833333333337,Hold,17.2489082969432,Buy,196.91500000000002,208.71438000155268,185.11561999844736,-2.019597639610243,Buy,Normal
2025-03-13,190.0,boa,0.027027027027026973,100.40691222322042,-4.952476238119063,Hold,32.07885304659497,Neutre,196.42000000000002,208.51895167272502,184.321048327275,-1.061248969937254,Neutre,Normal
2025-03-14,192.0,boa,0.010526315789473717,101.46382708872801,-4.0000000000000036,Hold,32.20035778175314,Neutre,196.02,208.14953767505236,183.89046232494766,-0.6628447196743897,Neutre,Normal
2025-03-17,192.0,boa,0.0,101.46382708872801,-5.859279235106641,Sell,34.61538461538463,Neutre,195.42249999999999,207.0752148406662,183.76978515933376,-0.587416760265338,Neutre,Normal
2025-03-18,195.0,boa,0.015625,103.04919938698937,-2.985074626865669,Hold,41.379310344827594,Neutre,195.1225,206.47570381399424,183.76929618600576,-0.021579811656161036,Neutre,Normal
2025-03-19,196.9,boa,0.009743589743589798,104.05326850922158,-2.524752475247527,Hold,44.98381877022654,Neutre,194.8675,205.79126814685773,183.94373185314228,0.37212433890491475,Neutre,Normal
2025-03-20,200.0,boa,0.015744032503808958,105.69148655075836,0.0,Hold,53.125,Neutre,194.8675,205.79126814685773,183.94373185314228,0.9396940562998639,Neutre,Normal
2025-03-21,200.0,boa,0.0,105.69148655075836,0.0,Hold,50.0,Neutre,194.8675,205.79126814685773,183.94373185314228,0.9396940562998639,Neutre,Normal
2025-03-24,201.0,boa,0.004999999999999893,106.21994398351214,-0.47041346868036404,Hold,55.17241379310345,Neutre,194.82,205.62167628316567,184.01832371683432,1.1442668411812142,Neutre,Normal
2025-03-25,204.0,boa,0.014925373134328401,107.8053162817735,2.0000000000000018,Hold,63.333333333333336,Neutre,195.02,206.3602125664654,183.6797874335346,1.5837445634052962,Neutre,Normal
2025-03-26,198.5,boa,-0.026960784313725505,104.89880040162764,-0.7499999999999951,Hold,64.40677966101694,Neutre,194.945,206.16574676190157,183.7242532380984,0.6336476663158455,Neutre,Normal
2025-03-27,198.0,boa,-0.0025188916876573986,104.63457168525076,-1.0000000000000009,Hold,63.333333333333336,Neutre,194.845,205.91063670962777,183.77936329037223,0.5702337936424325,Neutre,Normal
2025-03-28,195.9,boa,-0.010606060606060619,103.5248110764678,-1.0606060606060619,Hold,66.43356643356645,Neutre,194.74,205.7190997617717,183.76090023822832,0.21131058559810528,Neutre,Normal
2025-04-02,200.9,boa,0.025523226135783617,106.16709824023675,0.44999999999999485,Hold,72.50755287009065,Sell,194.785,205.86181789761076,183.70818210238923,1.1041077061163933,Neutre,Normal
2025-04-03,195.0,boa,-0.029367844698855228,103.04919938698937,-1.5151515151515138,Hold,63.15789473684211,Neutre,194.635,205.60928093795903,183.66071906204095,0.06651916459282682,Neutre,Normal
2025-04-04,195.0,boa,0.0,103.04919938698937,-0.5102040816326481,Hold,57.57575757575758,Neutre,194.58499999999998,205.5421942240313,183.62780577596865,0.07574931894331893,Neutre,Normal
2025-04-07,190.0,boa,-0.02564102564102566,100.40691222322042,0.0,Hold,47.22222222222222,Neutre,194.58499999999998,205.5421942240313,183.62780577596865,-0.8368930779640931,Neutre,Normal
2025-04-08,187.0,boa,-0.015789473684210575,98.82153992495904,-1.5789473684210575,Hold,43.58974358974359,Neutre,194.435,205.73330448388225,183.13669551611775,-1.3161266826551723,Neutre,Normal
2025-04-09,184.0,boa,-0.016042780748663055,97.23616762669768,-1.3404825737265424,Hold,35.8974358974359,Neutre,194.31,206.0255587058177,182.5944412941823,-1.7600526375033687,Neutre,Normal
2025-04-10,170.0,boa,-0.07608695652173914,89.8377635681446,-8.602150537634412,Sell,23.679060665362016,Buy,193.51,209.14449627216038,177.8755037278396,-3.00745218659371,Buy,Anomalie
2025-04-11,176.0,boa,0.03529411764705892,93.00850816466733,-4.86486486486486,Hold,27.77777777777777,Buy,193.06,210.17390939373084,175.94609060626917,-1.9936999323193119,Neutre,Normal
2025-04-14,185.0,boa,0.051136363636363535,97.76462505945148,-2.631578947368418,Hold,38.095238095238095,Neutre,192.81,210.2549992834619,175.3650007165381,-0.8953855340543339,Neutre,Normal
2025-04-15,187.2,boa,0.01189189189189177,98.9272314115098,-2.500000000000002,Hold,39.25233644859812,Neutre,192.57,210.19308294912003,174.94691705087996,-0.6094279889056693,Neutre,Normal
2025-04-16,185.0,boa,-0.01175213675213671,97.76462505945148,-3.645833333333337,Hold,35.01577287066246,Neutre,192.22,210.16583663782674,174.27416336217325,-0.8046434552715673,Neutre,Normal
2025-04-17,189.0,boa,0.021621621621621623,99.87845479046663,-3.076923076923077,Hold,42.326332794830364,Neutre,191.92000000000002,209.870763068372,173.96923693162802,-0.32533435920001147,Neutre,Normal
2025-04-18,193.0,boa,0.021164021164021163,101.99228452148179,-1.9807008633824341,Hold,46.17737003058104,Neutre,191.725,209.532139313385,173.917860686615,0.14320099119364263,Neutre,Normal
2025-04-21,193.0,boa,0.0,101.99228452148179,-3.500000000000003,Hold,47.709320695102676,Neutre,191.375,208.76766330502866,173.98233669497134,0.18686039872112875,Neutre,Normal
2025-04-22,195.0,boa,0.010362694300518172,103.04919938698937,-2.500000000000002,Hold,45.1077943615257,Neutre,191.125,208.13519817948188,174.11480182051812,0.455609036310244,Neutre,Normal
2025-04-23,197.0,boa,0.01025641025641022,104.10611425249697,-1.9900497512437831,Hold,51.773049645390074,Neutre,190.925,207.5356972508044,174.31430274919563,0.7314563510819283,Neutre,Normal
2025-04-24,197.5,boa,0.002538071065989911,104.37034296887387,-3.1862745098039214,Hold,52.19683655536028,Neutre,190.6,206.36645339420264,174.83354660579735,0.8752761102934101,Neutre,Normal
2025-04-25,202.0,boa,0.022784810126582178,106.74840141626592,1.7632241813602123,Hold,60.63829787234043,Neutre,190.775,206.9821946337027,174.5678053662973,1.385187289187941,Neutre,Normal
2025-04-28,216.0,boa,0.06930693069306937,114.14680547481902,9.090909090909083,Buy,71.51335311572701,Sell,191.675,211.22573023269373,172.1242697673063,2.488398101808238,Sell,Normal
2025-04-29,220.0,boa,0.0185185185185186,116.26063520583418,12.302194997447668,Buy,76.31578947368422,Sell,192.88000000000002,216.14511732638616,169.6148826736139,2.3313873400708656,Sell,Normal
2025-04-30,223.0,boa,0.013636363636363669,117.84600750409555,11.00049776007963,Buy,96.1672473867596,Sell,193.985,220.69784138269137,167.27215861730866,2.172363440064471,Sell,Anomalie
2025-05-02,226.0,boa,0.013452914798206317,119.43137980235691,15.897435897435908,Buy,95.95588235294119,Sell,195.53500000000003,225.85041383173686,165.2195861682632,2.0098686542161954,Sell,Anomalie
2025-05-05,219.0,boa,-0.030973451327433676,115.73217777308038,12.307692307692308,Buy,82.44274809160306,Sell,196.735,228.81019290666836,164.65980709333166,1.3883003020300553,Neutre,Normal
2025-05-06,219.0,boa,0.0,115.73217777308038,15.263157894736846,Buy,81.67330677290838,Sell,198.185,231.5733228878473,164.7966771121527,1.246843099602122,Neutre,Normal
2025-05-07,222.0,boa,0.013698630136986356,117.31755007134177,18.71657754010696,Buy,86.27450980392157,Sell,199.935,234.5030275155494,165.3669724844506,1.2766131935109524,Neutre,Normal
2025-05-08,223.0,boa,0.0045045045045044585,117.84600750409555,21.19565217391304,Buy,85.41666666666667,Sell,201.88500000000002,237.06282046448547,166.70717953551457,1.2004723272334106,Neutre,Normal
2025-05-09,229.0,boa,0.026905829596412634,121.0167521006183,34.70588235294119,Buy,86.0,Sell,204.83499999999998,238.62240188762348,171.04759811237648,1.4304148084763968,Neutre,Anomalie
2025-05-12,234.85,boa,0.025545851528384178,124.108228082228,33.437499999999986,Buy,87.46642793196061,Sell,207.7775,241.2401968271741,174.31480317282592,1.6180704227051539,Neutre,Anomalie
2025-05-13,240.0,boa,0.02192889078134974,126.82978386091001,29.729729729729737,Buy,88.13559322033899,Sell,210.5275,245.12913481078527,175.92586518921473,1.7035322267960273,Neutre,Anomalie
2025-05-14,235.95,boa,-0.016875000000000084,124.68953125825715,26.041666666666675,Buy,81.90008190008189,Sell,212.965,247.51580317445604,178.41419682554397,1.3305045259841115,Neutre,Anomalie
2025-05-15,235.0,boa,-0.004026276753549385,124.18749669714104,27.027027027027017,Buy,80.48780487804878,Sell,215.465,248.70685852046694,182.22314147953307,1.1753253800759873,Neutre,Anomalie
2025-05-16,235.0,boa,0.0,124.18749669714104,24.33862433862435,Buy,78.94736842105263,Sell,217.76500000000001,249.63404289019124,185.8959571098088,1.0816139072256008,Neutre,Normal
2025-05-19,234.95,boa,-0.0002127659574469032,124.16107382550337,21.73575129533678,Buy,72.00929152148663,Sell,219.8625,250.36116045375914,189.36383954624088,0.9893877157572251,Neutre,Normal
2025-05-20,231.0,boa,-0.016812087678229393,122.0736669661259,19.68911917098446,Buy,62.7906976744186,Neutre,221.7625,249.85463928261234,193.67036071738764,0.6576572832043137,Neutre,Normal
2025-05-21,230.0,boa,-0.0043290043290042934,121.54520953337209,17.948717948717952,Buy,58.53658536585366,Neutre,223.5125,248.80624532629733,198.21875467370265,0.5129726670612994,Neutre,Normal
2025-05-22,233.0,boa,0.01304347826086949,123.13058183163348,18.274111675126914,Buy,58.53658536585366,Neutre,225.3125,247.60823655255786,203.01676344744214,0.6895937240627347,Neutre,Normal
2025-05-23,233.1,boa,0.00042918454935625405,123.18342757490885,18.025316455696206,Buy,70.67448680351906,Sell,227.09249999999997,245.35933145975127,208.82566854024867,0.6577495405524268,Neutre,Normal
2025-05-26,236.0,boa,0.012441012441012367,124.71595412989484,16.831683168316825,Buy,72.97297297297297,Sell,228.79249999999996,243.1332874334201,214.45171256657983,1.0051749296839163,Neutre,Normal
2025-05-27,234.0,boa,-0.008474576271186418,123.65903926438726,8.333333333333325,Buy,66.66666666666666,Neutre,229.69249999999997,242.8646106888765,216.52038931112344,0.6540333742621205,Neutre,Normal
2025-05-28,234.0,boa,0.0,123.65903926438726,6.363636363636371,Buy,65.71428571428572,Neutre,230.39249999999998,242.86526084745918,217.91973915254079,0.5784605419953824,Neutre,Normal
2025-05-29,235.0,boa,0.004273504273504258,124.18749669714104,5.3811659192825045,Buy,60.0,Neutre,230.99249999999998,243.11760553399608,218.86739446600387,0.661025174381184,Neutre,Normal
2025-05-30,238.0,boa,0.012765957446808418,125.77286899540243,5.3097345132743445,Buy,55.8011049723757,Neutre,231.59249999999997,243.86413074137454,219.3208692586254,1.0442784883343572,Neutre,Normal
2025-06-02,238.0,boa,0.0,125.77286899540243,8.675799086757996,Buy,45.45454545454546,Neutre,232.54249999999996,243.5902563809422,221.49474361905772,0.9879834080002715,Neutre,Normal
2025-06-03,245.0,boa,0.02941176470588225,129.47207102467897,11.87214611872147,Buy,68.13627254509021,Neutre,233.84249999999997,244.28271954800502,223.40228045199493,2.1374071586707273,Sell,Normal
2025-06-04,265.0,boa,0.08163265306122458,140.0412196797548,19.369369369369373,Buy,84.0909090909091,Sell,235.99249999999998,252.25246941150814,219.7325305884918,3.5679648916768163,Sell,Anomalie
2025-06-05,277.0,boa,0.04528301886792452,146.3827088728003,24.215246636771305,Buy,87.5,Sell,238.69249999999997,262.1909719548006,215.19402804519933,3.260424769209213,Sell,Anomalie
2025-06-06,270.0,boa,-0.02527075812274371,142.68350684352376,17.903930131004376,Buy,77.8395552025417,Sell,240.74249999999998,267.5949677881907,213.89003221180928,2.179129324781615,Sell,Normal
2025-06-10,270.0,boa,0.0,142.68350684352376,14.967000212901848,Buy,83.05084745762711,Sell,242.5,272.18081074222573,212.8191892577743,1.853049112359781,Neutre,Normal
2025-06-11,272.1,boa,0.007777777777777883,143.79326745230674,13.375000000000004,Buy,85.02495840266224,Sell,244.10500000000002,276.5587063003845,211.65129369961556,1.7252266807916712,Neutre,Normal
2025-06-12,265.0,boa,-0.026093348033811137,140.0412196797548,12.31193049374868,Buy,74.92211838006229,Sell,245.55749999999998,279.05787352501943,212.0571264749805,1.1607333264794528,Neutre,Normal
2025-06-13,275.0,boa,0.037735849056603765,145.32579400729273,17.021276595744684,Buy,78.27260458839405,Sell,247.55749999999998,283.1168096108465,211.99819038915348,1.5434776602990836,Neutre,Normal
2025-06-16,266.8,boa,-0.029818181818181744,140.99244305871164,13.531914893617024,Buy,69.39546599496222,Neutre,249.14749999999998,285.18323482268073,213.1117651773192,0.9797219391729792,Neutre,Normal
2025-06-17,268.0,boa,0.004497751124437732,141.62659197801617,14.066822728240048,Buy,71.62849872773536,Sell,250.8,287.12444443013464,214.47555556986538,0.947020678214747,Neutre,Normal
2025-06-18,268.0,boa,0.0,141.62659197801617,16.01731601731602,Buy,71.62849872773536,Sell,252.65,288.494136274476,216.80586372552403,0.8564859748583471,Neutre,Normal
2025-06-19,260.0,boa,-0.02985074626865669,137.39893251598585,13.043478260869556,Buy,64.60280373831776,Neutre,254.15,288.48215463825875,219.81784536174126,0.34078839860990995,Neutre,Normal
2025-06-20,270.0,boa,0.03846153846153855,142.68350684352376,15.879828326180267,Buy,67.27861771058315,Neutre,256.0,289.5112235715619,222.48877642843806,0.8355409625735412,Neutre,Normal
2025-06-23,263.0,boa,-0.025925925925925908,138.98430481424722,12.827112827112842,Buy,62.55020080321285,Neutre,257.495,289.3305957678632,225.6594042321368,0.3458392951173906,Neutre,Normal
2025-06-24,272.0,boa,0.034220532319391594,143.74042170903135,15.254237288135597,Buy,63.28740157480315,Neutre,259.295,290.06651622079045,228.52348377920956,0.8257636646072047,Neutre,Normal
2025-06-25,272.0,boa,0.0,143.74042170903135,16.23931623931625,Buy,54.2892156862745,Neutre,261.19500000000005,290.02148453291477,232.3685154670853,0.7496578354993342,Neutre,Normal
2025-06-26,273.9,boa,0.006985294117646923,144.74449083126353,17.051282051282037,Buy,47.83216783216782,Neutre,263.19,289.5052467312464,236.87475326875358,0.8139767876303473,Neutre,Normal
2025-06-30,280.0,boa,0.022270901788974173,147.96808117106167,19.14893617021276,Buy,57.08215297450425,Neutre,265.44,289.17533009538533,241.70466990461466,1.2268630721786993,Neutre,Normal
2025-07-01,272.0,boa,-0.02857142857142858,143.74042170903135,14.28571428571428,Buy,51.27226463104325,Neutre,267.14,287.18346855160087,247.0965314483991,0.4849460049779504,Neutre,Normal
2025-07-02,267.0,boa,-0.018382352941176516,141.09813454526238,12.184873949579833,Buy,46.87116564417176,Neutre,268.59000000000003,283.2230411991804,253.95695880081965,-0.2173164113129253,Neutre,Normal
2025-07-03,270.1,boa,0.011610486891385774,142.73635258679914,10.244897959183685,Buy,53.290322580645174,Neutre,269.845,279.37489203009847,260.3151079699016,0.05351582141636541,Neutre,Normal
2025-07-04,273.0,boa,0.010736764161421553,144.26887914178513,3.018867924528301,Hold,48.57954545454545,Neutre,270.245,279.58838493830444,260.90161506169557,0.5897220371828016,Neutre,Normal
2025-07-07,274.5,boa,0.005494505494505475,145.06156529091584,-0.9025270758122761,Hold,56.04395604395604,Neutre,270.12,279.1443180235154,261.0956819764846,0.9707104711041186,Neutre,Normal
2025-07-08,274.9,boa,0.0014571948998176598,145.27294826401734,1.8148148148148024,Hold,55.48489666136723,Neutre,270.365,279.63822688400194,261.0917731159981,0.9780845560510756,Neutre,Normal
2025-07-09,266.0,boa,-0.032375409239723485,140.56967711250857,-1.4814814814814836,Hold,48.60724233983287,Neutre,270.165,279.64168052032363,260.6883194796764,-0.8789997702397567,Neutre,Normal
2025-07-10,267.5,boa,0.005639097744360999,141.3623632616393,-1.6905549430356603,Hold,55.742725880551305,Neutre,269.935,279.43719365255185,260.43280634744815,-0.5125132341090686,Neutre,Normal
2025-07-11,271.0,boa,0.013084112149532645,143.21196427627757,2.264150943396226,Hold,50.85034013605443,Neutre,270.235,279.4558630718358,261.01413692816425,0.1659280685636912,Neutre,Normal
2025-07-14,266.0,boa,-0.01845018450184499,140.56967711250857,-3.2727272727272716,Hold,52.640845070422536,Neutre,269.78499999999997,278.9046202598727,260.66537974012726,-0.8300784225971292,Neutre,Normal
2025-07-15,264.2,boa,-0.006766917293233088,139.61845373355177,-0.9745127436281975,Hold,42.13709677419354,Neutre,269.655,279.02448574671865,260.2855142532813,-1.1644182290176184,Neutre,Normal
2025-07-16,264.0,boa,-0.0007570022710067237,139.51276224700104,-1.4925373134328401,Hold,41.96787148594377,Neutre,269.455,279.1387302512521,259.77126974874784,-1.1266319607146462,Neutre,Normal
2025-07-17,263.7,boa,-0.001136363636363713,139.35422501717488,-1.6044776119403026,Hold,39.41908713692947,Neutre,269.24,279.24534593947106,259.23465406052895,-1.1074079863935027,Neutre,Normal
2025-07-18,268.85,boa,0.01952976867652656,142.07578079585693,3.4038461538461684,Hold,38.201058201058224,Neutre,269.6825,278.7013851569223,260.6636148430777,-0.1846126179710822,Neutre,Normal
2025-07-21,265.1,boa,-0.013948298307606466,140.0940654230302,-1.8148148148148024,Hold,41.97674418604654,Neutre,269.4375,278.68343082616207,260.19156917383793,-0.938250584295241,Neutre,Normal
2025-07-22,265.9,boa,0.0030177291588078248,140.51683136923322,1.1026615969581766,Hold,48.582474226804095,Neutre,269.5825,278.48804380857143,260.67695619142853,-0.8270129436577829,Neutre,Normal
2025-07-23,262.25,boa,-0.013726965024445148,138.58796173968187,-3.5845588235294157,Hold,40.025412960609856,Neutre,269.09499999999997,278.4969538842824,259.69304611571755,-1.4560803178247832,Neutre,Normal
2025-07-24,265.0,boa,0.01048617731172552,140.0412196797548,-2.573529411764708,Hold,39.79591836734692,Neutre,268.745,278.2125567903771,259.2774432096229,-0.7911227960747926,Neutre,Normal
2025-07-25,265.05,boa,0.00018867924528298552,140.0676425513925,-3.2311062431544246,Hold,37.48344370860927,Neutre,268.3025,277.58096828330395,259.0240317166961,-0.7010855457366111,Neutre,Normal
2025-07-28,268.0,boa,0.011129975476325216,141.62659197801617,-4.285714285714281,Hold,41.439205955335005,Neutre,267.7025,275.1715572222697,260.23344277773026,0.07966199512114808,Neutre,Normal
2025-07-29,270.0,boa,0.00746268656716409,142.68350684352376,-0.7352941176470562,Hold,55.988023952095816,Neutre,267.6025,274.8804027488088,260.3245972511912,0.658843648437702,Neutre,Normal
2025-07-31,265.2,boa,-0.01777777777777778,140.14691116630556,-0.6741573033707926,Hold,46.866485013623965,Neutre,267.5125,274.8659005738886,260.15909942611137,-0.6289607037624227,Neutre,Normal
2025-08-01,265.3,boa,0.00037707390648566985,140.19975690958094,-1.7771195853387711,Hold,41.44144144144146,Neutre,267.2725,274.58352088055113,259.9614791194488,-0.5395963251171207,Neutre,Normal
2025-08-04,266.0,boa,0.0026385224274405594,140.56967711250857,-2.564102564102566,Hold,50.0,Neutre,266.9225,273.73205018222757,260.11294981777246,-0.2709430066049506,Neutre,Normal
2025-08-05,266.0,boa,0.0,140.56967711250857,-3.0965391621129323,Hold,53.30882352941179,Neutre,266.4975,272.302713174386,260.692286825614,-0.1713976679427018,Neutre,Normal
2025-08-06,266.2,boa,0.0007518796992480592,140.67536859905937,-3.1647871953437545,Hold,54.044117647058805,Neutre,266.0625,270.3120665413707,261.8129334586293,0.0647124823962102,Neutre,Normal
2025-08-07,268.0,boa,0.0067618332081142984,141.62659197801617,0.7518796992481258,Hold,57.49128919860629,Neutre,266.1625,270.4991097600073,261.82589023999276,0.847436177885139,Neutre,Normal
2025-08-08,268.0,boa,0.0,141.62659197801617,0.18691588785046953,Hold,48.195329087048776,Neutre,266.1875,270.5621729201117,261.8128270798883,0.8286333781286275,Neutre,Normal
2025-08-11,267.2,boa,-0.0029850746268657025,141.20382603181315,-1.4022140221402246,Hold,55.0970873786407,Neutre,265.9975,269.7824389899916,262.2125610100084,0.6354131483649922,Neutre,Normal
2025-08-12,260.0,boa,-0.026946107784431073,137.39893251598585,-2.2556390977443663,Hold,39.07407407407412,Neutre,265.6975,270.3364058374238,261.0585941625762,-2.4563982109902365,Buy,Normal
2025-08-13,263.5,boa,0.013461538461538414,139.24853353062412,-0.26495079485238104,Hold,52.32774674115456,Neutre,265.6625,270.359181359166,260.9658186408341,-0.9208629815943201,Neutre,Normal
2025-08-15,266.4,boa,0.011005692599620476,140.7810600856101,0.9090909090909038,Hold,52.59259259259255,Neutre,265.7825,270.4226310099541,261.14236899004595,0.266156278206491,Neutre,Normal
2025-08-18,264.8,boa,-0.006006006006005871,139.93552819320405,0.4171406901782415,Hold,49.562171628721536,Neutre,265.8375,270.39911040354696,261.275889596453,-0.4548832136971798,Neutre,Normal
2025-08-19,265.0,boa,0.0007552870090634656,140.0412196797548,-1.432025292914274,Hold,44.18604651162789,Neutre,265.64500000000004,269.9911901041161,261.298809895884,-0.29681168312872314,Neutre,Normal
2025-08-22,264.0,boa,-0.0037735849056603765,139.51276224700104,-0.4149377593361092,Hold,37.90322580645159,Neutre,265.59000000000003,269.99270251933376,261.1872974806663,-0.7222836396589657,Neutre,Normal
2025-08-25,260.0,boa,-0.015151515151515138,137.39893251598585,-2.218879277924024,Hold,39.166666666666664,Neutre,265.295,270.35224077047843,260.2377592295216,-2.094027253323393,Buy,Normal
2025-08-26,261.0,boa,0.0038461538461538325,137.92738994873963,-0.4766444232602529,Hold,41.36546184738951,Neutre,265.2325,270.4756684876167,259.98933151238333,-1.61448178138709,Neutre,Normal
2025-08-27,260.0,boa,-0.003831417624521105,137.39893251598585,-1.8867924528301883,Hold,38.09523809523806,Neutre,264.9825,270.7253468091833,259.23965319081674,-1.735202127290798,Neutre,Normal
2025-08-28,260.0,boa,0.0,137.39893251598585,-1.905300886625172,Hold,38.09523809523806,Neutre,264.73,270.88932327110354,258.5706767288965,-1.5358830156523353,Neutre,Normal
2025-08-29,251.5,boa,-0.03269230769230769,132.9070443375786,-6.156716417910446,Sell,28.059701492537286,Buy,263.90500000000003,272.2518178619828,255.55818213801732,-2.972390246228114,Buy,Anomalie
2025-09-01,254.2,boa,0.010735586481113168,134.33387940601384,-5.851851851851853,Sell,29.94186046511622,Buy,263.115,272.0059830135609,254.2240169864391,-2.0054025491675045,Buy,Normal
2025-09-02,252.5,boa,-0.0066876475216364195,133.43550177033242,-4.788838612368018,Hold,28.531855955678623,Buy,262.48,272.48791265896807,252.47208734103197,-1.9944218819809498,Neutre,Normal
2025-09-03,254.0,boa,0.005940594059405946,134.2281879194631,-4.259329061439887,Hold,32.065217391304316,Neutre,261.915,272.5111810399614,251.31881896003864,-1.4939344600002908,Neutre,Normal
2025-09-04,251.0,boa,-0.011811023622047223,132.64281562120172,-5.6390977443609,Sell,36.19631901840487,Neutre,261.165,272.6314315561397,249.69856844386032,-1.7730014695909797,Neutre,Normal
2025-09-08,257.0,boa,0.0239043824701195,135.81356021772447,-3.383458646616544,Hold,40.74074074074072,Neutre,260.71500000000003,272.088519568211,249.34148043178908,-0.6532718351113547,Neutre,Normal
2025-09-09,251.2,boa,-0.02256809338521404,132.7485071077525,-5.634861006761838,Sell,29.999999999999986,Buy,259.96500000000003,271.7851033034961,248.144896696504,-1.4830665646395165,Neutre,Normal
2025-09-10,259.0,boa,0.031050955414012815,136.87047508323204,-3.3582089552238847,Hold,43.4389140271493,Neutre,259.515,270.7161794491779,248.31382055082207,-0.09195460216250409,Neutre,Normal
2025-09-11,255.0,boa,-0.015444015444015413,134.7566453522169,-4.850746268656714,Hold,39.583333333333336,Neutre,258.865,269.4867800074361,248.24321999256392,-0.7277499623027781,Neutre,Normal
2025-09-12,255.0,boa,0.0,134.7566453522169,-4.56586826347305,Hold,40.42553191489362,Neutre,258.255,268.24372522292003,248.26627477707993,-0.6517348164771001,Neutre,Normal
2025-09-15,253.0,boa,-0.007843137254901933,133.6997304867093,-2.692307692307694,Hold,42.22222222222222,Neutre,257.90500000000003,268.12417186880924,247.6858281311908,-0.9599603691901848,Neutre,Normal
2025-09-16,255.0,boa,0.007905138339920903,134.7566453522169,-3.2258064516129004,Hold,43.47826086956522,Neutre,257.48,267.42269898759616,247.53730101240387,-0.49885850976558854,Neutre,Normal
2025-09-17,251.05,boa,-0.015490196078431273,132.6692384928394,-5.762012012011997,Sell,40.85801838610828,Neutre,256.7125,266.11092512003427,247.3140748799657,-1.2049891184278136,Neutre,Normal
2025-09-18,257.0,boa,0.023700458076080455,135.81356021772447,-2.945619335347438,Hold,47.267759562841526,Neutre,256.3225,264.9211825796346,247.72381742036538,0.15758227931441984,Neutre,Normal
2025-09-19,257.0,boa,0.0,135.81356021772447,-3.018867924528301,Hold,55.92672413793103,Neutre,255.92249999999999,263.5058942546264,248.3391057453736,0.28417354124577243,Neutre,Normal
2025-09-22,256.0,boa,-0.0038910505836575737,135.2851027849707,-3.0303030303030276,Hold,52.013422818791966,Neutre,255.52249999999998,262.0875169358859,248.9574830641141,0.14546801772586312,Neutre,Normal
2025-09-23,254.9,boa,-0.004296874999999978,134.7037996089415,-1.961538461538459,Hold,52.721088435374156,Neutre,255.26749999999998,261.48735572688025,249.04764427311972,-0.11816994352835523,Neutre,Normal
2025-09-24,254.0,boa,-0.0035307963907414974,134.2281879194631,-2.6819923371647514,Hold,50.0,Neutre,254.91749999999996,260.53807077079546,249.2969292292045,-0.3264792980696187,Neutre,Normal
2025-09-25,250.0,boa,-0.015748031496062964,132.1143581884479,-3.8461538461538436,Hold,48.87640449438203,Neutre,254.41749999999996,259.9121169829679,248.922883017032,-1.607937373503266,Neutre,Normal
2025-09-26,254.0,boa,0.016000000000000014,134.2281879194631,-2.3076923076923106,Hold,46.470588235294116,Neutre,254.11749999999998,258.9432287423541,249.29177125764588,-0.048697308229827686,Neutre,Normal
2025-09-29,247.0,boa,-0.027559055118110187,130.52898589018656,-1.7892644135188873,Hold,45.19450800915333,Neutre,253.89249999999998,259.57555653491085,248.20944346508915,-2.4256313333008612,Buy,Normal
2025-09-30,255.0,boa,0.03238866396761142,134.7566453522169,0.31471282454760274,Hold,45.44419134396355,Neutre,253.93249999999998,259.63589464936115,248.22910535063883,0.3743384652926299,Neutre,Normal
2025-10-01,236.0,boa,-0.07450980392156858,124.71595412989484,-6.53465346534653,Sell,33.87096774193549,Neutre,253.1075,262.95284487915575,243.26215512084423,-3.475246466219674,Buy,Anomalie
2025-10-02,247.0,boa,0.04661016949152552,130.52898589018656,-2.7559055118110187,Hold,44.27753934191703,Neutre,252.7575,262.9604549383367,242.55454506166333,-1.1285946149515407,Neutre,Normal
2025-10-03,241.0,boa,-0.02429149797570851,127.3582412936638,-3.984063745019917,Hold,41.88092016238159,Neutre,252.2575,263.7248575628271,240.7901424371729,-1.9633991420120376,Neutre,Normal
2025-10-06,248.0,boa,0.029045643153526868,131.05744332294034,-3.5019455252918275,Hold,45.564005069708486,Neutre,251.80749999999998,263.19735120738454,240.41764879261544,-0.6685776540314075,Neutre,Normal
2025-10-07,244.0,boa,-0.016129032258064502,128.94361359192519,-2.86624203821656,Hold,45.53514882837238,Neutre,251.4475,263.3612901079751,239.5337098920249,-1.250231862825019,Neutre,Normal
2025-10-08,241.0,boa,-0.012295081967213073,127.3582412936638,-6.949806949806947,Sell,39.473684210526315,Neutre,250.54749999999999,262.77445361637086,238.32054638362914,-1.5617136205075137,Neutre,Normal
2025-10-09,231.0,boa,-0.04149377593360992,122.0736669661259,-9.411764705882353,Sell,34.883720930232556,Neutre,249.3475,264.1699394256262,234.5250605743738,-2.4756383849043666,Buy,Normal
2025-10-10,235.1,boa,0.017748917748917625,124.24034244041641,-7.803921568627448,Sell,38.27160493827161,Neutre,248.35250000000002,264.21266111287514,232.4923388871249,-1.6711683955394088,Neutre,Normal
2025-10-13,228.83,boa,-0.026669502339429996,120.92691433705016,-9.55335968379446,Sell,36.172695449241544,Neutre,247.144,265.0628620409373,229.22513795906266,-2.0441030192832477,Buy,Normal
2025-10-14,216.49,boa,-0.05392649565179397,114.40574961686838,-15.101960784313718,Sell,32.25806451612904,Neutre,245.2185,267.3613693761799,223.07563062382013,-2.5948308244914813,Buy,Anomalie
2025-10-15,218.5,boa,0.009284493510092862,115.46794905670347,-12.965544712208732,Sell,34.814886232163516,Neutre,243.59099999999998,268.5366393404799,218.64536065952004,-2.0116541939483716,Buy,Normal
2025-10-16,223.35,boa,0.022196796338672664,118.03096760555938,-13.09338521400778,Sell,35.344745146791624,Neutre,241.9085,267.5749189985779,216.24208100142206,-1.446130837420542,Neutre,Normal
2025-10-17,225.31,boa,0.008775464517573273,119.06674417375682,-12.330739299610894,Sell,39.10378780267256,Neutre,240.32399999999998,265.98034457287594,214.66765542712406,-1.1703927624883,Neutre,Normal
2025-10-20,240.0,boa,0.06519905907416446,126.82978386091001,-6.25,Sell,42.93918282809264,Neutre,239.52399999999997,264.0971821301197,214.95081786988027,0.03874142123551735,Neutre,Normal
2025-10-21,243.0,boa,0.012499999999999956,128.41515615917137,-4.668497449980391,Hold,53.87940589669696,Neutre,238.929,262.49001499020056,215.36798500979944,0.34557085097507045,Neutre,Normal
2025-10-22,245.0,boa,0.008230452674897082,129.47207102467897,-3.543307086614178,Hold,48.76877616350652,Neutre,238.47899999999998,261.1552049177925,215.80279508220747,0.5751403309010862,Neutre,Normal
2025-10-23,245.9,boa,0.003673469387755146,129.94768271415737,-1.639999999999997,Hold,53.21860220704151,Neutre,238.27400000000003,260.58281855372877,215.9651814462713,0.6836758281603714,Neutre,Normal
2025-10-24,245.0,boa,-0.0036600244001626647,129.47207102467897,-3.543307086614178,Hold,47.85775492716367,Neutre,237.824,259.1380827178956,216.5099172821044,0.6733576194648916,Neutre,Normal
2025-10-27,244.0,boa,-0.004081632653061273,128.94361359192519,-1.2145748987854255,Hold,50.0,Neutre,237.67400000000004,258.75715406345057,216.5908459365495,0.6000999642616689,Neutre,Normal
2025-10-28,250.0,boa,0.024590163934426146,132.1143581884479,-1.9607843137254943,Hold,56.426735218509,Neutre,237.42400000000004,257.74698196105845,217.1010180389416,1.237613655722105,Neutre,Normal
2025-10-29,245.0,boa,-0.020000000000000018,129.47207102467897,3.813559322033888,Hold,60.765918179021845,Neutre,237.87400000000002,258.46106839895356,217.2869316010465,0.6922792368399767,Neutre,Normal
2025-10-30,241.0,boa,-0.01632653061224487,127.3582412936638,-2.429149797570851,Hold,54.544054220579184,Neutre,237.574,257.7723223899525,217.37567761004757,0.33923609435051244,Neutre,Normal
2025-10-31,242.0,boa,0.004149377593360981,127.8866987264176,0.4149377593360981,Hold,61.039396479463534,Neutre,237.62400000000002,257.86294151590556,217.38505848409451,0.43243368202442173,Neutre,Normal
2025-11-03,242.0,boa,0.0,127.8866987264176,-2.4193548387096753,Hold,76.96047347283871,Sell,237.324,257.0876459453377,217.56035405466227,0.47319204289864963,Neutre,Normal
2025-11-04,244.9,boa,0.011983471074380248,129.41922528140358,0.36885245901638886,Hold,77.38589211618256,Sell,237.369,257.2006301317931,217.5373698682069,0.7594937934957428,Neutre,Normal
2025-11-05,241.0,boa,-0.015924867292772538,127.3582412936638,0.0,Hold,68.67724867724867,Neutre,237.369,257.2006301317931,217.5373698682069,0.3661827067033648,Neutre,Normal
2025-11-07,235.0,boa,-0.024896265560165998,124.18749669714104,1.7316017316017396,Hold,59.446285825697004,Neutre,237.56900000000002,257.2099474527615,217.9280525472385,-0.2615963416407203,Neutre,Normal
2025-11-10,236.1,boa,0.004680851063829872,124.76879987317022,0.42535091450446316,Hold,44.827586206896555,Neutre,237.619,257.23856263260654,217.99943736739348,-0.154845449763036,Neutre,Normal
2025-11-11,226.5,boa,-0.0406607369758577,119.69560851873382,-1.0182231350784443,Hold,31.376975169300238,Neutre,237.5025,257.3679345402691,217.63706545973088,-1.1077029276854613,Neutre,Normal
2025-11-12,226.5,boa,0.0,119.69560851873382,4.623770151046225,Hold,28.132387706855795,Buy,238.00300000000001,256.0616087941176,219.94439120588243,-1.273963031277028,Neutre,Normal
2025-11-13,230.0,boa,0.015452538631346657,121.54520953337209,5.263157894736836,Buy,32.29398663697104,Neutre,238.57800000000003,254.64435530017974,222.51164469982032,-1.0678215238902482,Neutre,Normal
2025-11-14,227.0,boa,-0.013043478260869601,119.95983723511073,1.6342064025072878,Hold,30.851063829787236,Neutre,238.7605,254.16794109359714,223.35305890640288,-1.5266000276823806,Neutre,Normal
2025-11-17,225.1,boa,-0.008370044052863457,118.95576811287852,-0.09320491766898753,Hold,30.271398747390393,Neutre,238.75,254.1962736095502,223.3037263904498,-1.7674165750321074,Neutre,Normal
2025-11-19,226.8,boa,0.0075521990226565805,119.85414574855997,-5.499999999999994,Sell,23.394495412844066,Buy,238.09,254.41446017484296,221.76553982515705,-1.3832004095790702,Neutre,Normal
2025-11-20,220.0,boa,-0.029982363315696703,116.26063520583418,-9.465020576131689,Sell,22.466960352422916,Buy,236.94,254.96050294292093,218.91949705707907,-1.8800807118043947,Neutre,Normal
2025-11-21,220.0,boa,0.0,116.26063520583418,-10.204081632653061,Sell,24.63768115942031,Buy,235.69,254.79226219725464,216.58773780274535,-1.6427373719385912,Neutre,Normal
2025-11-24,219.0,boa,-0.004545454545454519,115.73217777308038,-10.939406262708417,Sell,22.222222222222243,Buy,234.34499999999997,254.19384724214825,214.4961527578517,-1.5461855102008595,Neutre,Normal
2025-11-25,220.1,boa,0.005022831050228271,116.31348094910956,-10.16326530612245,Sell,24.235294117647072,Buy,233.1,253.2561274476086,212.94387255239138,-1.2899303235495623,Neutre,Normal
2025-11-26,225.0,boa,0.0222626079054975,118.90292236960313,-7.786885245901642,Sell,27.640449438202253,Buy,232.15,251.93053269465312,212.3694673053469,-0.7229330079601672,Neutre,Normal
2025-11-27,225.0,boa,0.0,118.90292236960313,-9.999999999999998,Sell,30.29556650246306,Neutre,230.9,249.0211130133371,212.7788869866629,-0.6511741299397693,Neutre,Normal
2025-11-28,224.9,boa,-0.0004444444444444695,118.85007662632776,-8.20408163265306,Sell,35.446685878962555,Neutre,229.89499999999998,246.91987035270296,212.870129647297,-0.586788609430666,Neutre,Normal
2025-12-01,223.0,boa,-0.008448199199644346,117.84600750409555,-7.468879668049788,Sell,31.549295774647916,Neutre,228.99499999999998,245.44133697818538,212.54866302181458,-0.7290377192139271,Neutre,Normal
2025-12-02,224.0,boa,0.004484304932735439,118.37446493684934,-7.438016528925617,Sell,45.35315985130112,Neutre,228.09499999999997,243.48063581636166,212.7093641836383,-0.532314692597258,Neutre,Normal
2025-12-03,230.0,boa,0.02678571428571419,121.54520953337209,-4.958677685950407,Hold,55.319148936170215,Neutre,227.49499999999998,241.4685803346332,213.52141966536675,0.3585337386713174,Neutre,Normal
2025-12-04,230.0,boa,0.0,121.54520953337209,-6.0841159657002875,Sell,50.0,Neutre,226.75,238.17232348010847,215.32767651989153,0.5690611031389101,Neutre,Normal
2025-12-05,234.0,boa,0.017391304347825987,123.65903926438726,-2.904564315352698,Hold,61.51315789473683,Neutre,226.4,236.3130960695555,216.4869039304445,1.5333251986411476,Neutre,Normal
2025-12-08,235.8,boa,0.007692307692307665,124.6102626433441,0.34042553191488967,Hold,67.65676567656766,Neutre,226.44,236.50450772713202,216.37549227286797,1.8600015527370921,Neutre,Normal
2025-12-09,231.0,boa,-0.020356234096692183,122.0736669661259,-2.1601016518424387,Hold,56.28742514970058,Neutre,226.185,235.44527736313182,216.92472263686818,1.0399256547476816,Neutre,Normal
2025-12-10,232.0,boa,0.0043290043290042934,122.60212439887968,2.428256070640167,Hold,71.7391304347826,Sell,226.45999999999998,236.07936643060975,216.8406335693902,1.151843011691745,Neutre,Normal
2025-12-11,230.15,boa,-0.007974137931034408,121.62447814828516,1.6114790286975822,Hold,67.23259762308999,Neutre,226.64249999999998,236.40252992877342,216.88247007122655,0.7187477959795192,Neutre,Normal
2025-12-12,234.0,boa,0.01672822072561364,123.65903926438726,1.7391304347825987,Hold,73.21981424148606,Sell,226.84249999999997,237.0460739352767,216.63892606472325,1.402939802347974,Neutre,Normal
2025-12-15,232.0,boa,-0.008547008547008517,122.60212439887968,2.2026431718061623,Hold,67.92168674698794,Neutre,227.09249999999997,237.5540725395385,216.63092746046144,0.9381954732813994,Neutre,Normal
2025-12-16,232.8,boa,0.0034482758620690834,123.02489034508272,3.420701910262114,Hold,63.40206185567011,Neutre,227.47750000000002,238.19396421461786,216.76103578538218,0.9933313625476965,Neutre,Normal
2025-12-17,232.9,boa,0.00042955326460480947,123.07773608835811,2.689594356261016,Hold,63.52739726027398,Neutre,227.78249999999997,238.76177593241133,216.80322406758862,0.9322108363982227,Neutre,Normal
2025-12-18,232.9,boa,0.0,123.07773608835811,5.86363636363636,Buy,63.745704467353946,Neutre,228.4275,238.98947125739952,217.8655287426005,0.8469063001599547,Neutre,Normal
2025-12-19,230.0,boa,-0.012451696006869906,121.54520953337209,4.545454545454541,Hold,61.62790697674418,Neutre,228.9275,238.72908284746998,219.12591715253004,0.2188422047112173,Neutre,Normal
2025-12-22,230.0,boa,0.0,121.54520953337209,5.022831050228316,Buy,60.309278350515456,Neutre,229.47750000000002,238.09672422935026,220.85827577064978,0.12124060961791877,Neutre,Normal
2025-12-23,229.0,boa,-0.004347826086956497,121.0167521006183,4.0436165379373,Hold,47.9253112033195,Neutre,229.92249999999999,237.33816443060886,222.50683556939111,-0.24879766570673784,Neutre,Normal
2025-12-24,225.0,boa,-0.017467248908296984,118.90292236960313,0.0,Hold,41.1032028469751,Neutre,229.92249999999999,237.33816443060886,222.50683556939111,-1.3275951321858352,Neutre,Normal
2025-12-25,230.0,boa,0.022222222222222143,121.54520953337209,2.2222222222222143,Hold,43.127147766323034,Neutre,230.17249999999999,237.21727970220934,223.12772029779063,-0.04897243272089448,Neutre,Normal
2025-12-26,216.0,boa,-0.060869565217391286,114.14680547481902,-3.9573143619386464,Hold,26.02905569007264,Buy,229.72750000000002,238.95945109674335,220.4955489032567,-2.9739109005554702,Buy,Anomalie
2025-12-29,212.0,boa,-0.01851851851851849,112.03297574380385,-4.932735426008971,Hold,26.543209876543216,Buy,229.1775,241.0344755174362,217.32052448256383,-2.897450530236782,Buy,Normal
2025-12-30,218.0,boa,0.028301886792452935,115.2037203403266,-2.67857142857143,Hold,34.61538461538461,Neutre,228.8775,241.5608697581156,216.1941302418844,-1.715238175255424,Neutre,Normal
2025-12-31,225.0,boa,0.032110091743119185,118.90292236960313,-2.1739130434782594,Hold,44.91609081934847,Neutre,228.6275,241.4143960473738,215.8406039526262,-0.5673777258469259,Neutre,Normal
2026-01-02,230.0,boa,0.022222222222222143,121.54520953337209,0.0,Hold,46.13899613899614,Neutre,228.6275,241.4143960473738,215.8406039526262,0.21467289558233152,Neutre,Normal
2026-01-05,230.0,boa,0.0,121.54520953337209,-1.7094017094017144,Hold,47.99196787148595,Neutre,228.4275,240.98362557573842,215.8713744242616,0.25047535412332234,Neutre,Normal
2026-01-06,231.45,boa,0.006304347826086909,122.3114728108651,-1.8447837150127322,Hold,48.66204162537163,Neutre,228.20999999999998,240.37295497337047,216.0470450266295,0.5327652707904691,Neutre,Normal
2026-01-07,220.0,boa,-0.049470728019010535,116.26063520583418,-4.761904761904767,Hold,39.56310679611649,Neutre,227.66,240.2780572364005,215.04194276359948,-1.214133024837208,Neutre,Normal
2026-01-08,227.5,boa,0.03409090909090917,120.22406595148763,-1.93965517241379,Hold,46.103896103896105,Neutre,227.435,239.88659469812373,214.98340530187627,0.01044042977238768,Neutre,Normal
2026-01-09,223.0,boa,-0.01978021978021982,117.84600750409555,-3.106669563328268,Hold,45.06346967559943,Neutre,227.07750000000001,239.61117988976,214.54382011024003,-0.6506469027234901,Neutre,Normal
2026-01-12,226.0,boa,0.013452914798206317,119.43137980235691,-3.4188034188034178,Hold,47.2936400541272,Neutre,226.6775,238.7843260432754,214.57067395672462,-0.11192033280701494,Neutre,Normal
2026-01-13,221.0,boa,-0.02212389380530977,116.78909263858796,-4.741379310344829,Hold,44.86521181001283,Neutre,226.1275,238.21566189065825,214.03933810934174,-0.8483506502278959,Neutre,Normal
2026-01-15,220.0,boa,-0.004524886877828038,116.26063520583418,-5.498281786941583,Sell,46.66221628838451,Neutre,225.4875,237.44285004660537,213.53214995339465,-0.9179990512378425,Neutre,Normal
2026-01-16,218.95,boa,-0.004772727272727373,115.70575490144267,-5.989695148132257,Sell,42.21282593375616,Neutre,224.79000000000002,236.55062117944203,213.029378820558,-0.9931448196305421,Neutre,Normal
2026-01-19,217.0,boa,-0.008906142955012464,114.6752629075728,-6.826964362387288,Sell,50.84889643463497,Neutre,223.99499999999998,235.59585750006718,212.39414249993277,-1.2059453363614645,Neutre,Normal
2026-01-20,214.0,boa,-0.01382488479262678,113.08989060931142,-6.956521739130439,Sell,51.727115716753026,Neutre,223.195,235.2500884648251,211.1399115351749,-1.5254968931716417,Neutre,Normal
2026-01-21,203.9,boa,-0.047196261682243,107.75247053849813,-11.347826086956514,Sell,38.62903225806452,Neutre,221.89000000000001,236.2699787716709,207.51002122832912,-2.5020899245610866,Buy,Anomalie
2026-01-22,210.0,boa,0.029916625796959195,110.97606087829625,-8.296943231441045,Sell,37.725040916530276,Neutre,220.94,235.84314696544672,206.03685303455327,-1.4681462949220894,Neutre,Normal
2026-01-23,200.0,boa,-0.04761904761904767,105.69148655075836,-11.111111111111116,Sell,27.307110438729183,Buy,219.69,237.13611553809156,202.24388446190844,-2.257235996976999,Buy,Normal
2026-01-26,200.0,boa,0.0,105.69148655075836,-13.043478260869568,Sell,27.307110438729183,Buy,218.19,237.0084847535892,199.3715152464108,-1.9332055941996782,Neutre,Normal
2026-01-27,207.0,boa,0.03499999999999992,109.39068858003489,-4.1666666666666625,Hold,32.93789253314725,Neutre,217.74,237.19852809925484,198.28147190074517,-1.103886167054054,Neutre,Normal
2026-01-28,213.8,boa,0.03285024154589378,112.98419912276067,0.8490566037735903,Hold,45.37313432835822,Neutre,217.83,237.1931608989859,198.46683910101413,-0.4162543523780835,Neutre,Normal
2026-01-29,214.0,boa,0.00093545369504211,113.08989060931142,-1.834862385321101,Hold,38.693467336683426,Neutre,217.63000000000002,237.06825311622788,198.19174688377217,-0.37349035206970826,Neutre,Normal
2026-01-30,205.0,boa,-0.04205607476635509,108.3337737145273,-8.888888888888891,Sell,35.981308411214954,Neutre,216.63000000000002,236.52428375980912,196.73571624019092,-1.169180066034367,Neutre,Normal
2026-02-02,209.0,boa,0.019512195121951237,110.44760344554247,-9.130434782608699,Sell,36.963190184049076,Neutre,215.58,234.7049465083535,196.45505349164654,-0.6881064997620744,Neutre,Normal
2026-02-03,204.8,boa,-0.020095693779904278,108.22808222797656,-10.956521739130432,Sell,37.42236024844721,Neutre,214.32,232.75279114712953,195.88720885287046,-1.0329417746896672,Neutre,Normal
2026-02-04,204.0,boa,-0.00390625,107.8053162817735,-11.8600129617628,Sell,37.53894080996885,Neutre,212.9475,230.04959205423683,195.84540794576316,-1.046363213532506,Neutre,Normal
2026-02-05,200.0,boa,-0.019607843137254943,105.69148655075836,-9.090909090909093,Sell,35.889798957557716,Neutre,211.9475,229.64190812650648,194.2530918734935,-1.3504266336100228,Neutre,Normal
2026-02-06,209.0,boa,0.04499999999999993,110.44760344554247,-8.131868131868137,Sell,44.60916442048517,Neutre,211.02249999999998,227.15929923261405,194.8857007673859,-0.2506692895964534,Neutre,Normal
2026-02-09,209.9,boa,0.0043062200956938135,110.92321513502088,-5.874439461883407,Sell,47.156726768377254,Neutre,210.3675,225.48877379067784,195.24622620932217,-0.06183341515689135,Neutre,Normal
2026-02-10,209.0,boa,-0.004287756074321081,110.44760344554247,-7.52212389380531,Sell,54.05405405405405,Neutre,209.5175,222.72950709880809,196.30549290119194,-0.07833783256848217,Neutre,Normal
2026-02-11,208.0,boa,-0.004784688995215336,109.91914601278867,-5.882352941176472,Sell,48.26989619377163,Neutre,208.8675,220.93006824360327,196.80493175639674,-0.1438333831537142,Neutre,Normal
2026-02-12,212.0,boa,0.019230769230769162,112.03297574380385,-3.6363636363636376,Hold,61.58301158301158,Neutre,208.46750000000003,219.45870581479417,197.4762941852059,0.6427866167777941,Neutre,Normal
2026-02-13,212.0,boa,0.0,112.03297574380385,-3.174240694222419,Hold,61.58301158301158,Neutre,208.11999999999998,218.10959458636864,198.1304054136313,0.7768083011685961,Neutre,Normal
2026-02-16,216.0,boa,0.018867924528301883,114.14680547481902,-0.4608294930875556,Hold,59.221311475409834,Neutre,208.07,217.88086401045214,198.25913598954784,1.6165752560736075,Neutre,Normal
2026-02-17,214.7,boa,-0.006018518518518534,113.45981081223908,0.3271028037383106,Hold,51.03926096997687,Neutre,208.10499999999996,218.00948595865876,198.20051404134117,1.331719793945385,Neutre,Normal
2026-02-18,215.95,boa,0.005822077317186869,114.12038260318131,5.909759686120641,Buy,52.19842164599773,Neutre,208.70750000000004,218.99363143995387,198.4213685600462,1.4082067767223583,Neutre,Normal
2026-02-19,217.95,boa,0.009261403102569954,115.1772974686889,3.785714285714281,Hold,67.33601070950465,Neutre,209.10500000000002,220.18522895450351,198.02477104549652,1.596537406639954,Neutre,Normal
2026-02-20,219.0,boa,0.004817618719889838,115.73217777308038,9.499999999999996,Buy,64.53488372093022,Neutre,210.055,221.10631094867114,199.00368905132888,1.6188124723928037,Neutre,Normal
2026-02-23,213.0,boa,-0.0273972602739726,112.56143317655763,6.499999999999995,Buy,61.3259668508287,Neutre,210.705,220.74957958041935,200.66042041958067,0.4569628786602092,Neutre,Normal
2026-02-24,218.05,boa,0.02370892018779358,115.2301432119643,5.338164251207744,Buy,67.36711990111249,Neutre,211.25750000000002,221.65346455108318,200.86153544891687,1.3067570530128982,Neutre,Normal
2026-02-25,217.0,boa,-0.0048154093097914075,114.6752629075728,1.4967259120673537,Hold,72.66666666666663,Sell,211.41750000000002,222.073473121114,200.76152687888603,1.0477691594282803,Neutre,Normal
2026-02-26,217.0,boa,0.0,114.6752629075728,1.4018691588784993,Hold,64.03508771929822,Neutre,211.56750000000002,222.45840760318268,200.67659239681737,0.9976211713360655,Neutre,Normal
2026-02-27,220.0,boa,0.01382488479262678,116.26063520583418,7.317073170731714,Buy,66.50326797385617,Neutre,212.31750000000002,223.3688764324921,201.26612356750795,1.3903245531321695,Neutre,Normal
2026-03-02,204.0,boa,-0.07272727272727275,107.8053162817735,-2.392344497607657,Hold,44.529540481400446,Neutre,212.06750000000002,223.6483951113011,200.48660488869893,-1.393242909544609,Neutre,Normal
2026-03-03,192.0,boa,-0.05882352941176472,101.46382708872801,-6.25,Sell,35.89065255731924,Neutre,211.4275,225.7820509013329,197.07294909866712,-2.7068070793069654,Buy,Normal
2026-03-04,198.0,boa,0.03125,104.63457168525076,-2.941176470588236,Hold,38.074957410562185,Neutre,211.1275,226.35961548358506,195.89538451641494,-1.7236607763572802,Neutre,Normal
2026-03-05,209.9,boa,0.06010101010101021,110.92321513502088,4.95000000000001,Hold,48.512747875354115,Neutre,211.6225,225.94853353486633,197.29646646513368,-0.2404713064237663,Neutre,Normal
2026-03-06,200.0,boa,-0.04716531681753222,105.69148655075836,-4.30622009569378,Hold,39.54248366013073,Neutre,211.17249999999999,226.38345432834365,195.96154567165632,-1.4690071061723557,Neutre,Normal
2026-03-09,195.0,boa,-0.025000000000000022,103.04919938698937,-7.098618389709388,Sell,37.71820448877807,Neutre,210.4275,227.2726297037705,193.58237029622953,-1.8316866977339863,Neutre,Normal
2026-03-10,197.0,boa,0.01025641025641022,104.10611425249697,-5.741626794258369,Sell,38.29524397776406,Neutre,209.82750000000001,227.7096426656818,191.94535733431823,-1.4346714753168475,Neutre,Normal
2026-03-11,202.0,boa,0.025380710659898442,106.74840141626592,-2.8846153846153855,Hold,40.500297796307336,Neutre,209.5275,227.73705431692548,191.31794568307453,-0.8267637822418658,Neutre,Normal
2026-03-12,204.4,boa,0.011881188118811892,108.01669925487502,-3.5849056603773577,Hold,41.44196951934351,Neutre,209.14749999999998,227.45672905042858,190.83827094957138,-0.5185909233997853,Neutre,Normal
2026-03-13,204.0,boa,-0.00195694716242667,107.8053162817735,-3.7735849056603765,Hold,44.35382685069009,Neutre,208.7475,227.1436802385285,190.3513197614715,-0.5161397571064187,Neutre,Normal
2026-03-16,210.0,boa,0.02941176470588225,110.97606087829625,-2.777777777777779,Hold,45.00929944203348,Neutre,208.4475,226.53886097990608,190.3561390200939,0.17162887874763613,Neutre,Normal
2026-03-17,212.0,boa,0.00952380952380949,112.03297574380385,-1.2575687005123348,Hold,46.93627450980392,Neutre,208.3125,226.2470263902371,190.3779736097629,0.41121799592180386,Neutre,Normal
2026-03-18,219.0,boa,0.03301886792452824,115.73217777308038,1.412363973141928,Hold,51.12866817155756,Neutre,208.465,226.72194100162588,190.20805899837413,1.154081617403683,Neutre,Normal
2026-03-19,219.5,boa,0.0022831050228311334,115.99640648945729,0.7111722872218396,Hold,49.709639953542386,Neutre,208.54249999999996,226.98122569520905,190.10377430479087,1.1885311578605582,Neutre,Normal
2026-03-24,218.0,boa,-0.006833712984054663,115.2037203403266,-0.45662100456621557,Hold,59.77653631284915,Neutre,208.49249999999998,226.81689487045688,190.16810512954308,1.037687745457645,Neutre,Normal
2026-03-25,217.9,boa,-0.0004587155963302614,115.15087459705123,2.3004694835680795,Hold,71.69179229480737,Sell,208.7375,227.4427166942528,190.03228330574723,0.979673226968302,Neutre,Normal
2026-03-26,208.0,boa,-0.045433685176686556,109.91914601278867,-4.609034625085995,Hold,57.861635220125784,Neutre,208.23499999999999,226.41958282808775,190.05041717191222,-0.025846069961748704,Neutre,Normal
2026-03-27,205.0,boa,-0.014423076923076872,108.3337737145273,-5.5299539170506895,Sell,45.52102376599633,Neutre,207.635,225.38866826439283,189.88133173560715,-0.2968400626573389,Neutre,Normal
2026-03-30,205.0,boa,0.0,108.3337737145273,-5.5299539170506895,Sell,55.580357142857146,Neutre,207.035,224.25925156879876,189.81074843120123,-0.23629473732099224,Neutre,Normal
2026-03-31,200.0,boa,-0.024390243902439046,105.69148655075836,-9.090909090909093,Sell,55.580357142857146,Neutre,206.035,222.39030173175794,189.67969826824205,-0.7379869963855846,Neutre,Normal
2026-04-01,200.0,boa,0.0,105.69148655075836,-1.9607843137254943,Hold,53.50467289719626,Neutre,205.83499999999998,222.39166823844386,189.2783317615561,-0.7048519564402885,Neutre,Normal
2026-04-02,203.0,boa,0.014999999999999902,107.27685884901972,5.729166666666674,Buy,51.22549019607843,Neutre,206.385,221.6900765571772,191.07992344282277,-0.44233689225325945,Neutre,Normal
2026-04-03,203.0,boa,0.0,107.27685884901972,2.5252525252525304,Hold,48.17708333333333,Neutre,206.635,221.52099129524495,191.74900870475503,-0.4883786276512365,Neutre,Normal
2026-04-06,203.0,boa,0.0,107.27685884901972,-3.2872796569795137,Hold,48.684210526315795,Neutre,206.29000000000002,221.17721104275688,191.40278895724316,-0.44199010688448875,Neutre,Normal
2026-04-07,200.0,boa,-0.014778325123152691,105.69148655075836,0.0,Hold,35.71428571428572,Neutre,206.29000000000002,221.17721104275688,191.40278895724316,-0.845020599484324,Neutre,Normal
2026-04-08,203.55,boa,0.017750000000000155,107.56751043703431,4.384615384615387,Hold,38.44049247606021,Neutre,206.71750000000003,220.70340549916534,192.73159450083472,-0.4529560134935931,Neutre,Normal
2026-04-09,207.0,boa,0.016949152542372836,109.39068858003489,5.076142131979688,Buy,31.818181818181827,Neutre,207.21750000000003,220.43452550341414,194.00047449658592,-0.032912095076739756,Neutre,Normal
2026-04-10,207.0,boa,0.0,109.39068858003489,2.4752475247524774,Hold,30.769230769230774,Neutre,207.46750000000003,220.4561701640924,194.47882983590765,-0.07198581442039376,Neutre,Normal
2026-04-13,204.0,boa,-0.01449275362318836,107.8053162817735,-0.195694716242667,Hold,29.411764705882362,Buy,207.4475,220.45727264253802,194.43772735746197,-0.529986202637809,Neutre,Normal
2026-04-14,203.0,boa,-0.004901960784313708,107.27685884901972,-0.4901960784313708,Hold,28.653295128939817,Buy,207.39749999999998,220.47059309834128,194.32440690165868,-0.672755860746976,Neutre,Normal
2026-04-15,204.0,boa,0.0049261083743843415,107.8053162817735,-2.857142857142858,Hold,42.30769230769231,Neutre,207.0975,220.1944853903787,194.0005146096213,-0.47300961368949496,Neutre,Normal
2026-04-16,204.1,boa,0.0004901960784313708,107.85816202504887,-3.72641509433963,Hold,48.05194805194804,Neutre,206.70250000000001,219.65262599003958,193.75237400996045,-0.401926591602538,Neutre,Normal
2026-04-17,213.9,boa,0.04801567858892697,113.03704486603606,-2.328767123287667,Hold,63.5258358662614,Neutre,206.4475,218.5512390917023,194.34376090829767,1.2314376480750573,Neutre,Normal
2026-04-20,217.0,boa,0.01449275362318847,114.6752629075728,-1.1389521640091105,Hold,77.41935483870968,Sell,206.3225,217.89881315729633,194.74618684270365,1.8447151273322606,Neutre,Normal
2026-04-21,213.6,boa,-0.015668202764976935,112.8785076362099,-2.0183486238532167,Hold,69.76744186046511,Neutre,206.10250000000002,216.8843792913218,195.32062070867823,1.3907594024048524,Neutre,Normal
2026-04-22,216.4,boa,0.013108614232209881,114.35818844792054,-0.6883891693437394,Hold,69.5906432748538,Neutre,206.0275,216.47967051243685,195.57532948756315,1.9847552214457163,Neutre,Normal
2026-04-23,214.0,boa,-0.011090573012939031,113.08989060931142,2.8846153846153744,Hold,65.02732240437157,Neutre,206.32750000000001,217.34707468851644,195.3079253114836,1.3925219832659328,Neutre,Normal
2026-04-24,210.2,boa,-0.017757009345794494,111.081752364847,2.536585365853661,Hold,58.91089108910889,Neutre,206.5875,217.71999747361315,195.45500252638686,0.6490008209860421,Neutre,Normal
2026-04-27,207.9,boa,-0.010941960038058918,109.86630026951329,1.4146341463414647,Hold,59.949622166246854,Neutre,206.7325,217.85347473009318,195.6115252699068,0.209963609905664,Neutre,Normal
2026-04-28,203.0,boa,-0.023569023569023573,107.27685884901972,1.4999999999999902,Hold,49.33008526187575,Neutre,206.8825,217.6978533655196,196.0671466344804,-0.7179608226907838,Neutre,Normal
2026-04-29,207.0,boa,0.019704433497536922,109.39068858003489,3.499999999999992,Hold,50.0,Neutre,207.2325,217.55173472274768,196.9132652772523,-0.04506148105875813,Neutre,Normal
2026-04-30,204.9,boa,-0.010144927536231862,108.28092797125193,0.9359605911330116,Hold,47.59725400457667,Neutre,207.32750000000001,217.51683782260469,197.13816217739534,-0.47647846057565973,Neutre,Normal
2026-05-04,205.0,boa,0.00048804294777937685,108.3337737145273,0.9852216748768461,Hold,51.22549019607843,Neutre,207.4275,217.47630066161364,197.37869933838638,-0.4831422339330599,Neutre,Normal
2026-05-05,205.35,boa,0.0017073170731707332,108.51873381599113,1.1576354679802892,Hold,52.926525529265255,Neutre,207.545,217.42943220422924,197.66056779577073,-0.4441327442280024,Neutre,Normal
2026-05-06,210.0,boa,0.02264426588750923,110.97606087829625,5.000000000000004,Buy,56.84931506849315,Neutre,208.045,217.31503662060587,198.7749633793941,0.42178905650800724,Neutre,Normal
2026-05-07,204.1,boa,-0.028095238095238173,107.85816202504887,0.2702038811102758,Hold,50.0,Neutre,208.0725,217.2895023098051,198.85549769019488,-0.861993925242705,Neutre,Normal
2026-05-08,208.9,boa,0.023517883390494987,110.3947577022671,0.9178743961352653,Hold,44.39461883408072,Neutre,208.16750000000002,217.37712168489855,198.95787831510148,0.1590727665178917,Neutre,Normal
2026-05-11,205.0,boa,-0.018669219722355246,108.3337737145273,-0.9661835748792313,Hold,36.78414096916301,Neutre,208.06750000000002,217.37342765250676,198.76157234749328,-0.6592572206756258,Neutre,Normal
2026-05-12,203.0,boa,-0.009756097560975618,107.27685884901972,-0.4901960784313708,Hold,37.954545454545475,Neutre,208.0175,217.42563058224837,198.60936941775165,-1.0666306034202435,Neutre,Normal
2026-05-13,203.1,boa,0.0004926108374383453,107.32970459229509,0.04926108374383453,Hold,33.89830508474576,Neutre,208.02249999999998,217.41950260161408,198.62549739838587,-1.0476744997717582,Neutre,Normal
2026-05-14,202.1,boa,-0.00492368291482026,106.80124715954132,-0.9313725490196156,Hold,35.0877192982456,Neutre,207.9275,217.53185619366246,198.32314380633755,-1.2135118445201698,Neutre,Normal
2026-05-15,200.0,boa,-0.010390895596239402,105.69148655075836,-2.0088192062714283,Hold,36.649214659685875,Neutre,207.7225,217.83255101762362,197.61244898237638,-1.5276876420382661,Neutre,Normal
2026-05-18,202.3,boa,0.011500000000000066,106.90693864609206,-5.423094904160819,Sell,42.670157068062835,Neutre,207.1425,217.09000828361735,197.19499171638267,-0.9736106494075848,Neutre,Normal
2026-05-19,200.0,boa,-0.011369253583786487,105.69148655075836,-7.834101382488479,Sell,45.78651685393258,Neutre,206.29250000000002,215.57657096505693,197.0084290349431,-1.3555475876226102,Neutre,Normal
2026-05-20,197.0,boa,-0.015000000000000013,104.10611425249697,-7.771535580524347,Sell,35.54913294797689,Neutre,205.4625,214.96146808800006,195.96353191199995,-1.78177248762223,Neutre,Normal
2026-05-21,200.0,boa,0.015228426395939021,105.69148655075836,-7.578558225508325,Sell,43.09859154929577,Neutre,204.64249999999998,212.91873579578106,196.3662642042189,-1.1218868370972623,Neutre,Normal
2026-05-22,200.0,boa,0.0,105.69148655075836,-6.542056074766355,Sell,42.93785310734464,Neutre,203.9425,211.19067762940222,196.69432237059777,-1.0878596528890945,Neutre,Normal
2026-05-25,209.95,boa,0.04974999999999996,110.94963800665856,-0.11893434823977422,Hold,55.1111111111111,Neutre,203.93,211.13346407895816,196.72653592104186,1.6714180660898545,Neutre,Normal
2026-05-26,208.0,boa,-0.009287925696594423,109.91914601278867,0.04810004810005264,Hold,47.635933806146575,Neutre,203.935,211.15019595240332,196.71980404759668,1.1267885243354985,Neutre,Normal
2026-06-01,202.05,boa,-0.028605769230769185,106.77482428790361,-0.4679802955664947,Hold,47.57969303423851,Neutre,203.8875,211.14102001662482,196.63397998337516,-0.5066505629786605,Neutre,Normal
2024-05-02,96.2,iam,,100.0,,Hold,,Neutre,,,,,Neutre,
2024-05-03,96.3,iam,0.0010395010395010118,100.1039501039501,,Hold,,Neutre,,,,,Neutre,
2024-05-06,96.31,iam,0.00010384215991687817,100.11434511434511,,Hold,,Neutre,,,,,Neutre,
2024-05-07,96.2,iam,-0.0011421451562662055,100.0,,Hold,,Neutre,,,,,Neutre,
2024-05-08,96.3,iam,0.0010395010395010118,100.1039501039501,,Hold,,Neutre,,,,,Neutre,
2024-05-09,96.2,iam,-0.0010384215991692258,100.0,,Hold,,Neutre,,,,,Neutre,
2024-05-10,96.3,iam,0.0010395010395010118,100.1039501039501,,Hold,,Neutre,,,,,Neutre,
2024-05-13,96.0,iam,-0.0031152647975077885,99.79209979209979,,Hold,,Neutre,,,,,Neutre,
2024-05-14,95.99,iam,-0.00010416666666668295,99.78170478170478,,Hold,,Neutre,,,,,Neutre,
2024-05-15,95.0,iam,-0.01031357433065938,98.75259875259876,,Hold,,Neutre,,,,,Neutre,
2024-05-16,94.1,iam,-0.009473684210526412,97.81704781704781,,Hold,,Neutre,,,,,Neutre,
2024-05-17,94.0,iam,-0.0010626992561104665,97.71309771309771,,Hold,,Neutre,,,,,Neutre,
2024-05-20,93.55,iam,-0.004787234042553212,97.24532224532224,,Hold,,Neutre,,,,,Neutre,
2024-05-21,93.1,iam,-0.0048102618920363716,96.77754677754676,,Hold,,Neutre,,,,,Neutre,
2024-05-22,92.02,iam,-0.01160042964554242,95.65488565488565,,Hold,6.458333333333115,Buy,,,,,Neutre,
2024-05-23,92.5,iam,0.005216257335362018,96.15384615384616,,Hold,13.320463320463304,Buy,,,,,Neutre,
2024-05-24,92.5,iam,0.0,96.15384615384616,,Hold,13.152804642166245,Buy,,,,,Neutre,
2024-05-27,92.5,iam,0.0,96.15384615384616,,Hold,13.43873517786551,Buy,,,,,Neutre,
2024-05-28,92.8,iam,0.00324324324324321,96.46569646569645,,Hold,16.73003802281363,Buy,,,,,Neutre,
2024-05-29,92.02,iam,-0.008405172413793127,95.65488565488565,,Hold,14.814814814814738,Buy,94.49449999999999,97.95400696213383,91.03499303786614,-1.4305506692628251,Neutre,
2024-05-30,92.0,iam,-0.0002173440556400008,95.63409563409563,-4.365904365904372,Hold,13.310580204778176,Buy,94.2845,97.81722505522146,90.75177494477853,-1.293335860725106,Neutre,
2024-05-31,92.0,iam,0.0,95.63409563409563,-4.4652128764278265,Hold,14.028776978417284,Buy,94.06949999999999,97.60913706138295,90.52986293861703,-1.1693289250347185,Neutre,
2024-06-03,91.8,iam,-0.0021739130434782483,95.42619542619542,-4.68279514069152,Hold,13.565217391304373,Buy,93.84400000000001,97.35718359146921,90.33081640853081,-1.1636169569750374,Neutre,
2024-06-04,91.1,iam,-0.007625272331154731,94.69854469854468,-5.301455301455316,Sell,14.285714285714292,Buy,93.589,97.1224485913012,90.0555514086988,-1.4088219685026881,Neutre,
2024-06-05,90.35,iam,-0.008232711306256912,93.91891891891892,-6.178608515057116,Sell,14.689265536723184,Buy,93.2915,96.86557198113242,89.71742801886758,-1.6460216892822659,Neutre,
2024-06-06,92.5,iam,0.023796347537354823,96.15384615384616,-3.8461538461538436,Hold,39.80978260869568,Neutre,93.1065,96.42023711754729,89.7927628824527,-0.36605197001801193,Neutre,
2024-06-07,92.0,iam,-0.00540540540540535,95.63409563409563,-4.4652128764278265,Hold,39.541160593792206,Neutre,92.8915,95.87427352387621,89.90872647612377,-0.59776579942379,Neutre,
2024-06-10,91.0,iam,-0.010869565217391353,94.5945945945946,-5.2083333333333375,Sell,36.8090452261307,Neutre,92.6415,95.35309129819028,89.92990870180971,-1.2107281809729433,Neutre,
2024-06-11,90.9,iam,-0.001098901098900984,94.4906444906445,-5.302635691217827,Sell,41.977077363896925,Neutre,92.387,94.70173176802304,90.07226823197696,-1.2848140942654531,Neutre,
2024-06-12,90.3,iam,-0.0066006600660066805,93.86694386694387,-4.947368421052634,Hold,34.50704225352112,Neutre,92.152,94.29792490181062,90.00607509818938,-1.7260622666127596,Neutre,
2024-06-13,89.98,iam,-0.0035437430786267043,93.53430353430353,-4.378320935175339,Hold,33.01886792452834,Neutre,91.946,94.09555956321056,89.79644043678944,-1.8292119312698656,Neutre,Normal
2024-06-14,89.3,iam,-0.007557234941098057,92.82744282744282,-5.000000000000004,Sell,30.24691358024691,Neutre,91.71099999999998,93.94121264032225,89.48078735967772,-2.162125670359041,Buy,Normal
2024-06-19,88.15,iam,-0.012877939529675198,91.63201663201663,-5.7723142704436015,Sell,24.022346368715148,Buy,91.441,94.01481878886129,88.86718121113871,-2.5572895918255427,Buy,Normal
2024-06-20,88.15,iam,0.0,91.63201663201663,-5.316863587540266,Sell,26.315789473684276,Buy,91.1935,94.03380595090346,88.35319404909654,-2.143078986988642,Buy,Normal
2024-06-21,87.51,iam,-0.007260351673284204,90.96673596673597,-4.901108454683756,Hold,24.4596131968146,Buy,90.968,94.21851963457193,87.71748036542807,-2.1276598136626164,Buy,Normal
2024-06-24,87.31,iam,-0.002285453091075307,90.75883575883576,-5.610810810810807,Sell,23.915461624026733,Buy,90.7085,94.25889078649703,87.15810921350297,-1.9144371447364548,Neutre,Normal
2024-06-25,93.0,iam,0.06517008361012477,96.67359667359668,0.540540540540535,Hold,54.143646408839786,Neutre,90.7335,94.34354607056197,87.12345392943804,1.255662645683176,Neutre,Normal
2024-06-26,92.9,iam,-0.0010752688172042113,96.56964656964658,0.432432432432428,Hold,56.48414985590782,Neutre,90.7535,94.40889989892399,87.09810010107601,1.174426907782018,Neutre,Normal
2024-06-27,91.6,iam,-0.013993541442411273,95.21829521829521,-1.2931034482758674,Hold,54.33125433125433,Neutre,90.6935,94.24539067517878,87.14160932482122,0.5104323769505468,Neutre,Normal
2024-06-28,90.5,iam,-0.012008733624454093,94.07484407484408,-1.6518148228645946,Hold,42.526158445440956,Neutre,90.6175,94.11450548590105,87.12049451409897,-0.06720035211482174,Neutre,Normal
2024-07-01,90.45,iam,-0.0005524861878453136,94.02286902286903,-1.6847826086956452,Hold,44.00618716163961,Neutre,90.54,93.97617290172182,87.10382709827819,-0.05238385993609681,Neutre,Normal
2024-07-02,90.35,iam,-0.00110558319513554,93.91891891891892,-1.7934782608695743,Hold,47.29842061512882,Neutre,90.45750000000001,93.82461574215287,87.09038425784715,-0.06385286888373044,Neutre,Normal
2024-07-03,90.0,iam,-0.00387382401770886,93.55509355509355,-1.9607843137254832,Hold,46.335504885993466,Neutre,90.36749999999999,93.67929630062646,87.05570369937352,-0.22193393955447993,Neutre,Normal
2024-07-04,89.5,iam,-0.005555555555555536,93.03534303534303,-1.7563117453347932,Hold,46.715927750410515,Neutre,90.2875,93.6020921397108,86.97290786028918,-0.47517158480240757,Neutre,Normal
2024-07-05,89.55,iam,0.0005586592178770111,93.08731808731808,-0.8854454897620379,Hold,48.19479429051215,Neutre,90.2475,93.57818587847214,86.91681412152786,-0.4188326521623006,Neutre,Normal
2024-07-08,89.52,iam,-0.0003350083752093891,93.05613305613305,-3.2216216216216287,Hold,50.97690941385434,Neutre,90.0985,93.26760928877685,86.92939071122315,-0.36508680975359037,Neutre,Normal
2024-07-09,89.91,iam,0.00435656836461118,93.46153846153845,-2.271739130434791,Hold,58.380952380952344,Neutre,89.994,93.03432131265953,86.95367868734047,-0.055257317475121664,Neutre,Normal
2024-07-10,92.7,iam,0.03103103103103111,96.36174636174636,1.8681318681318615,Hold,67.11813393528968,Neutre,90.07900000000001,93.32578885897098,86.83221114102903,1.6145182910543092,Neutre,Normal
2024-07-11,92.7,iam,0.0,96.36174636174636,1.980198019801982,Hold,70.51383399209485,Sell,90.16900000000001,93.60584004191138,86.73215995808864,1.4728645902253832,Neutre,Normal
2024-07-12,92.45,iam,-0.0026968716289104133,96.10187110187111,2.3809523809523947,Hold,70.23622047244095,Sell,90.2765,93.86188128340201,86.69111871659798,1.2124233537235736,Neutre,Normal
2024-07-15,92.0,iam,-0.004867495943753464,95.63409563409563,2.2449433207379466,Hold,43.297587131367294,Neutre,90.3775,94.04067593008278,86.71432406991721,0.8858433397509984,Neutre,Normal
2024-07-16,91.5,iam,-0.005434782608695676,95.11434511434511,2.4636058230683044,Hold,41.09414758269718,Neutre,90.4875,94.14656444758492,86.82843555241507,0.5534201512456445,Neutre,Normal
2024-07-17,92.0,iam,0.005464480874316946,95.63409563409563,4.367555303460002,Hold,52.83286118980174,Neutre,90.67999999999999,94.22457925645118,87.1354207435488,0.7447992579641652,Neutre,Normal
2024-07-18,91.51,iam,-0.005326086956521703,95.12474012474013,3.811684628474188,Hold,57.82945736434113,Neutre,90.84799999999998,94.20101027358068,87.49498972641929,0.39486905555649787,Neutre,Normal
2024-07-19,90.6,iam,-0.009944268385968846,94.17879417879416,3.531025025711343,Hold,51.02599179206561,Neutre,91.0025,93.97056068174608,88.03443931825392,-0.27122086989354655,Neutre,Normal
2024-07-22,91.0,iam,0.004415011037527616,94.5945945945946,4.226320009162743,Hold,54.27069645203682,Neutre,91.187,93.59441048912697,88.77958951087302,-0.15535364728581202,Neutre,Normal
2024-07-23,90.8,iam,-0.00219780219780219,94.38669438669439,-2.3655913978494647,Hold,55.36193029490613,Neutre,91.077,93.33182033360595,88.82217966639405,-0.2456958506818311,Neutre,Normal
2024-07-24,90.0,iam,-0.008810572687224627,93.55509355509355,-3.1216361679225035,Hold,53.22164948453608,Neutre,90.93199999999999,93.06278290528961,88.80121709471037,-0.8747958299142737,Neutre,Normal
2024-07-25,89.9,iam,-0.0011111111111110628,93.45114345114347,-1.8558951965065407,Hold,52.24071702944947,Neutre,90.84700000000001,93.00108644697781,88.69291355302221,-0.8792590486130688,Neutre,Normal
2024-07-26,89.6,iam,-0.0033370411568410807,93.13929313929313,-0.9944751381215533,Hold,50.49504950495049,Neutre,90.80199999999999,93.02316707113525,88.58083292886474,-1.0823139021106118,Neutre,Normal
2024-07-29,90.1,iam,0.005580357142857206,93.65904365904365,-0.3869541182974112,Hold,51.15995115995115,Neutre,90.7845,93.02279328777666,88.54620671222332,-0.6116267280414566,Neutre,Normal
2024-07-31,90.6,iam,0.005549389567147678,94.17879417879416,0.2767017155506313,Hold,32.203389830508456,Neutre,90.797,93.02785633782206,88.56614366217794,-0.17661379324168427,Neutre,Normal
2024-08-01,90.83,iam,0.0025386313465785015,94.41787941787942,0.9222222222222243,Hold,34.74714518760197,Neutre,90.8385,93.0375837805061,88.6394162194939,-0.007730492194382637,Neutre,Normal
2024-08-02,91.0,iam,0.0018716283166355652,94.5945945945946,1.6759776536312776,Hold,38.016528925619866,Neutre,90.9135,93.02077336922203,88.80622663077797,0.08209661002068785,Neutre,Normal
2024-08-05,90.0,iam,-0.01098901098901095,93.55509355509355,0.5025125628140836,Hold,34.8484848484849,Neutre,90.936,92.99093398536579,88.88106601463423,-0.9109781692898498,Neutre,Normal
2024-08-06,90.0,iam,0.0,93.55509355509355,0.536193029490617,Hold,37.704918032786935,Neutre,90.96000000000001,92.95565844562132,88.96434155437869,-0.9620884797259242,Neutre,Normal
2024-08-07,90.0,iam,0.0,93.55509355509355,0.10010010010010895,Hold,32.14285714285721,Neutre,90.9645,92.95057229422684,88.97842770577316,-0.9712637377839957,Neutre,Normal
2024-08-08,90.0,iam,0.0,93.55509355509355,-2.9126213592232997,Hold,35.2250489236791,Neutre,90.8295,92.68138922028595,88.97761077971404,-0.89584192284667,Neutre,Normal
2024-08-09,90.0,iam,0.0,93.55509355509355,-2.9126213592232997,Hold,42.85714285714296,Neutre,90.69449999999999,92.35613489561234,89.03286510438764,-0.8359237060245464,Neutre,Normal
2024-08-12,89.91,iam,-0.0010000000000000009,93.46153846153845,-2.747431043807469,Hold,35.9897172236504,Neutre,90.56750000000001,92.04191156862157,89.09308843137845,-0.8918812277289869,Neutre,Normal
2024-08-13,90.0,iam,0.0010010010010010895,93.55509355509355,-2.1739130434782594,Hold,39.4179894179895,Neutre,90.4675,91.79700129154186,89.13799870845814,-0.7032712235395115,Neutre,Normal
2024-08-15,90.8,iam,0.008888888888888946,94.38669438669439,-0.7650273224043769,Hold,60.582010582010504,Neutre,90.4325,91.68200305911502,89.18299694088499,0.5882338539615585,Neutre,Normal
2024-08-16,91.52,iam,0.007929515418502175,95.13513513513513,-0.521739130434784,Hold,68.40909090909072,Neutre,90.4085,91.54451843943565,89.27248156056436,1.956834434046981,Neutre,Normal
2024-08-19,92.11,iam,0.006446678321678334,95.74844074844074,0.6556660474265064,Hold,76.75906183368869,Sell,90.4385,91.71944167663806,89.15755832336195,2.609798760529041,Sell,Normal
2024-08-22,93.5,iam,0.015090652480729494,97.1933471933472,3.2008830022075108,Hold,80.46594982078851,Sell,90.58349999999999,92.4596693897269,88.70733061027308,3.1089943327819873,Sell,Anomalie
2024-08-23,95.01,iam,0.016149732620320822,98.76299376299377,4.406593406593418,Hold,83.45978755690439,Sell,90.78399999999999,93.51150049447645,88.05649950552353,3.0988078708386797,Sell,Anomalie
2024-08-26,95.31,iam,0.003157562361856714,99.07484407484407,4.966960352422922,Hold,83.63363363363361,Sell,91.0095,94.406213427015,87.612786572985,2.5321535610257437,Sell,Normal
2024-08-27,96.02,iam,0.007449375721330309,99.81288981288981,6.688888888888878,Buy,84.86111111111107,Sell,91.3105,95.33876578854458,87.28223421145543,2.3382270422138864,Sell,Normal
2024-08-28,96.0,iam,-0.00020828993959587372,99.79209979209979,6.785317018909898,Buy,98.2315112540193,Sell,91.6155,96.09279464838107,87.13820535161892,1.9585487864129631,Neutre,Anomalie
2024-08-29,96.0,iam,0.0,99.79209979209979,7.14285714285714,Buy,98.2315112540193,Sell,91.9355,96.71115966785308,87.15984033214693,1.7021732211613863,Neutre,Anomalie
2024-08-30,93.16,iam,-0.029583333333333406,96.83991683991682,3.396226415094339,Hold,67.43929359823397,Neutre,92.0885,96.81234889904972,87.36465110095027,0.45365549275530365,Neutre,Normal
2024-09-02,94.5,iam,0.014383855732073902,98.23284823284823,4.304635761589415,Hold,71.63461538461537,Sell,92.28349999999999,97.07019768596709,87.49680231403289,0.9261082046179797,Neutre,Normal
2024-09-03,91.4,iam,-0.032804232804232725,95.01039501039502,0.627545964989551,Hold,55.185185185185205,Neutre,92.312,97.0689543551355,87.55504564486449,-0.3834386171964907,Neutre,Normal
2024-09-04,90.0,iam,-0.015317286652078876,93.55509355509355,-1.098901098901095,Hold,50.30384875084403,Neutre,92.262,97.09739406765098,87.42660593234902,-0.9356010982157131,Neutre,Normal
2024-09-05,89.69,iam,-0.003444444444444472,93.23284823284823,-0.3444444444444472,Hold,48.96872920825017,Neutre,92.2465,97.1143030276286,87.3786969723714,-1.0503711779173732,Neutre,Normal
2024-09-06,89.5,iam,-0.002118407849258541,93.03534303534303,-0.5555555555555536,Hold,45.49237170596395,Neutre,92.2215,97.14272481545105,87.30027518454897,-1.1060254721366858,Neutre,Normal
2024-09-09,90.0,iam,0.005586592178770999,93.55509355509355,0.0,Hold,44.64788732394368,Neutre,92.2215,97.14272481545105,87.30027518454897,-0.902824025850321,Neutre,Normal
2024-09-10,89.9,iam,-0.0011111111111110628,93.45114345114347,-0.11111111111110628,Hold,41.940189642596664,Neutre,92.2165,97.14742187388082,87.28557812611918,-0.9395808975479937,Neutre,Normal
2024-09-11,89.9,iam,0.0,93.45114345114347,-0.11111111111110628,Hold,35.3896103896104,Neutre,92.2115,97.15207859385983,87.27092140614018,-0.9357203639560521,Neutre,Normal
2024-09-12,89.4,iam,-0.005561735261401579,92.93139293139293,-0.5672339005672211,Hold,25.198938992042414,Buy,92.186,97.18155339118813,87.19044660881188,-1.1153919423278915,Neutre,Normal
2024-09-13,89.6,iam,0.0022371364653241965,93.13929313929313,-0.4444444444444473,Hold,24.531668153434353,Buy,92.166,97.20144656463195,87.13055343536804,-1.01917475126163,Neutre,Normal
2024-09-18,89.34,iam,-0.002901785714285565,92.86902286902287,-1.6079295154184936,Hold,18.95910780669142,Buy,92.09299999999999,97.25262911763815,86.93337088236183,-1.067130965126493,Neutre,Normal
2024-09-19,90.45,iam,0.01242444593687031,94.02286902286903,-1.169143356643354,Hold,26.582278481012636,Buy,92.0395,97.24612118945934,86.83287881054066,-0.6105687132445511,Neutre,Normal
2024-09-20,93.7,iam,0.03593145384190155,97.4012474012474,1.7261969384431586,Hold,42.3841059602649,Neutre,92.119,97.37844123508037,86.85955876491963,0.6012045498121595,Neutre,Normal
2024-09-23,94.05,iam,0.003735325506937004,97.76507276507276,0.588235294117645,Hold,53.52894528152262,Neutre,92.1465,97.4419728430594,86.8510271569406,0.7189159708352952,Neutre,Normal
2024-09-24,94.5,iam,0.004784688995215447,98.23284823284823,-0.5367856015156325,Hold,50.0,Neutre,92.12100000000001,97.36305624580767,86.87894375419235,0.9076590896568862,Neutre,Normal
2024-09-25,94.6,iam,0.0010582010582009804,98.33679833679832,-0.7449375721330531,Hold,68.34862385321101,Neutre,92.0855,97.24559985623499,86.925400143765,0.9745935427825897,Neutre,Normal
2024-09-26,94.9,iam,0.003171247357294016,98.64864864864865,-1.166423661737126,Hold,82.15223097112874,Sell,92.0295,97.03170782833894,87.02729217166106,1.1476932180777462,Neutre,Normal
2024-09-27,95.0,iam,0.0010537407797681642,98.75259875259876,-1.041666666666663,Hold,85.82995951417021,Sell,91.9795,96.83236448236619,87.12663551763382,1.2448317940777314,Neutre,Normal
2024-09-30,94.0,iam,-0.010526315789473717,97.71309771309771,-2.083333333333337,Hold,77.37226277372272,Sell,91.8795,96.45821264371165,87.30078735628834,0.9262428831004618,Neutre,Normal
2024-10-01,93.04,iam,-0.01021276595744669,96.71517671517672,-0.12881064834692202,Hold,67.5115207373273,Neutre,91.8735,96.44545696899222,87.3015430310078,0.5102847677313671,Neutre,Normal
2024-10-02,92.6,iam,-0.004729148753224499,96.25779625779624,-2.0105820105820182,Hold,64.96674057649665,Neutre,91.77850000000001,96.1970507269145,87.35994927308552,0.37184138002355693,Neutre,Normal
2024-10-03,92.9,iam,0.003239740820734527,96.56964656964658,1.6411378555798661,Hold,66.09442060085838,Neutre,91.8535,96.29585724528516,87.41114275471483,0.4711462596173229,Neutre,Normal
2024-10-04,92.7,iam,-0.0021528525296017342,96.36174636174636,3.0000000000000027,Hold,68.29268292682926,Neutre,91.9885,96.35718413285194,87.61981586714806,0.32572737161270765,Neutre,Normal
2024-10-07,92.0,iam,-0.007551240560949357,95.63409563409563,2.575537964098573,Hold,62.60504201680674,Neutre,92.104,96.33685097403885,87.87114902596115,-0.04913945737180799,Neutre,Normal
2024-10-08,91.4,iam,-0.006521739130434745,95.01039501039502,2.1229050279329753,Hold,60.44624746450304,Neutre,92.199,96.26788527344058,88.13011472655941,-0.39273655869110813,Neutre,Normal
2024-10-09,92.0,iam,0.006564551422319376,95.63409563409563,2.2222222222222143,Hold,58.288770053475915,Neutre,92.299,96.23651671675658,88.36148328324343,-0.15187237109499827,Neutre,Normal
2024-10-10,92.0,iam,0.0,95.63409563409563,2.3359288097886566,Hold,36.065573770491795,Neutre,92.40400000000001,96.18087924642899,88.62712075357103,-0.21393323621981913,Neutre,Normal
2024-10-11,91.41,iam,-0.0064130434782608825,95.02079002079002,1.6796440489432518,Hold,29.1798107255521,Buy,92.4795,96.10287135827956,88.85612864172045,-0.5903341911428176,Neutre,Normal
2024-10-14,91.4,iam,-0.00010939722131042551,95.01039501039502,2.237136465324374,Hold,23.728813559322106,Buy,92.5795,95.94633187018684,89.21266812981315,-0.7006586877381159,Neutre,Normal
2024-10-15,90.0,iam,-0.015317286652078876,93.55509355509355,0.44642857142858094,Hold,18.05555555555567,Buy,92.5995,95.89582315099568,89.30317684900433,-1.5772118696644248,Neutre,Normal
2024-10-16,89.8,iam,-0.0022222222222222365,93.34719334719335,0.5148869487351604,Hold,14.084507042253506,Buy,92.6225,95.82823745518554,89.41676254481446,-1.7609052765281048,Neutre,Anomalie
2024-10-17,92.0,iam,0.024498886414253906,95.63409563409563,1.713653952459926,Hold,33.695652173913075,Neutre,92.7,95.75604491562483,89.64395508437518,-0.4581084501874109,Neutre,Normal
2024-10-18,91.79,iam,-0.0022826086956521108,95.41580041580042,-2.038420490928494,Hold,36.8608799048752,Neutre,92.6045,95.64831668304788,89.56068331695212,-0.5351833469710859,Neutre,Normal
2024-10-21,91.5,iam,-0.003159385553981986,95.11434511434511,-2.7113237639553422,Hold,40.051679586563296,Neutre,92.477,95.4792174261177,89.47478257388231,-0.6508522610658517,Neutre,Normal
2024-10-22,91.0,iam,-0.005464480874316946,94.5945945945946,-3.703703703703709,Hold,39.74358974358979,Neutre,92.30199999999999,95.21439528838206,89.38960471161792,-0.8941093986752706,Neutre,Normal
2024-10-23,91.0,iam,0.0,94.5945945945946,-3.8054968287526414,Hold,37.3333333333333,Neutre,92.12199999999999,94.87713377266218,89.3668662273378,-0.8144795081335271,Neutre,Normal
2024-10-24,90.0,iam,-0.01098901098901095,93.55509355509355,-5.163329820864071,Sell,33.73493975903612,Neutre,91.877,94.45795127301638,89.29604872698361,-1.4545024693986779,Neutre,Normal
2024-10-25,89.91,iam,-0.0010000000000000009,93.46153846153845,-5.3578947368421055,Sell,36.41092327698306,Neutre,91.6225,93.89182751457822,89.35317248542178,-1.5092576888958125,Neutre,Normal
2024-10-28,89.69,iam,-0.0024468913357802435,93.23284823284823,-4.58510638297872,Hold,38.30369357045139,Neutre,91.40700000000001,93.5401972544321,89.27380274556792,-1.6097901836622457,Neutre,Normal
2024-10-29,89.45,iam,-0.0026758835990633445,92.98336798336798,-3.858555460017199,Hold,31.654676258992836,Neutre,91.2275,93.38614357995108,89.06885642004893,-1.6468675204271424,Neutre,Normal
2024-10-30,89.0,iam,-0.005030743432084983,92.51559251559252,-3.887688984881199,Hold,29.72972972972974,Buy,91.0475,93.32155388076724,88.77344611923276,-1.8007488893000199,Neutre,Normal
2024-10-31,88.75,iam,-0.002808988764044895,92.25571725571726,-4.467168998923576,Hold,31.16147308781872,Neutre,90.84,93.15922854687344,88.52077145312657,-1.8023234517508442,Neutre,Normal
2024-11-01,88.24,iam,-0.0057464788732395355,91.72557172557173,-4.811218985976273,Hold,29.100529100529073,Buy,90.617,93.03862277039725,88.19537722960276,-1.9631463901457178,Neutre,Normal
2024-11-04,88.9,iam,0.0074796010879421004,92.41164241164242,-3.3695652173913015,Hold,41.93548387096781,Neutre,90.462,92.9076242341656,88.01637576583441,-1.2773834820400551,Neutre,Normal
2024-11-05,88.9,iam,0.0,92.41164241164242,-2.7352297592997843,Hold,43.20241691842909,Neutre,90.337,92.83574157801192,87.83825842198809,-1.1501789641995093,Neutre,Normal
2024-11-07,90.5,iam,0.017997750281214753,94.07484407484408,-1.6304347826086918,Hold,37.54152823920267,Neutre,90.262,92.6375828093779,87.8864171906221,0.2003718826895571,Neutre,Normal
2024-11-08,91.25,iam,0.008287292817679592,94.85446985446984,-0.8152173913043459,Hold,45.88414634146338,Neutre,90.2245,92.5063964873431,87.94260351265692,0.8988137767756769,Neutre,Normal
2024-11-11,90.99,iam,-0.0028493150684931745,94.58419958419958,-0.45946832950443106,Hold,46.09494640122509,Neutre,90.2035,92.4468647191572,87.9601352808428,0.7011788972909123,Neutre,Normal
2024-11-12,90.0,iam,-0.010880316518298683,93.55509355509355,-1.5317286652078876,Hold,42.877492877492884,Neutre,90.1335,92.3059134044885,87.96108659551149,-0.1229047838907347,Neutre,Normal
2024-11-13,89.56,iam,-0.0048888888888888316,93.0977130977131,-0.48888888888888316,Hold,40.348525469168926,Neutre,90.1115,92.2984688227271,87.92453117727291,-0.5043510399131326,Neutre,Normal
2024-11-14,89.0,iam,-0.00625279142474322,92.51559251559252,-0.8908685968819552,Hold,42.877492877492884,Neutre,90.0715,92.311089013049,87.831910986951,-0.956871991920738,Neutre,Normal
2024-11-15,87.5,iam,-0.016853932584269704,90.95634095634095,-4.891304347826086,Hold,35.70581257414001,Neutre,89.8465,92.17281875446378,87.52018124553624,-2.017350369976176,Buy,Normal
2024-11-19,87.5,iam,0.0,90.95634095634095,-4.673711733304287,Hold,36.662606577344725,Neutre,89.632,91.99462654910332,87.2693734508967,-1.8047710509383386,Neutre,Normal
2024-11-20,88.6,iam,0.012571428571428456,92.09979209979208,-3.1693989071038264,Hold,45.314222712238106,Neutre,89.487,91.719280872726,87.25471912727399,-0.7947028627421925,Neutre,Normal
2024-11-21,88.1,iam,-0.0056433408577878375,91.58004158004157,-3.1868131868131977,Hold,45.06578947368419,Neutre,89.34200000000001,91.53690894188337,87.14709105811666,-1.1317098183893828,Neutre,Normal
2024-11-22,88.1,iam,0.0,91.58004158004157,-3.1868131868131977,Hold,46.33596392333707,Neutre,89.197,91.31244794310841,87.0815520568916,-1.0371325879927744,Neutre,Normal
2024-11-25,86.65,iam,-0.016458569807037304,90.07276507276507,-3.7222222222222157,Hold,41.89602446483185,Neutre,89.02950000000001,91.39317666325636,86.66582333674367,-2.01338874896862,Buy,Normal
2024-11-26,86.7,iam,0.0005770340450086398,90.12474012474013,-3.570236903570234,Hold,38.04347826086952,Neutre,88.869,91.41020485306966,86.32779514693034,-1.7070642670778398,Neutre,Normal
2024-11-27,86.66,iam,-0.00046136101499427706,90.08316008316008,-3.3783030438175987,Hold,37.8787878787878,Neutre,88.7175,91.40942848110235,86.02557151889765,-1.5286438807300353,Neutre,Normal
2024-11-28,86.1,iam,-0.00646203554119551,89.50103950103949,-3.745108999441038,Hold,23.170731707317003,Buy,88.55,91.45822427282599,85.64177572717401,-1.6848769353123407,Neutre,Normal
2024-11-29,85.9,iam,-0.0023228803716607294,89.2931392931393,-3.483146067415721,Hold,15.032679738562024,Buy,88.395,91.52428106759389,85.2657189324061,-1.594615469883884,Neutre,Normal
2024-12-02,85.7,iam,-0.002328288707799775,89.08523908523908,-3.4366197183098524,Hold,15.151515151515085,Buy,88.24249999999999,91.58869265182975,84.89630734817024,-1.519637549027373,Neutre,Normal
2024-12-03,85.66,iam,-0.0004667444574096846,89.04365904365903,-2.9238440616500383,Hold,17.31927710843364,Buy,88.1135,91.65341540190343,84.57358459809657,-1.386191318968099,Neutre,Normal
2024-12-04,86.88,iam,0.014242353490544035,90.3118503118503,-2.2722159730033886,Hold,31.940700808625266,Neutre,88.0125,91.57313787898528,84.45186212101473,-0.6361219750449617,Neutre,Normal
2024-12-05,86.02,iam,-0.00989871086556171,89.4178794178794,-3.239595050618682,Hold,30.69948186528491,Neutre,87.8685,91.51003972639994,84.22696027360006,-1.0152298966280648,Neutre,Normal
2024-12-06,85.99,iam,-0.0003487561032318176,89.38669438669437,-4.983425414364651,Hold,37.91999999999993,Neutre,87.643,91.1546593768401,84.1313406231599,-0.9414352718272062,Neutre,Normal
2024-12-09,85.99,iam,0.0,89.38669438669437,-5.764383561643838,Sell,37.91999999999993,Neutre,87.38,90.52272426239962,84.23727573760037,-0.8845828548373288,Neutre,Normal
2024-12-10,85.1,iam,-0.010350040702407304,88.46153846153845,-6.473238817452465,Sell,21.026490066225136,Buy,87.0855,89.88948569708822,84.28151430291177,-1.4161983793724975,Neutre,Normal
2024-12-11,85.25,iam,0.001762632197414904,88.61746361746361,-5.277777777777781,Sell,24.956063268892834,Buy,86.84799999999998,89.40648310322254,84.28951689677743,-1.2491776850018739,Neutre,Normal
2024-12-12,85.56,iam,0.0036363636363636598,88.93970893970894,-4.466279589102273,Hold,28.8333333333334,Buy,86.648,88.92357835332184,84.37242164667815,-0.956240419857883,Neutre,Normal
2024-12-13,86.24,iam,0.0079476390836839,89.64656964656965,-3.101123595505628,Hold,46.08030592734216,Neutre,86.51,88.50211075574617,84.51788924425384,-0.2710692658239055,Neutre,Normal
2024-12-16,86.24,iam,0.0,89.64656964656965,-1.440000000000008,Hold,45.55984555984549,Neutre,86.447,88.38627930183561,84.50772069816439,-0.2134813688818043,Neutre,Normal
2024-12-17,86.3,iam,0.0006957328385899242,89.70893970893971,-1.371428571428579,Hold,46.53846153846155,Neutre,86.387,88.26230320355532,84.51169679644468,-0.09278499587166812,Neutre,Normal
2024-12-18,86.0,iam,-0.0034762456546928444,89.39708939708939,-2.934537246049651,Hold,48.98785425101221,Neutre,86.257,87.82100430743843,84.69299569256158,-0.328643596155983,Neutre,Normal
2024-12-19,85.0,iam,-0.011627906976744207,88.35758835758836,-3.518728717366626,Hold,42.16027874564456,Neutre,86.102,87.50289595391163,84.70110404608837,-1.5732788676032141,Neutre,Normal
2024-12-20,85.2,iam,0.0023529411764706687,88.56548856548856,-3.291713961407483,Hold,45.6445993031359,Neutre,85.95700000000001,87.054654916534,84.85934508346601,-1.3793041667236188,Neutre,Normal
2024-12-23,85.7,iam,0.005868544600938996,89.08523908523908,-1.0963646855164488,Hold,50.32258064516134,Neutre,85.9095,86.96218528810431,84.85681471189568,-0.3980296910527944,Neutre,Normal
2024-12-24,85.0,iam,-0.008168028004667427,88.35758835758836,-1.9607843137254943,Hold,33.45070422535218,Neutre,85.82449999999999,86.88294921316229,84.76605078683768,-1.5579396531207035,Neutre,Normal
2024-12-25,84.7,iam,-0.003529411764705892,88.04573804573805,-2.2617124394184063,Hold,37.109375000000085,Neutre,85.7265,86.82154674257444,84.63145325742556,-1.874805814383254,Neutre,Normal
2024-12-26,83.8,iam,-0.010625737898465215,87.11018711018711,-2.6713124274099886,Hold,31.719532554257142,Neutre,85.61149999999999,86.9882432967932,84.23475670320678,-2.6315726457059214,Buy,Normal
2024-12-27,83.6,iam,-0.0023866348448687846,86.9022869022869,-2.677532013969741,Hold,30.694668820678544,Neutre,85.4965,87.13174696348315,83.86125303651684,-2.319527315874508,Buy,Normal
2024-12-30,83.0,iam,-0.0071770334928229484,86.27858627858627,-3.1505250875145885,Hold,32.20338983050854,Neutre,85.3615,87.33651525643724,83.38648474356278,-2.3913739322297247,Buy,Normal
2024-12-31,82.01,iam,-0.011927710843373407,85.24948024948024,-4.261031986925046,Hold,25.96439169139468,Buy,85.179,87.65012077704407,82.70787922295594,-2.564828096982566,Buy,Normal
2025-01-02,82.9,iam,0.010852335081087627,86.17463617463618,-4.5810313075506315,Hold,31.830601092896174,Neutre,84.97999999999999,87.51456110599094,82.44543889400904,-1.641309807116889,Neutre,Normal
2025-01-03,86.5,iam,0.043425814234016924,89.91683991683992,0.558009765170886,Hold,51.26953125000003,Neutre,85.00399999999999,87.58862172738802,82.41937827261197,1.1576162067722324,Neutre,Normal
2025-01-06,88.6,iam,0.024277456647398887,92.09979209979208,3.0352366554250443,Hold,59.562398703403574,Neutre,85.1345,88.15546864911727,82.11353135088274,2.294297228812768,Sell,Normal
2025-01-07,87.9,iam,-0.007900677200902817,91.37214137214139,2.221188510291916,Hold,56.16332819722655,Neutre,85.22999999999999,88.47713314851923,81.98286685148075,1.6445275742496652,Neutre,Normal
2025-01-08,87.0,iam,-0.010238907849829393,90.43659043659044,2.2326674500587673,Hold,53.681885125184095,Neutre,85.325,88.66593904227726,81.98406095772275,1.0027120990859386,Neutre,Normal
2025-01-09,87.2,iam,0.0022988505747125743,90.64449064449065,2.28739002932552,Hold,58.60719874804384,Neutre,85.4225,88.86645045505071,81.97854954494929,1.0322448149004093,Neutre,Normal
2025-01-10,89.55,iam,0.026949541284403633,93.08731808731808,4.663394109396912,Hold,64.56798392498325,Neutre,85.62199999999999,89.53042867874596,81.71357132125401,2.010014930736983,Sell,Normal
2025-01-13,89.35,iam,-0.002233389168062594,92.87941787941787,3.606215213358066,Hold,62.47436773752562,Neutre,85.7775,90.022436922227,81.532563077773,1.6831816658070708,Neutre,Normal
2025-01-15,92.0,iam,0.02965864577504207,95.63409563409563,6.679035250463827,Buy,71.10977080820267,Sell,86.0655,91.14257530810922,80.98842469189078,2.3377632356649456,Sell,Normal
2025-01-16,92.62,iam,0.006739130434782581,96.27858627858627,7.323290845886454,Buy,73.43195266272191,Sell,86.38149999999999,92.24572974706119,80.51727025293879,2.127645153441124,Sell,Normal
2025-01-17,92.49,iam,-0.0014035845389765989,96.14345114345113,7.54651162790696,Buy,76.93738375697458,Sell,86.70599999999999,93.16902650303624,80.24297349696374,1.7898735204885066,Neutre,Normal
2025-01-20,91.0,iam,-0.016109849713482505,94.5945945945946,7.058823529411762,Buy,71.239954075775,Sell,87.006,93.68887489349507,80.32312510650493,1.1952939606538646,Neutre,Normal
2025-01-21,89.5,iam,-0.016483516483516536,93.03534303534303,5.046948356807501,Buy,67.74017467248909,Neutre,87.22099999999999,93.9358347943781,80.50616520562188,0.6787955533643409,Neutre,Normal
2025-01-22,89.2,iam,-0.003351955307262511,92.72349272349273,4.0840140023337135,Hold,70.39137833238797,Sell,87.396,94.12634416888025,80.66565583111975,0.536079568810562,Neutre,Normal
2025-01-23,90.9,iam,0.01905829596412567,94.4906444906445,6.941176470588251,Buy,71.69197396963123,Sell,87.691,94.49595144806543,80.88604855193458,0.9431367804724865,Neutre,Normal
2025-01-24,92.0,iam,0.012101210121012063,95.63409563409563,8.618654073199528,Buy,67.25219573400251,Neutre,88.05600000000001,94.9677273338033,81.14427266619673,1.1412487239509619,Neutre,Normal
2025-01-27,91.99,iam,-0.00010869565217397348,95.62370062370061,9.773269689737463,Buy,62.23826714801444,Neutre,88.4655,95.28537644586346,81.64562355413655,1.0335964377002003,Neutre,Normal
2025-01-28,93.1,iam,0.012066528970540169,96.77754677754676,11.363636363636353,Buy,68.23281907433373,Neutre,88.9405,95.65605766387596,82.22494233612404,1.2387653291623417,Neutre,Normal
2025-01-29,97.01,iam,0.041997851772287875,100.84199584199584,16.87951807228916,Buy,78.9808917197452,Sell,89.64099999999999,96.66325304975102,82.61874695024896,2.098756609251293,Sell,Normal
2025-01-30,106.3,iam,0.09576332336872473,110.49896049896049,29.61833922692354,Buy,86.22913505311075,Sell,90.85549999999999,100.30366434412974,81.40733565587024,3.269312310299905,Sell,Anomalie
2025-01-31,106.3,iam,0.0,110.49896049896049,28.226779252110966,Buy,84.88129945855891,Sell,92.0255,102.99806574130993,81.05293425869006,2.6018527182314006,Sell,Anomalie
2025-02-03,103.3,iam,-0.02822201317027284,107.38045738045739,19.421965317919067,Buy,76.01641178664676,Sell,92.86550000000001,104.60260172240598,81.12839827759404,1.7780369032809296,Neutre,Normal
2025-02-04,103.2,iam,-0.0009680542110357404,107.27650727650729,16.47855530474043,Buy,73.08326463314097,Sell,93.59549999999999,106.01201951402263,81.17898048597735,1.547051891498764,Neutre,Normal
2025-02-05,101.9,iam,-0.012596899224806224,105.92515592515592,15.927189988623436,Buy,68.6046511627907,Neutre,94.2955,106.93656337132657,81.65443662867344,1.203142453545343,Neutre,Normal
2025-02-06,104.0,iam,0.02060843964671233,108.10810810810811,19.54022988505748,Buy,71.38610182088445,Sell,95.1455,108.00536244503658,82.28563755496342,1.3770753828580031,Neutre,Normal
2025-02-07,103.8,iam,-0.0019230769230769162,107.90020790020789,19.036697247706424,Buy,74.98048399687744,Sell,95.9755,108.81891072096377,83.13208927903622,1.2184458116298333,Neutre,Normal
2025-02-10,103.0,iam,-0.0077071290944122905,107.06860706860707,15.019542155220545,Buy,77.08667736757626,Sell,96.648,109.4833059135626,83.81269408643739,0.9897699428087764,Neutre,Normal
2025-02-11,102.85,iam,-0.0014563106796117165,106.9126819126819,15.10912143256855,Buy,77.55349212757366,Sell,97.32300000000001,109.9607098191754,84.68529018082461,0.8746837962070918,Neutre,Normal
2025-02-12,106.9,iam,0.03937773456490046,111.12266112266111,16.195652173913054,Buy,79.49852507374631,Sell,98.068,111.13394383965621,85.00205616034378,1.3519115202675458,Neutre,Normal
2025-02-13,106.95,iam,0.000467726847521055,111.17463617463616,15.471820341178999,Buy,78.67280398925968,Sell,98.78450000000001,112.1604918077914,85.40850819220861,1.220918809959746,Neutre,Normal
2025-02-14,104.6,iam,-0.021972884525479297,108.73180873180873,13.09330738458212,Buy,72.1928898275255,Sell,99.39,112.66223615791912,86.11776384208088,0.7850975431734386,Neutre,Normal
2025-02-17,103.6,iam,-0.009560229445506718,107.6923076923077,13.846153846153841,Buy,68.5512367491166,Neutre,100.02000000000001,112.80253084239733,87.23746915760269,0.5601394659852144,Neutre,Normal
2025-02-18,104.0,iam,0.0038610038610038533,108.10810810810811,16.201117318435763,Buy,64.09842678499393,Neutre,100.745,112.62842233179424,88.86157766820577,0.5478219841250961,Neutre,Normal
2025-02-19,104.05,iam,0.00048076923076911804,108.16008316008316,16.647982062780265,Buy,42.76527331189711,Neutre,101.4875,112.12392772442129,90.8510722755787,0.4818347036038211,Neutre,Normal
2025-02-20,104.0,iam,-0.00048053820278703974,108.10810810810811,14.411441144114413,Buy,42.62820512820514,Neutre,102.1425,111.57951084476467,92.70548915523533,0.39366278804913707,Neutre,Normal
2025-02-21,102.0,iam,-0.019230769230769273,106.02910602910602,10.869565217391308,Buy,45.547945205479465,Neutre,102.6425,110.78816820624994,94.49683179375006,-0.1577525584720052,Neutre,Normal
2025-02-24,106.95,iam,0.04852941176470593,111.17463617463616,16.262637243178624,Buy,59.64010282776349,Neutre,103.3905,110.02470633415975,96.75629366584026,1.073074854989667,Neutre,Normal
2025-02-25,109.55,iam,0.024310425432445104,113.87733887733886,17.669172932330834,Buy,68.433734939759,Neutre,104.21300000000001,109.39546476617312,99.0305352338269,2.0596377364050986,Sell,Normal
2025-02-26,116.0,iam,0.05887722501141024,120.5821205821206,19.575301515307686,Buy,73.9043824701195,Sell,105.1625,111.5958731023218,98.72912689767819,3.3691501573532974,Sell,Anomalie
2025-02-27,112.5,iam,-0.030172413793103425,116.94386694386694,5.832549388523045,Buy,65.3169014084507,Neutre,105.4725,112.68677495718649,98.2582250428135,1.9482207267411036,Neutre,Normal
2025-02-28,114.0,iam,0.01333333333333342,118.5031185031185,7.243650047036687,Buy,68.90034364261167,Neutre,105.8575,114.01756159677433,97.69743840322568,1.9956957195565133,Neutre,Normal
2025-03-03,113.0,iam,-0.00877192982456143,117.46361746361747,9.390125847047436,Buy,66.9449081803005,Neutre,106.3425,115.00040025595688,97.68459974404313,1.5379017552020087,Neutre,Normal
2025-03-04,112.9,iam,-0.0008849557522123686,117.35966735966737,9.399224806201545,Buy,61.53846153846153,Neutre,106.82750000000001,115.82431083846663,97.8306891615334,1.3499227913154528,Neutre,Normal
2025-03-05,111.4,iam,-0.013286093888396855,115.8004158004158,9.322865554465153,Buy,58.1056466302368,Neutre,107.30250000000001,116.20657801308762,98.3984219869124,0.9203648022798786,Neutre,Normal
2025-03-06,110.0,iam,-0.012567324955116699,114.34511434511434,5.769230769230771,Buy,60.188679245283026,Neutre,107.6025,116.44215199362584,98.76284800637417,0.5424421689290034,Neutre,Normal
2025-03-07,110.15,iam,0.0013636363636364557,114.50103950103951,6.117533718689794,Buy,62.768031189083835,Neutre,107.91999999999999,116.63993481385535,99.20006518614463,0.5114717134024227,Neutre,Normal
2025-03-10,108.85,iam,-0.011802088061734106,113.14968814968813,5.679611650485428,Buy,59.1337099811676,Neutre,108.2125,116.6245762190901,99.80042378090991,0.15156781355672128,Neutre,Normal
2025-03-11,107.15,iam,-0.015617822691777583,111.38253638253639,4.180845892075857,Hold,55.496453900709234,Neutre,108.42749999999998,116.4743676481821,100.38063235181787,-0.31751485319597067,Neutre,Normal
2025-03-12,105.05,iam,-0.01959869342043874,109.1995841995842,-1.7305893358278812,Hold,51.73553719008264,Neutre,108.335,116.49750090674561,100.17249909325437,-0.8049003700043004,Neutre,Normal
2025-03-13,107.0,iam,0.01856258924321752,111.22661122661121,0.04675081813931836,Hold,58.27814569536424,Neutre,108.3375,116.49824525750476,100.17675474249525,-0.3277886903209039,Neutre,Normal
2025-03-14,108.95,iam,0.018224299065420668,113.25363825363826,4.158699808795419,Hold,53.67647058823529,Neutre,108.55499999999999,116.52599346644423,100.58400653355575,0.09910935234431072,Neutre,Normal
2025-03-17,108.95,iam,0.0,113.25363825363826,5.164092664092679,Buy,48.780487804878064,Neutre,108.82250000000002,116.44479934917362,101.20020065082642,0.033454471979982504,Neutre,Normal
2025-03-18,110.4,iam,0.013308857273979013,114.76091476091477,6.153846153846154,Buy,35.71428571428574,Neutre,109.14250000000001,116.44291635438415,101.84208364561587,0.3445008993890666,Neutre,Normal
2025-03-19,112.2,iam,0.016304347826086918,116.63201663201663,7.83277270543008,Buy,49.16201117318437,Neutre,109.55,116.55751476330127,102.54248523669872,0.7563309074647105,Neutre,Normal
2025-03-20,112.2,iam,0.0,116.63201663201663,7.884615384615379,Buy,44.512195121951244,Neutre,109.96,116.547196512533,103.37280348746698,0.6801072340070958,Neutre,Normal
2025-03-21,113.0,iam,0.007130124777183555,117.46361746361747,10.784313725490202,Buy,50.0,Neutre,110.50999999999999,116.0529044258109,104.96709557418909,0.8984459441173689,Neutre,Normal
2025-03-24,118.0,iam,0.04424778761061954,122.66112266112266,10.331930808789158,Buy,62.085308056872016,Neutre,111.0625,117.27385420440832,104.85114579559168,2.233812393141679,Sell,Normal
2025-03-25,116.0,iam,-0.016949152542372836,120.5821205821206,5.887722501141024,Buy,60.64814814814812,Neutre,111.38499999999999,117.92669622297407,104.84330377702591,1.4109490391169128,Neutre,Normal
2025-03-26,113.55,iam,-0.021120689655172442,118.03534303534302,-2.112068965517244,Hold,57.83664459161146,Neutre,111.2625,117.5261692626262,104.99883073737381,0.7304025497160122,Neutre,Normal
2025-03-28,122.5,iam,0.0788199031263761,127.33887733887734,8.888888888888879,Buy,69.6343402225755,Neutre,111.7625,119.79020695450184,103.73479304549817,2.675110105751565,Sell,Normal
2025-04-02,120.0,iam,-0.020408163265306145,124.74012474012474,5.263157894736836,Buy,67.07503828483921,Neutre,112.0625,120.85435478305371,103.27064521694629,1.8056485681040875,Neutre,Normal
2025-04-03,116.35,iam,-0.03041666666666676,120.94594594594594,2.96460176991149,Hold,63.29479768786125,Neutre,112.22999999999999,121.22241785880509,103.23758214119489,0.9163275249638958,Neutre,Normal
2025-04-04,115.45,iam,-0.007735281478298162,120.01039501039502,2.2586359610274442,Hold,65.5688622754491,Neutre,112.3575,121.461534675264,103.253465324736,0.679369117167894,Neutre,Normal
2025-04-07,107.0,iam,-0.07319185794716332,111.22661122661121,-3.9497307001795434,Hold,50.0,Neutre,112.1375,121.5465032471698,102.72849675283021,-1.0920391597367878,Neutre,Normal
2025-04-08,108.0,iam,0.009345794392523255,112.26611226611227,-1.8181818181818188,Hold,48.78048780487804,Neutre,112.0375,121.58366897531421,102.49133102468578,-0.8458890703570636,Neutre,Normal
2025-04-09,106.9,iam,-0.010185185185185186,111.12266112266111,-2.950522015433499,Hold,47.4406991260924,Neutre,111.875,121.66401102472022,102.08598897527978,-1.0164458876257492,Neutre,Normal
2025-04-10,111.0,iam,0.03835360149672584,115.38461538461537,1.9751952227836433,Hold,50.70257611241217,Neutre,111.98249999999999,121.67841748054107,102.2865825194589,-0.20266261588380557,Neutre,Normal
2025-04-11,108.5,iam,-0.022522522522522515,112.78586278586278,1.2599160055996261,Hold,45.73732718894009,Neutre,112.05,121.62227355713469,102.4777264428653,-0.7417255636941138,Neutre,Normal
2025-04-14,111.8,iam,0.030414746543778737,116.21621621621621,6.425511661113759,Buy,49.571734475374726,Neutre,112.3875,121.37895061769872,103.39604938230129,-0.13067969229427215,Neutre,Normal
2025-04-15,114.0,iam,0.019677996422182487,118.5031185031185,6.542056074766345,Buy,51.03950103950104,Neutre,112.7375,121.38430500775247,104.09069499224752,0.2920153742030917,Neutre,Normal
2025-04-16,114.9,iam,0.007894736842105399,119.43866943866944,5.4612207434603155,Buy,46.47727272727273,Neutre,113.03500000000001,121.54141244189152,104.5285875581085,0.4384927283364333,Neutre,Normal
2025-04-17,115.0,iam,0.0008703220191470518,119.54261954261953,5.55300596603947,Buy,48.81235154394299,Neutre,113.3375,121.66057350872059,105.01442649127942,0.39949184595284254,Neutre,Normal
2025-04-18,115.0,iam,0.0,119.54261954261953,4.166666666666652,Hold,51.828499369482984,Neutre,113.5675,121.80255184849224,105.33244815150775,0.3479030918942616,Neutre,Normal
2025-04-21,116.0,iam,0.008695652173912993,120.5821205821206,3.3868092691622165,Hold,39.747634069400625,Neutre,113.75750000000001,122.03494398636171,105.4800560136383,0.5418339293373267,Neutre,Normal
2025-04-22,116.0,iam,0.0,120.5821205821206,3.3868092691622165,Hold,43.150684931506845,Neutre,113.94750000000002,122.2488299505173,105.64617004948273,0.49449907719234365,Neutre,Normal
2025-04-23,116.5,iam,0.004310344827586299,121.1018711018711,3.0973451327433565,Hold,50.28790786948177,Neutre,114.12250000000002,122.48705397244119,105.75794602755884,0.5684702394970894,Neutre,Normal
2025-04-24,117.0,iam,0.0042918454935623185,121.62162162162163,-0.8474576271186418,Hold,53.02144249512669,Neutre,114.07250000000002,122.35097398854006,105.79402601145998,0.7072559517738513,Neutre,Normal
2025-04-25,115.0,iam,-0.017094017094017144,119.54261954261953,-0.8620689655172376,Hold,70.83333333333334,Sell,114.02250000000001,122.26395330821973,105.78104669178029,0.23721544330659977,Neutre,Normal
2025-04-28,114.3,iam,-0.006086956521739184,118.81496881496881,0.6605019815059343,Hold,66.66666666666666,Neutre,114.05999999999999,122.29922581953242,105.82077418046755,0.05825790074379311,Neutre,Normal
2025-04-29,113.3,iam,-0.008748906386701671,117.77546777546777,-7.510204081632654,Sell,67.02127659574467,Neutre,113.6,120.81934535594525,106.38065464405474,-0.08311002873770042,Neutre,Normal
2025-04-30,114.45,iam,0.010150044130626812,118.97089397089398,-4.625000000000002,Hold,60.88328075709779,Neutre,113.32249999999999,119.90457094269914,106.74042905730084,0.3425973405074397,Neutre,Normal
2025-05-02,114.15,iam,-0.002621231979030081,118.65904365904365,-1.890846583584005,Hold,70.69597069597071,Sell,113.2125,119.65355867401416,106.77144132598585,0.2911012140852731,Neutre,Normal
2025-05-05,113.8,iam,-0.0030661410424880353,118.29521829521829,-1.429190125595503,Hold,59.345794392523345,Neutre,113.13,119.49217440486211,106.76782559513788,0.21061981560517212,Neutre,Normal
2025-05-06,113.8,iam,0.0,118.29521829521829,6.355140186915875,Buy,48.82352941176469,Neutre,113.46999999999998,119.14222225085946,107.79777774914051,0.11635651263488833,Neutre,Normal
2025-05-07,113.0,iam,-0.007029876977152849,117.46361746361747,4.629629629629628,Hold,38.69047619047616,Neutre,113.71999999999998,118.78540381306966,108.6545961869303,-0.28428138271711023,Neutre,Normal
2025-05-08,113.0,iam,0.0,117.46361746361747,5.706267539756782,Buy,37.951807228915676,Neutre,114.025,117.97261753599727,110.07738246400274,-0.5193005607322932,Neutre,Normal
2025-05-09,113.8,iam,0.0070796460176991705,118.29521829521829,2.522522522522519,Hold,43.406593406593394,Neutre,114.165,117.85083347711739,110.47916652288262,-0.19805561063245217,Neutre,Normal
2025-05-12,114.8,iam,0.008787346221441172,119.33471933471932,5.8064516129032295,Buy,43.406593406593394,Neutre,114.48000000000002,117.02876647151169,111.93123352848835,0.25110185933212437,Neutre,Normal
2025-05-13,113.8,iam,-0.008710801393728262,118.29521829521829,1.7889087656529412,Hold,39.1089108910891,Neutre,114.58,116.82485376384271,112.33514623615729,-0.6949227718644877,Neutre,Normal
2025-05-14,112.0,iam,-0.01581722319859402,116.42411642411643,-1.7543859649122862,Hold,30.26315789473685,Neutre,114.47999999999999,116.99550978405381,111.96449021594617,-1.9717673258288022,Neutre,Normal
2025-05-15,112.95,iam,0.008482142857142883,117.41164241164242,-1.6971279373368175,Hold,32.91139240506331,Neutre,114.38250000000001,116.97931485062134,111.78568514937868,-1.1032746517582959,Neutre,Normal
2025-05-16,111.0,iam,-0.01726427622841964,115.38461538461537,-3.4782608695652195,Hold,33.05084745762714,Neutre,114.1825,117.1663645023539,111.19863549764611,-2.1331397571769144,Buy,Normal
2025-05-19,112.45,iam,0.01306306306306304,116.89189189189189,-2.2173913043478266,Hold,42.62948207171318,Neutre,114.05499999999999,117.10888449786539,111.0011155021346,-1.0511203034180587,Neutre,Normal
2025-05-20,112.0,iam,-0.0040017785682525675,116.42411642411643,-3.4482758620689613,Hold,44.58333333333335,Neutre,113.85499999999999,116.89645048498551,110.81354951501447,-1.2198127236707745,Neutre,Normal
2025-05-21,111.65,iam,-0.0031249999999999334,116.06029106029105,-3.749999999999998,Hold,37.50000000000002,Neutre,113.6375,116.65514547462317,110.61985452537684,-1.3172521535175976,Neutre,Normal
2025-05-22,112.5,iam,0.00761307657859378,116.94386694386694,-3.433476394849788,Hold,42.97872340425529,Neutre,113.4375,116.17339685093114,110.70160314906886,-0.6853328550606189,Neutre,Normal
2025-05-23,111.0,iam,-0.013333333333333308,115.38461538461537,-5.128205128205132,Sell,39.14728682170543,Neutre,113.1375,115.52185139585913,110.75314860414088,-1.792940422885797,Neutre,Normal
2025-05-26,110.75,iam,-0.0022522522522522292,115.12474012474013,-3.6956521739130443,Hold,38.40304182509506,Neutre,112.925,115.367281073524,110.482718926476,-1.7811217747035637,Neutre,Normal
2025-05-27,110.75,iam,0.0,115.12474012474013,-3.1058617672790834,Hold,40.89068825910931,Neutre,112.74750000000002,115.28323927764649,110.21176072235355,-1.575477429883079,Neutre,Normal
2025-05-28,110.7,iam,-0.0004514672686229959,115.07276507276507,-2.294792586054717,Hold,40.725806451612904,Neutre,112.61749999999999,115.29651690530986,109.93848309469013,-1.4314952594733308,Neutre,Normal
2025-05-29,110.0,iam,-0.006323396567299078,114.34511434511434,-3.8881607688947217,Hold,34.55284552845528,Neutre,112.39500000000001,115.17062700360601,109.619372996394,-1.725736200785271,Neutre,Normal
2025-05-30,108.85,iam,-0.010454545454545494,113.14968814968813,-4.643013578624622,Hold,26.10441767068272,Buy,112.13,115.19686879577779,109.0631312042222,-2.1389894504229376,Buy,Normal
2025-06-02,110.8,iam,0.017914561322921463,115.17671517671518,-2.6362038664323406,Hold,38.80597014925374,Neutre,111.97999999999999,114.99599246124806,108.96400753875191,-0.7824953246147627,Neutre,Normal
2025-06-03,112.5,iam,0.01534296028880866,116.94386694386694,-1.1423550087873435,Hold,51.8796992481203,Neutre,111.915,114.81982357467533,109.01017642532469,0.4027783340097561,Neutre,Normal
2025-06-04,114.0,iam,0.01333333333333342,118.5031185031185,0.8849557522123908,Hold,53.790613718411535,Neutre,111.965,114.98076559189414,108.94923440810587,1.34957438699462,Neutre,Normal
2025-06-05,112.0,iam,-0.01754385964912286,116.42411642411643,-0.8849557522123908,Hold,53.597122302158276,Neutre,111.915,114.89141607164866,108.93858392835135,0.05711567062793857,Neutre,Normal
2025-06-06,110.5,iam,-0.013392857142857095,114.86486486486487,-2.899824253075567,Hold,43.01075268817204,Neutre,111.75,114.65136084223107,108.84863915776893,-0.8616646242725083,Neutre,Normal
2025-06-10,110.0,iam,-0.004524886877828038,114.34511434511434,-4.181184668989546,Hold,42.857142857142854,Neutre,111.50999999999999,114.12948166829169,108.8905183317083,-1.1528998414291205,Neutre,Normal
2025-06-11,110.6,iam,0.005454545454545379,114.96881496881497,-2.811950790861162,Hold,46.31578947368418,Neutre,111.35,113.76334011823984,108.93665988176015,-0.6215452138979969,Neutre,Normal
2025-06-12,110.1,iam,-0.004520795660036159,114.44906444906444,-1.6964285714285765,Hold,41.36690647482013,Neutre,111.255,113.70983411380605,108.80016588619394,-0.9410004476508167,Neutre,Normal
2025-06-13,109.0,iam,-0.009990917347865502,113.3056133056133,-3.497122620628601,Hold,42.59259259259259,Neutre,111.05749999999998,113.57298363038346,108.54201636961649,-1.6358683277826092,Neutre,Normal
2025-06-16,107.95,iam,-0.009633027522935711,112.21413721413722,-2.747747747747742,Hold,40.209790209790214,Neutre,110.905,113.7793694960792,108.0306305039208,-2.0561030890640803,Buy,Normal
2025-06-17,107.05,iam,-0.008337193144974608,111.27858627858626,-4.80213428190307,Hold,37.82894736842105,Neutre,110.63499999999999,113.88786917885236,107.38213082114763,-2.2042079179248177,Buy,Normal
2025-06-18,106.7,iam,-0.0032695002335356715,110.91476091476092,-4.732142857142851,Hold,37.09677419354839,Neutre,110.37,113.99671375098312,106.74328624901689,-2.0238707832980483,Buy,Normal
2025-06-19,105.0,iam,-0.015932521087160256,109.14760914760915,-5.956112852664585,Sell,34.848484848484844,Neutre,110.0375,114.3286015638843,105.74639843611568,-2.347881971565382,Buy,Normal
2025-06-20,107.8,iam,0.026666666666666616,112.05821205821205,-4.177777777777781,Hold,47.10743801652894,Neutre,109.80249999999998,114.04023462321953,105.56476537678043,-0.9450804158560617,Neutre,Normal
2025-06-23,106.5,iam,-0.012059369202226278,110.70686070686071,-4.054054054054057,Hold,37.71428571428571,Neutre,109.57749999999999,114.02040978621137,105.1345902137886,-1.3853533598863677,Neutre,Normal
2025-06-24,109.0,iam,0.023474178403755763,113.3056133056133,-1.5801354401805856,Hold,40.437158469945345,Neutre,109.48999999999998,113.90452149162192,105.07547850837804,-0.22199461523969152,Neutre,Normal
2025-06-25,111.75,iam,0.025229357798165042,116.16424116424116,0.9029345372460584,Hold,44.245524296675185,Neutre,109.53999999999999,114.03650156408082,105.04349843591916,0.9829864255598321,Neutre,Normal
2025-06-26,111.0,iam,-0.006711409395973145,115.38461538461537,0.27100271002709064,Hold,47.267759562841526,Neutre,109.55499999999999,114.06975942122843,105.04024057877156,0.6401227020893329,Neutre,Normal
2025-06-30,111.15,iam,0.0013513513513514486,115.54054054054055,1.0454545454545494,Hold,51.91740412979353,Neutre,109.6125,114.18010619096933,105.04489380903067,0.6732191593223685,Neutre,Normal
2025-07-01,111.5,iam,0.0031488978857399097,115.9043659043659,2.434542949012397,Hold,54.464285714285715,Neutre,109.745,114.37282204088457,105.11717795911544,0.7584561309814509,Neutre,Normal
2025-07-02,113.0,iam,0.013452914798206317,117.46361746361747,1.9855595667870096,Hold,56.77966101694917,Neutre,109.85499999999999,114.68842528648075,105.02157471351923,1.3013545523488992,Neutre,Normal
2025-07-03,114.0,iam,0.008849557522123908,118.5031185031185,1.333333333333342,Hold,60.71428571428574,Neutre,109.92999999999999,114.9780220201363,104.88197797986369,1.6125127758020794,Neutre,Normal
2025-07-04,115.0,iam,0.00877192982456143,119.54261954261953,0.8771929824561431,Hold,66.57458563535911,Neutre,109.97999999999999,115.21413894793663,104.74586105206335,1.9181760552913687,Neutre,Normal
2025-07-07,118.5,iam,0.0304347826086957,123.18087318087319,5.803571428571419,Buy,75.669099756691,Sell,110.30499999999999,116.73731152688818,103.87268847311181,2.5480731042778264,Sell,Normal
2025-07-08,118.5,iam,0.0,123.18087318087319,7.239819004524883,Buy,79.13486005089061,Sell,110.705,118.10982772819202,103.30017227180798,2.105383213797804,Sell,Normal
2025-07-09,118.0,iam,-0.00421940928270037,122.66112266112266,7.272727272727275,Buy,78.53535353535354,Sell,111.10499999999999,119.18316419999591,103.02683580000406,1.7070710199239307,Neutre,Normal
2025-07-10,117.5,iam,-0.004237288135593209,122.14137214137213,6.238698010849908,Buy,83.60215053763442,Sell,111.45,120.01221810907423,102.88778189092578,1.41318521040435,Neutre,Normal
2025-07-11,118.0,iam,0.004255319148936065,122.66112266112266,7.175295186194375,Buy,81.28834355828222,Sell,111.845,120.86182053894657,102.82817946105342,1.3652262398734805,Neutre,Normal
2025-07-14,118.0,iam,0.0,122.66112266112266,8.25688073394495,Buy,88.33333333333333,Sell,112.295,121.60746476503346,102.98253523496655,1.2252395351703662,Neutre,Normal
2025-07-15,117.45,iam,-0.004661016949152552,122.08939708939708,8.800370541917557,Buy,82.37547892720309,Sell,112.77000000000001,122.11836884167442,103.4216311583256,1.001244191208387,Neutre,Normal
2025-07-16,116.3,iam,-0.009791400595998367,120.89397089397089,8.64082204577301,Buy,69.86899563318775,Neutre,113.2325,122.30038868828608,104.16461131171393,0.6765632233581785,Neutre,Normal
2025-07-17,118.0,iam,0.014617368873602876,122.66112266112266,10.590440487347696,Buy,78.2258064516129,Sell,113.79749999999999,122.55442057145231,105.04057942854766,0.9598122914806878,Neutre,Normal
2025-07-18,121.0,iam,0.025423728813559254,125.77962577962577,15.238095238095228,Buy,82.2950819672131,Sell,114.5975,122.88099500353997,106.31400499646003,1.5458450804313604,Neutre,Normal
2025-07-21,120.0,iam,-0.008264462809917328,124.74012474012474,11.31725417439704,Buy,76.72955974842766,Sell,115.20750000000001,123.1740930775423,107.24090692245773,1.2031491889575683,Neutre,Normal
2025-07-22,121.85,iam,0.015416666666666634,126.66320166320166,14.413145539906091,Buy,77.23076923076921,Sell,115.975,123.34474612145648,108.60525387854351,1.594356142851478,Neutre,Normal
2025-07-23,118.85,iam,-0.024620434961017623,123.54469854469853,9.036697247706416,Buy,63.2876712328767,Neutre,116.46750000000002,123.1600154581727,109.77498454182734,0.7119893902047089,Neutre,Normal
2025-07-24,123.0,iam,0.034917963819941056,127.85862785862786,10.067114093959727,Buy,68.69158878504673,Neutre,117.03000000000002,123.94058684384338,110.11941315615665,1.7277838003927717,Neutre,Normal
2025-07-25,123.0,iam,0.0,127.85862785862786,10.81081081081081,Buy,62.56983240223463,Neutre,117.63000000000002,124.41887635071137,110.84112364928868,1.5819996484211416,Neutre,Normal
2025-07-28,121.7,iam,-0.010569105691056846,126.50727650727652,9.491677912730534,Buy,58.33333333333334,Neutre,118.1575,124.44753179642076,111.86746820357924,1.126385403016818,Neutre,Normal
2025-07-29,122.1,iam,0.0032867707477401975,126.92307692307692,9.506726457399095,Buy,60.73298429319371,Neutre,118.6875,124.3728343187339,113.0021656812661,1.200457109006018,Neutre,Normal
2025-07-31,122.5,iam,0.003276003276003303,127.33887733887734,8.407079646017701,Buy,63.15789473684211,Neutre,119.1625,124.41826124988312,113.90673875011687,1.270034859393289,Neutre,Normal
2025-08-01,122.5,iam,0.0,127.33887733887734,7.456140350877183,Buy,62.16216216216216,Neutre,119.5875,124.44514454507522,114.72985545492479,1.1991408481926698,Neutre,Normal
2025-08-04,122.5,iam,0.0,127.33887733887734,6.521739130434789,Buy,62.16216216216216,Neutre,119.9625,124.47469108871017,115.45030891128984,1.124730735074143,Neutre,Normal
2025-08-05,122.0,iam,-0.004081632653061273,126.81912681912681,2.9535864978903037,Hold,62.33062330623306,Neutre,120.1375,124.68223379452974,115.59276620547027,0.8196299647921275,Neutre,Normal
2025-08-06,122.4,iam,0.003278688524590123,127.23492723492724,3.2911392405063244,Hold,67.23163841807911,Neutre,120.33250000000001,124.9159111636116,115.74908883638842,0.9021664983557209,Neutre,Normal
2025-08-07,123.15,iam,0.006127450980392135,128.01455301455303,4.364406779661012,Hold,65.37313432835822,Neutre,120.59,125.20024031797216,115.97975968202785,1.1105711734897306,Neutre,Normal
2025-08-08,123.0,iam,-0.0012180267965895553,127.85862785862786,4.680851063829783,Hold,57.194244604316545,Neutre,120.86500000000001,125.3537109859927,116.37628901400731,0.9512753245474662,Neutre,Normal
2025-08-11,121.95,iam,-0.008536585365853666,126.76715176715176,3.347457627118655,Hold,56.98924731182797,Neutre,121.0625,125.36413677538566,116.76086322461434,0.4126336305651629,Neutre,Normal
2025-08-12,122.0,iam,0.00041000410004099486,126.81912681912681,3.3898305084745672,Hold,50.61728395061731,Neutre,121.2625,125.33020011314848,117.19479988685153,0.3626127686336045,Neutre,Normal
2025-08-13,120.0,iam,-0.016393442622950838,124.74012474012474,2.171136653895278,Hold,55.15695067264576,Neutre,121.38999999999999,125.09853922156371,117.68146077843626,-0.7496213020575185,Neutre,Normal
2025-08-15,120.0,iam,0.0,124.74012474012474,3.181427343078247,Hold,28.57142857142857,Buy,121.575,124.50101759177043,118.64898240822957,-1.076548551471303,Neutre,Normal
2025-08-18,120.0,iam,0.0,124.74012474012474,1.6949152542372836,Hold,28.57142857142857,Buy,121.675,124.19512948706222,119.15487051293778,-1.3292967751054638,Neutre,Normal
2025-08-19,119.5,iam,-0.004166666666666652,124.22037422037423,-1.2396694214875992,Hold,32.25806451612901,Neutre,121.6,124.2883765400394,118.9116234599606,-1.562281152750438,Neutre,Normal
2025-08-22,120.5,iam,0.008368200836819994,125.25987525987526,0.4166666666666652,Hold,38.23529411764712,Neutre,121.625,124.25948786593733,118.99051213406267,-0.8540559359150685,Neutre,Normal
2025-08-25,121.5,iam,0.008298755186721962,126.29937629937629,-0.2872384078785317,Hold,43.24324324324325,Neutre,121.6075,124.24034416953116,118.97465583046885,-0.08166073878891564,Neutre,Normal
2025-08-26,122.5,iam,0.008230452674897082,127.33887733887734,3.071098022717722,Hold,50.0,Neutre,121.78999999999999,124.10484909136014,119.47515090863985,0.613430916641593,Neutre,Normal
2025-08-27,123.9,iam,0.011428571428571566,128.7941787941788,0.7317073170731714,Hold,57.14285714285717,Neutre,121.835,124.28021014057286,119.38978985942713,1.689016388191671,Neutre,Normal
2025-08-28,123.75,iam,-0.001210653753026647,128.63825363825362,0.6097560975609762,Hold,59.25925925925924,Neutre,121.87249999999999,124.41404428810563,119.33095571189435,1.4774481867474494,Neutre,Normal
2025-08-29,123.9,iam,0.00121212121212122,128.7941787941788,1.8077239112571863,Hold,58.15217391304346,Neutre,121.9825,124.67835939817309,119.28664060182692,1.4225519337539965,Neutre,Normal
2025-09-01,123.6,iam,-0.002421307506053405,128.48232848232848,1.228501228501222,Hold,52.5714285714285,Neutre,122.0575,124.84889184297617,119.26610815702384,1.1051834258821824,Neutre,Normal
2025-09-02,126.9,iam,0.02669902912621369,131.9126819126819,3.591836734693876,Hold,66.38655462184872,Neutre,122.2775,125.81072202737359,118.74427797262642,2.6165918610193457,Sell,Normal
2025-09-03,126.5,iam,-0.0031520882584712417,131.4968814968815,3.2653061224489743,Hold,70.22222222222213,Sell,122.4775,126.48479269417933,118.47020730582068,2.007589815359757,Sell,Normal
2025-09-04,126.5,iam,0.0,131.4968814968815,3.2653061224489743,Hold,70.08928571428564,Sell,122.67750000000001,127.07025420137128,118.28474579862873,1.7403659866999757,Neutre,Normal
2025-09-08,125.0,iam,-0.011857707509881465,129.93762993762994,2.4590163934426146,Hold,73.36448598130832,Sell,122.82750000000001,127.32644432061353,118.3285556793865,0.9657821236177117,Neutre,Normal
2025-09-09,122.0,iam,-0.02400000000000002,126.81912681912681,-0.326797385620925,Hold,57.29927007299268,Neutre,122.8075,127.3179877784981,118.29701222150192,-0.3580544010558815,Neutre,Normal
2025-09-10,122.5,iam,0.004098360655737654,127.33887733887734,-0.5278116118554665,Hold,58.80281690140843,Neutre,122.775,127.28446373284845,118.26553626715156,-0.12196572199785684,Neutre,Normal
2025-09-11,123.0,iam,0.004081632653061273,127.85862785862786,0.0,Hold,62.32394366197179,Neutre,122.775,127.28446373284845,118.26553626715156,0.09979013618006011,Neutre,Normal
2025-09-12,122.4,iam,-0.004878048780487809,127.23492723492724,0.36900369003689537,Hold,56.8840579710145,Neutre,122.79750000000001,127.29410398171797,118.30089601828206,-0.1768000925214414,Neutre,Normal
2025-09-15,120.1,iam,-0.01879084967320266,124.84407484407483,-1.5573770491803307,Hold,45.36423841059602,Neutre,122.70250000000001,127.3478683781162,118.05713162188383,-1.120470881172786,Neutre,Normal
2025-09-16,120.0,iam,-0.0008326394671106518,124.74012474012474,0.0,Hold,41.19718309859157,Neutre,122.70250000000001,127.3478683781162,118.05713162188383,-1.163524517336963,Neutre,Normal
2025-09-17,120.1,iam,0.0008333333333332416,124.84407484407483,0.08333333333332416,Hold,35.27131782945736,Neutre,122.70750000000001,127.3408203962944,118.07417960370562,-1.1255427110481833,Neutre,Normal
2025-09-18,122.4,iam,0.019150707743547102,127.23492723492724,2.0000000000000018,Hold,45.51495016611299,Neutre,122.82750000000001,127.28660954056049,118.36839045943954,-0.19174231810698017,Neutre,Normal
2025-09-19,123.0,iam,0.004901960784313708,127.85862785862786,2.9288702928870203,Hold,47.09677419354837,Neutre,123.00250000000001,127.17742199737806,118.82757800262196,-0.0011976271660078918,Neutre,Normal
2025-09-22,123.9,iam,0.007317073170731714,128.7941787941788,2.8215767634854894,Hold,50.931677018633565,Neutre,123.17250000000001,127.19238151173658,119.15261848826344,0.3619509669008705,Neutre,Normal
2025-09-23,122.2,iam,-0.013720742534301889,127.02702702702702,0.576131687242798,Hold,33.79310344827587,Neutre,123.20750000000001,127.1779533746136,119.23704662538643,-0.5074987186308717,Neutre,Normal
2025-09-24,121.0,iam,-0.009819967266775809,125.77962577962577,-1.224489795918371,Hold,32.02614379084969,Neutre,123.13250000000001,127.21433072961676,119.05066927038325,-1.0448742935502526,Neutre,Normal
2025-09-25,119.05,iam,-0.01611570247933891,123.75259875259874,-3.9144471347861254,Hold,28.40579710144928,Buy,122.89000000000001,127.33955349622524,118.4404465037748,-1.7260158814845932,Neutre,Normal
2025-09-26,118.5,iam,-0.004619907601847939,123.18087318087319,-4.2424242424242475,Hold,30.061349693251543,Neutre,122.62750000000001,127.4658854418795,117.78911455812053,-1.7061476600329184,Neutre,Normal
2025-09-29,116.5,iam,-0.016877637130801704,121.1018711018711,-5.9725585149314036,Sell,32.02614379084969,Neutre,122.25750000000001,127.77085937327946,116.74414062672055,-2.088563291521964,Buy,Normal
2025-09-30,117.3,iam,0.006866952789699621,121.93347193347192,-5.097087378640774,Sell,33.33333333333333,Neutre,121.9425,127.83944613204088,116.04555386795911,-1.574543804894238,Neutre,Normal
2025-10-01,113.5,iam,-0.03239556692242107,117.98336798336797,-10.559495665878648,Sell,24.867724867724874,Buy,121.2725,127.80818946952706,114.73681053047292,-2.378478976469004,Buy,Normal
2025-10-02,114.1,iam,0.00528634361233471,118.6070686070686,-9.802371541501987,Sell,28.042328042328023,Buy,120.65249999999999,127.44765888044631,113.85734111955367,-1.9285788942640922,Neutre,Normal
2025-10-03,116.4,iam,0.020157756354075573,120.997920997921,-7.984189723320156,Sell,40.21164021164025,Neutre,120.1475,126.60574442496674,113.68925557503324,-1.1605321054473048,Neutre,Normal
2025-10-06,117.3,iam,0.0077319587628865705,121.93347193347192,-6.159999999999998,Sell,43.147208121827404,Neutre,119.7625,125.91348408900078,113.61151591099923,-0.8006848869609221,Neutre,Normal
2025-10-07,117.05,iam,-0.002131287297527762,121.67359667359668,-4.057377049180333,Hold,42.31738035264485,Neutre,119.51499999999999,125.68522562071348,113.34477437928649,-0.79899833540121,Neutre,Normal
2025-10-08,116.0,iam,-0.008970525416488684,120.5821205821206,-5.306122448979589,Sell,32.795698924731155,Neutre,119.18999999999998,125.38291615689238,112.99708384310759,-1.0302093292348802,Neutre,Normal
2025-10-09,115.95,iam,-0.0004310344827586077,120.53014553014553,-5.731707317073164,Sell,30.470914127423825,Neutre,118.8375,124.91886714199799,112.75613285800202,-0.9496219953763019,Neutre,Normal
2025-10-10,114.5,iam,-0.01250539025441999,119.02286902286903,-6.454248366013071,Sell,24.731182795698913,Buy,118.4425,124.57560902526384,112.30939097473615,-1.28564484464888,Neutre,Normal
2025-10-13,114.5,iam,0.0,119.02286902286903,-4.6627810158201495,Hold,27.218934911242584,Buy,118.1625,124.48538033964405,111.83961966035594,-1.158491005131429,Neutre,Normal
2025-10-14,113.0,iam,-0.013100436681222738,117.46361746361747,-5.833333333333335,Sell,26.744186046511615,Buy,117.8125,124.47305750787974,111.15194249212026,-1.4450742281878337,Neutre,Normal
2025-10-15,112.95,iam,-0.0004424778761061843,117.41164241164242,-5.953372189841788,Sell,30.065359477124176,Neutre,117.455,124.36158724468206,110.54841275531794,-1.3045516809966484,Neutre,Normal
2025-10-16,115.0,iam,0.01814962372731288,119.54261954261953,-6.045751633986929,Sell,39.58333333333332,Neutre,117.085,123.66112107712719,110.5088789228728,-0.6341124123313231,Neutre,Normal
2025-10-17,115.6,iam,0.00521739130434784,120.16632016632016,-6.016260162601627,Sell,47.077922077922054,Neutre,116.71499999999999,122.69559141592154,110.73440858407844,-0.372872822253544,Neutre,Normal
2025-10-20,117.0,iam,0.01211072664359869,121.62162162162163,-5.56900726392252,Sell,49.06250000000001,Neutre,116.36999999999998,121.31116968892192,111.42883031107803,0.25500034998291105,Neutre,Normal
2025-10-21,121.1,iam,0.03504273504273492,125.88357588357589,-0.9001636661211232,Hold,73.31288343558283,Sell,116.31500000000001,121.00082408637,111.62917591363002,2.04233019072076,Sell,Normal
2025-10-22,121.0,iam,-0.0008257638315440907,125.77962577962577,0.0,Hold,71.83544303797473,Sell,116.31500000000001,121.00082408637,111.62917591363002,1.999648264059931,Neutre,Normal
2025-10-23,118.6,iam,-0.01983471074380172,123.28482328482329,-0.37799244015119804,Hold,56.918238993710666,Neutre,116.29249999999999,120.92706975803465,111.65793024196533,0.9957774380241613,Neutre,Normal
2025-10-24,119.4,iam,0.006745362563237878,124.11642411642411,0.75949367088608,Hold,56.645569620253184,Neutre,116.3375,121.07857194185861,111.5964280581414,1.2919019316966676,Neutre,Normal
2025-10-27,118.65,iam,-0.006281407035175879,123.33679833679834,1.8454935622317592,Hold,54.90797546012272,Neutre,116.44499999999998,121.29776914977795,111.59223085022201,0.9087594863649813,Neutre,Normal
2025-10-28,117.5,iam,-0.009692372524230941,122.14137214137213,0.17050298380221207,Hold,54.573170731707314,Neutre,116.455,121.3160048777014,111.5939951222986,0.42995225320331143,Neutre,Normal
2025-10-29,120.0,iam,0.02127659574468077,124.74012474012474,5.726872246696035,Buy,60.74270557029176,Neutre,116.78,121.67816292093109,111.88183707906892,1.3147786433318207,Neutre,Normal
2025-10-30,118.9,iam,-0.009166666666666656,123.59667359667358,4.206836108676604,Hold,61.8918918918919,Neutre,117.02000000000001,121.8349329120303,112.20506708796972,0.7809039230028497,Neutre,Normal
2025-10-31,120.0,iam,0.00925147182506314,124.74012474012474,3.092783505154628,Hold,64.03061224489797,Neutre,117.2,122.18355189334558,112.21644810665443,1.1236965360945765,Neutre,Normal
2025-11-03,119.5,iam,-0.004166666666666652,124.22037422037423,1.8755328218243772,Hold,67.47311827956989,Neutre,117.30999999999999,122.39885262634078,112.22114737365919,0.8607048231910611,Neutre,Normal
2025-11-04,118.0,iam,-0.012552301255230103,122.66112266112266,0.8116189662537465,Hold,62.593516209476306,Neutre,117.3575,122.4538635126054,112.26113648739461,0.25214056980465865,Neutre,Normal
2025-11-05,117.6,iam,-0.003389830508474634,122.24532224532223,1.379310344827589,Hold,57.06521739130433,Neutre,117.4375,122.49421778299187,112.38078221700813,0.06427093896620403,Neutre,Normal
2025-11-07,115.95,iam,-0.014030612244897878,120.53014553014553,0.0,Hold,50.89974293059128,Neutre,117.4375,122.49421778299187,112.38078221700813,-0.5883262874598871,Neutre,Normal
2025-11-10,115.0,iam,-0.008193186718413181,119.54261954261953,0.4366812227074135,Hold,44.73684210526315,Neutre,117.4625,122.46269736452419,112.46230263547582,-0.9849611207234167,Neutre,Normal
2025-11-11,113.0,iam,-0.017391304347826098,117.46361746361747,-1.3100436681222738,Hold,26.035502958579897,Buy,117.3875,122.61464322701929,112.16035677298072,-1.6787372411457437,Neutre,Normal
2025-11-12,113.0,iam,0.0,117.46361746361747,0.0,Hold,26.190476190476204,Buy,117.3875,122.61464322701929,112.16035677298072,-1.6787372411457437,Neutre,Normal
2025-11-13,112.9,iam,-0.0008849557522123686,117.35966735966737,-0.04426737494466204,Hold,30.344827586206932,Neutre,117.38500000000002,122.62111949523741,112.14888050476263,-1.7131007052376959,Neutre,Normal
2025-11-14,112.9,iam,0.0,117.35966735966737,-1.826086956521733,Hold,26.27737226277371,Buy,117.28000000000002,122.79432584036059,111.76567415963945,-1.588589476502032,Neutre,Normal
2025-11-17,112.95,iam,0.0004428697962799433,117.41164241164242,-2.292387543252583,Hold,28.076923076923038,Buy,117.14750000000001,122.95153444075393,111.34346555924608,-1.4464076817072655,Neutre,Normal
2025-11-19,111.0,iam,-0.01726427622841964,115.38461538461537,-5.128205128205132,Sell,26.449275362318815,Buy,116.84750000000001,123.27085172385922,110.4241482761408,-1.8207005474353117,Neutre,Normal
2025-11-20,111.3,iam,0.002702702702702675,115.6964656964657,-8.092485549132943,Sell,12.499999999999929,Buy,116.35749999999999,122.90885783434764,109.80614216565233,-1.543954742781529,Neutre,Anomalie
2025-11-21,112.0,iam,0.0062893081761006275,116.42411642411643,-7.438016528925617,Sell,19.196428571428513,Buy,115.90749999999998,122.35169567476972,109.46330432523025,-1.2127192274122272,Neutre,Normal
2025-11-24,112.7,iam,0.006250000000000089,117.15176715176716,-4.974704890387849,Hold,16.20370370370371,Buy,115.6125,122.07786318025644,109.14713681974355,-0.9009548013927573,Neutre,Normal
2025-11-25,113.8,iam,0.009760425909494108,118.29521829521829,-4.690117252931325,Hold,24.99999999999997,Buy,115.33249999999998,121.58888831410151,109.07611168589845,-0.4898992591447112,Neutre,Normal
2025-11-26,114.15,iam,0.0030755711775045658,118.65904365904365,-3.792667509481673,Hold,31.21951219512198,Neutre,115.1075,121.18258067955826,109.03241932044175,-0.3152221511137594,Neutre,Normal
2025-11-27,117.2,iam,0.026719229084537943,121.82952182952182,-0.2553191489361728,Hold,48.44961240310081,Neutre,115.09250000000002,121.14414396976775,109.04085603023228,0.6965049532088962,Neutre,Normal
2025-11-28,115.0,iam,-0.018771331058020535,119.54261954261953,-4.1666666666666625,Hold,46.46840148698884,Neutre,114.84250000000002,120.43631942767712,109.24868057232291,0.05631215023520644,Neutre,Normal
2025-12-01,113.9,iam,-0.009565217391304337,118.3991683991684,-4.205214465937768,Hold,45.955882352941195,Neutre,114.59250000000002,119.86020448357726,109.32479551642277,-0.2629228735814504,Neutre,Normal
2025-12-02,112.45,iam,-0.012730465320456519,116.89189189189189,-6.2916666666666625,Sell,47.892720306513425,Neutre,114.215,118.90104872270476,109.52895127729525,-0.7532998926999004,Neutre,Normal
2025-12-03,112.55,iam,0.0008892841262782003,116.99584199584199,-5.815899581589957,Sell,48.28897338403041,Neutre,113.86750000000002,117.88670062751223,109.84829937248782,-0.6556030027371527,Neutre,Normal
2025-12-04,112.5,iam,-0.00044424700133272044,116.94386694386694,-4.6610169491525415,Hold,48.473282442748065,Neutre,113.59250000000002,117.14693014901047,110.03806985098956,-0.6147258233808117,Neutre,Normal
2025-12-05,112.0,iam,-0.004444444444444473,116.42411642411643,-4.761904761904756,Hold,46.69117647058822,Neutre,113.31250000000003,116.38767650327586,110.2373234967242,-0.8536095398764219,Neutre,Normal
2025-12-08,111.85,iam,-0.001339285714285765,116.26819126819126,-3.5360068995256677,Hold,45.98540145985398,Neutre,113.1075,115.98248741415729,110.23251258584271,-0.8747864382346187,Neutre,Normal
2025-12-09,112.0,iam,0.0013410818059902407,116.42411642411643,-2.608695652173909,Hold,54.2016806722689,Neutre,112.95750000000001,115.72788378492464,110.18711621507538,-0.6912399684190744,Neutre,Normal
2025-12-10,112.0,iam,0.0,116.42411642411643,-0.8849557522123908,Hold,53.017241379310356,Neutre,112.9075,115.71055754113812,110.10444245886188,-0.6475072214404356,Neutre,Normal
2025-12-11,111.8,iam,-0.0017857142857142794,116.21621621621621,-1.0619469026548645,Hold,49.099099099099085,Neutre,112.8475,115.69326786418463,110.00173213581536,-0.7361809184672401,Neutre,Normal
2025-12-12,111.8,iam,0.0,116.21621621621621,-0.9743135518157753,Hold,45.673076923076906,Neutre,112.79249999999999,115.6762612500608,109.90873874993918,-0.6883371499489179,Neutre,Normal
2025-12-15,111.85,iam,0.0004472271914131021,116.26819126819126,-0.930026572187792,Hold,39.57219251336898,Neutre,112.73999999999998,115.65359788432836,109.8264021156716,-0.6109285051222112,Neutre,Normal
2025-12-16,111.55,iam,-0.0026821636119802594,115.95634095634095,-1.2394864984506482,Hold,36.02150537634404,Neutre,112.67,115.62926733464191,109.7107326653581,-0.7569441171394099,Neutre,Normal
2025-12-17,112.85,iam,0.011653966831017382,117.30769230769229,1.6666666666666607,Hold,21.192052980132388,Buy,112.7625,115.61572993335893,109.90927006664107,0.06133399834129947,Neutre,Normal
2025-12-18,112.0,iam,-0.007532122286220577,116.42411642411643,0.6289308176100628,Hold,25.806451612903174,Buy,112.79749999999999,115.59175632701017,110.0032436729898,-0.5708137741631577,Neutre,Normal
2025-12-19,112.2,iam,0.0017857142857142794,116.63201663201663,0.17857142857142794,Hold,33.962264150943355,Neutre,112.80749999999998,115.59115057546731,110.02384942453264,-0.4364771967817705,Neutre,Normal
2025-12-22,111.9,iam,-0.002673796791443861,116.32016632016632,-0.709849157054121,Hold,43.373493975903635,Neutre,112.7675,115.58049147752271,109.95450852247728,-0.6167811078929849,Neutre,Normal
2025-12-23,111.55,iam,-0.003127792672028673,115.95634095634095,-1.9771528998242527,Hold,38.63636363636366,Neutre,112.65500000000002,115.47408906526181,109.83591093473822,-0.7839411770393323,Neutre,Normal
2025-12-24,110.0,iam,-0.013895114298520861,114.34511434511434,-3.6355672360928626,Hold,28.81355932203391,Buy,112.44750000000002,115.41051322447352,109.48448677552652,-1.6520344761099843,Neutre,Normal
2025-12-25,109.0,iam,-0.009090909090909038,113.3056133056133,-6.996587030716728,Sell,26.56250000000003,Buy,112.0375,114.44972216834549,109.6252778316545,-2.518424745332116,Buy,Normal
2025-12-26,108.0,iam,-0.00917431192660545,112.26611226611227,-6.086956521739129,Sell,23.448275862068996,Buy,111.6875,114.31185455723669,109.06314544276331,-2.810214793448303,Buy,Normal
2025-12-29,107.9,iam,-0.0009259259259258856,112.16216216216218,-5.267778753292363,Sell,21.52777777777777,Buy,111.3875,114.30259230692243,108.47240769307757,-2.3927201150497193,Buy,Normal
2025-12-30,108.5,iam,0.00556070435588496,112.78586278586278,-3.5126722987994685,Hold,27.564102564102512,Buy,111.19000000000001,114.32865542784175,108.05134457215827,-1.7141097911788037,Neutre,Normal
2025-12-31,109.0,iam,0.004608294930875667,113.3056133056133,-3.1541537094624594,Hold,32.71604938271602,Neutre,111.0125,114.22790289691001,107.79709710309,-1.2517871411598294,Neutre,Normal
2026-01-02,111.1,iam,0.019266055045871422,115.48856548856547,-1.244444444444448,Hold,46.56862745098037,Neutre,110.9425,114.08160396199203,107.80339603800796,0.10034710663106011,Neutre,Normal
2026-01-05,114.4,iam,0.02970297029702973,118.91891891891892,2.1428571428571574,Hold,59.47955390334577,Neutre,111.0625,114.53735327217444,107.58764672782556,1.920944418992121,Neutre,Normal
2026-01-06,114.0,iam,-0.0034965034965035446,118.5031185031185,1.9222172552525674,Hold,59.04059040590406,Neutre,111.16999999999999,114.87297177952837,107.4670282204716,1.528502061855006,Neutre,Normal
2026-01-07,113.4,iam,-0.0052631578947367474,117.87941787941789,1.2499999999999956,Hold,52.14007782101172,Neutre,111.23999999999998,115.0601129771092,107.41988702289076,1.1308566070915271,Neutre,Normal
2026-01-08,112.8,iam,-0.005291005291005346,117.25571725571724,0.7142857142857117,Hold,53.17460317460316,Neutre,111.28,115.1500469193381,107.40995308066191,0.7855201922254548,Neutre,Normal
2026-01-09,111.7,iam,-0.009751773049645363,116.1122661122661,-0.08944543828264262,Hold,48.14814814814815,Neutre,111.275,115.1424757169291,107.40752428307091,0.21978159973423783,Neutre,Normal
2026-01-12,114.0,iam,0.020590868397493356,118.5031185031185,1.9677996422182487,Hold,56.774193548387075,Neutre,111.38499999999999,115.43613369447489,107.33386630552509,1.2909966430219022,Neutre,Normal
2026-01-13,112.6,iam,-0.012280701754386003,117.04781704781703,0.670540902995076,Hold,53.17220543806645,Neutre,111.42249999999999,115.50551681551434,107.33948318448563,0.5767794026837346,Neutre,Normal
2026-01-15,112.2,iam,-0.003552397868561208,116.63201663201663,0.5826983415508691,Hold,57.14285714285715,Neutre,111.455,115.55261162784068,107.35738837215932,0.36362645739200883,Neutre,Normal
2026-01-16,111.05,iam,-0.01024955436720143,115.43659043659042,-1.5950376606114314,Hold,56.591639871382625,Neutre,111.36500000000001,115.41236431455343,107.31763568544659,-0.15565685494006193,Neutre,Normal
2026-01-19,109.1,iam,-0.01755965781179647,113.4095634095634,-2.589285714285716,Hold,53.33333333333332,Neutre,111.22,115.3778587606685,107.0621412393315,-1.0197556588762775,Neutre,Normal
2026-01-20,108.95,iam,-0.001374885426214445,113.25363825363826,-2.8966131907308346,Hold,53.17220543806645,Neutre,111.0575,115.30711608172889,106.80788391827112,-0.9918543037622337,Neutre,Normal
2026-01-21,107.8,iam,-0.010555300596604034,112.05821205821205,-3.6639857015192234,Hold,47.953216374269,Neutre,110.8525,115.3209243072315,106.38407569276852,-1.3662534218426765,Neutre,Normal
2026-01-22,109.0,iam,0.011131725417439675,113.3056133056133,-2.2859704168534223,Hold,50.0,Neutre,110.725,115.25472637723462,106.19527362276537,-0.7616354085621823,Neutre,Normal
2026-01-23,108.0,iam,-0.00917431192660545,112.26611226611227,-1.8181818181818188,Hold,40.718562874251525,Neutre,110.625,115.30783539838895,105.94216460161105,-1.1211156390007158,Neutre,Normal
2026-01-26,106.85,iam,-0.010648148148148184,111.07068607068607,-1.9724770642201905,Hold,24.0549828178694,Buy,110.5175,115.44948742901718,105.58551257098281,-1.4872300681150912,Neutre,Normal
2026-01-27,106.7,iam,-0.0014038371548898976,110.91476091476092,-1.2037037037036957,Hold,24.47552447552448,Buy,110.45249999999999,115.55548931999505,105.34951068000493,-1.4707065857639774,Neutre,Normal
2026-01-28,108.0,iam,0.012183692596063667,112.26611226611227,0.0926784059314123,Hold,31.999999999999986,Neutre,110.45749999999998,115.55014433430932,105.36485566569064,-0.9651174669488338,Neutre,Normal
2026-01-29,108.9,iam,0.008333333333333304,113.20166320166321,0.36866359447005337,Hold,37.25490196078434,Neutre,110.47749999999999,115.54083310233948,105.41416689766051,-0.6231073358658203,Neutre,Normal
2026-01-30,107.0,iam,-0.017447199265381186,111.22661122661121,-1.834862385321101,Hold,35.40372670807453,Neutre,110.37750000000001,115.638826128607,105.11617387139303,-1.2838968417623091,Neutre,Normal
2026-02-02,105.45,iam,-0.014485981308411167,109.61538461538463,-5.085508550855078,Sell,22.14983713355052,Buy,110.09499999999998,115.78246544234585,104.40753455765412,-1.6334165181614175,Neutre,Normal
2026-02-03,105.55,iam,0.0009483167377903889,109.71933471933471,-7.73601398601399,Sell,24.911032028469762,Buy,109.6525,115.30669965018873,103.99830034981127,-1.451133760323824,Neutre,Normal
2026-02-04,105.75,iam,0.001894836570345726,109.92723492723493,-7.236842105263152,Sell,26.71480144404333,Buy,109.24000000000001,114.76092669566725,103.71907330433277,-1.2642805066544074,Neutre,Normal
2026-02-05,104.95,iam,-0.00756501182033098,109.0956340956341,-7.451499118165783,Sell,27.40740740740742,Buy,108.81750000000002,114.29109931614182,103.34390068385822,-1.4131469172742153,Neutre,Normal
2026-02-06,106.85,iam,0.018103858980466736,111.07068607068607,-5.274822695035464,Sell,41.635687732342,Neutre,108.52000000000001,113.72226671243914,103.31773328756088,-0.6420278283721521,Neutre,Normal
2026-02-09,105.1,iam,-0.016378100140383767,109.25155925155924,-5.90868397493286,Sell,37.20930232558136,Neutre,108.19000000000001,113.38023374384753,102.9997662561525,-1.1906978192120519,Neutre,Normal
2026-02-10,105.5,iam,0.0038058991436726863,109.66735966735965,-7.4561403508771935,Sell,41.95804195804196,Neutre,107.76500000000001,112.30315404159523,103.2268459584048,-0.9982032250292833,Neutre,Normal
2026-02-11,105.5,iam,0.0,109.66735966735965,-6.305506216696266,Sell,36.6412213740458,Neutre,107.41,111.43774587605638,103.38225412394361,-0.9484213050055184,Neutre,Normal
2026-02-12,105.95,iam,0.004265402843601995,110.13513513513513,-5.570409982174684,Sell,41.83266932270917,Neutre,107.0975,110.47832440895627,103.71667559104372,-0.6788285111525509,Neutre,Normal
2026-02-13,105.45,iam,-0.00471920717319485,109.61538461538463,-5.042773525438982,Sell,44.117647058823565,Neutre,106.8175,109.71273655973499,103.922263440265,-0.9446551062654184,Neutre,Normal
2026-02-16,106.6,iam,0.010905642484589695,110.8108108108108,-2.291475710357471,Hold,49.61240310077516,Neutre,106.6925,109.38132189032274,104.00367810967725,-0.06880336725382596,Neutre,Normal
2026-02-17,105.9,iam,-0.0065666041275795894,110.08316008316008,-2.799449288664524,Hold,41.46341463414635,Neutre,106.54,109.02820374863492,104.05179625136509,-0.5144273256168165,Neutre,Normal
2026-02-18,104.2,iam,-0.016052880075542952,108.31600831600832,-3.3395176252319025,Hold,32.061068702290044,Neutre,106.36000000000001,108.98169089670748,103.73830910329255,-1.6477915094511835,Neutre,Normal
2026-02-19,104.0,iam,-0.0019193857965451588,108.10810810810811,-4.587155963302747,Hold,36.84210526315786,Neutre,106.11000000000001,108.62303967756914,103.59696032243089,-1.6792412939862766,Neutre,Normal
2026-02-20,103.55,iam,-0.0043269230769230616,107.64033264033263,-4.120370370370374,Hold,40.77669902912617,Neutre,105.8875,108.4826118016652,103.2923881983348,-1.8014638124647309,Neutre,Normal
2026-02-23,103.5,iam,-0.0004828585224528892,107.58835758835758,-3.1352363125877303,Hold,39.99999999999999,Neutre,105.72,108.48070166519214,102.95929833480785,-1.6082867830236842,Neutre,Normal
2026-02-24,103.1,iam,-0.0038647342995169476,107.17255717255716,-3.3739456419868863,Hold,37.320574162679385,Neutre,105.53999999999999,108.49431887242798,102.585681127572,-1.6518189845869298,Neutre,Normal
2026-02-25,102.95,iam,-0.0014548981571289588,107.016632016632,-4.675925925925927,Hold,39.79591836734692,Neutre,105.2875,108.21969425650465,102.35530574349534,-1.59436912804435,Neutre,Normal
2026-02-26,102.05,iam,-0.008742107819329825,106.08108108108108,-6.29017447199266,Sell,22.727272727272734,Buy,104.94500000000001,107.69510047663047,102.19489952336954,-2.1053776213639135,Buy,Normal
2026-02-27,99.0,iam,-0.02988731014208723,102.9106029106029,-7.476635514018692,Sell,19.80198019801982,Buy,104.545,108.21118976164699,100.87881023835301,-3.024938893238834,Buy,Anomalie
2026-03-02,95.0,iam,-0.04040404040404044,98.75259875259876,-9.909909909909908,Sell,11.678832116788286,Buy,104.0225,109.61709090268495,98.42790909731504,-3.225436911095653,Buy,Anomalie
2026-03-03,92.0,iam,-0.03157894736842104,95.63409563409563,-12.837517764092842,Sell,9.580838323353262,Buy,103.345,111.04598421597662,95.64401578402338,-2.9463766401347606,Buy,Anomalie
2026-03-04,92.0,iam,0.0,95.63409563409563,-13.00236406619385,Sell,7.076923076923023,Buy,102.6575,111.77857305552338,93.53642694447662,-2.336896094379207,Buy,Anomalie
2026-03-05,93.5,iam,0.016304347826086918,97.1933471933472,-10.909957122439263,Sell,15.362318840579675,Buy,102.08500000000001,112.00277245788085,92.16722754211916,-1.7312355241984227,Neutre,Anomalie
2026-03-06,92.51,iam,-0.010588235294117565,96.16424116424118,-13.420683200748707,Sell,8.777062609713283,Buy,101.36800000000001,111.89029832808627,90.84570167191374,-1.6836625846952282,Neutre,Anomalie
2026-03-09,90.0,iam,-0.02713220192411636,93.55509355509355,-14.367269267364414,Sell,7.936507936507937,Buy,100.613,112.12790768297134,89.09809231702866,-1.8433495590581046,Neutre,Anomalie
2026-03-10,92.61,iam,0.028999999999999915,96.26819126819126,-12.218009478672986,Sell,20.74709742554265,Buy,99.96849999999999,111.77104080584634,88.16595919415364,-1.2469348966546228,Neutre,Anomalie
2026-03-11,93.04,iam,0.004643127092106791,96.71517671517672,-11.810426540284357,Sell,22.6546906187625,Buy,99.34549999999999,111.23374182476931,87.45725817523066,-1.0607960525941496,Neutre,Normal
2026-03-12,92.8,iam,-0.00257953568357705,96.46569646569645,-12.411514865502603,Sell,22.894604135148782,Buy,98.688,110.49252116775534,86.88347883224466,-0.9975838776219706,Neutre,Normal
2026-03-13,92.75,iam,-0.0005387931034482873,96.4137214137214,-12.04362256993836,Sell,22.894604135148782,Buy,98.05300000000001,109.69111903774946,86.41488096225056,-0.9113156486540791,Neutre,Normal
2026-03-16,92.11,iam,-0.006900269541779025,95.74844074844074,-13.592870544090053,Sell,22.620827105132065,Buy,97.32849999999999,108.52189706678543,86.13510293321455,-0.9324247087570996,Neutre,Normal
2026-03-17,92.99,iam,0.009553794376289115,96.66320166320166,-12.190745986779994,Sell,26.057692307692307,Buy,96.683,107.2675589620464,86.09844103795362,-0.6978089523129298,Neutre,Normal
2026-03-18,95.9,iam,0.03129368749327899,99.6881496881497,-7.965451055662188,Sell,36.51907058307763,Neutre,96.268,106.2450211776327,86.29097882236731,-0.07376951365503917,Neutre,Normal
2026-03-19,94.3,iam,-0.016684045881126264,98.02494802494802,-9.326923076923077,Sell,38.99812734082398,Neutre,95.783,105.09856953650487,86.46743046349513,-0.3183916977246707,Neutre,Normal
2026-03-24,93.8,iam,-0.005302226935312793,97.5051975051975,-9.41574118783196,Sell,46.64053751399776,Neutre,95.2955,103.892403910251,86.698596089749,-0.34791595104762363,Neutre,Normal
2026-03-25,94.99,iam,0.012686567164179152,98.74220374220374,-8.22222222222223,Sell,59.31464174454826,Neutre,94.87,102.55067431250151,87.1893256874985,0.031247256456290912,Neutre,Normal
2026-03-26,94.59,iam,-0.0042109695757447385,98.32640332640332,-8.254122211445193,Sell,57.87234042553192,Neutre,94.44449999999999,101.07679887904912,87.81220112095086,0.043876189132439354,Neutre,Normal
2026-03-27,95.0,iam,0.004334496246960473,98.75259875259876,-7.72219524040797,Sell,54.88281249999999,Neutre,94.047,99.35330250888254,88.74069749111746,0.3591955032359042,Neutre,Normal
2026-03-30,95.2,iam,0.002105263157894832,98.96049896049897,-6.7123958843704035,Sell,59.231297185998606,Neutre,93.7045,97.50700042388792,89.90199957611208,0.7865876835174205,Neutre,Normal
2026-03-31,93.88,iam,-0.013865546218487457,97.58835758835758,-5.171717171717171,Sell,64.49925261584451,Neutre,93.4485,96.32702502434373,90.56997497565627,0.29980632188415757,Neutre,Normal
2026-04-01,95.5,iam,0.017256071580741494,99.27234927234927,0.5263157894736858,Hold,61.66263115415655,Neutre,93.4735,96.4167189681912,90.5302810318088,1.377063699236361,Neutre,Normal
2026-04-02,95.0,iam,-0.005235602094240788,98.75259875259876,3.2608695652173836,Hold,57.86516853932581,Neutre,93.6235,96.55629299249466,90.69070700750535,0.938695641678502,Neutre,Normal
2026-04-03,92.1,iam,-0.030526315789473735,95.73804573804573,0.10869565217390686,Hold,47.68518518518518,Neutre,93.6285,96.54995799937102,90.70704200062899,-1.0463953274899644,Neutre,Normal
2026-04-06,93.0,iam,0.009771986970684043,96.67359667359668,-0.5347593582887722,Hold,50.78271759549154,Neutre,93.6035,96.5381157284503,90.6688842715497,-0.41129746163985226,Neutre,Normal
2026-04-07,92.5,iam,-0.005376344086021501,96.15384615384616,-0.010809642200848568,Hold,51.23183828174353,Neutre,93.603,96.53840349597702,90.66759650402297,-0.7515150823467058,Neutre,Normal
2026-04-08,96.99,iam,0.04854054054054058,100.82120582120582,7.766666666666655,Buy,60.28806584362139,Neutre,93.9525,96.74255659251877,91.16244340748123,2.1773751888364754,Sell,Normal
2026-04-09,95.4,iam,-0.016393442622950727,99.16839916839916,3.0126336248785357,Hold,48.620309050772626,Neutre,94.09200000000001,96.87842272078936,91.30557727921067,0.9388381671173416,Neutre,Normal
2026-04-10,96.0,iam,0.0062893081761006275,99.79209979209979,3.181427343078247,Hold,54.96495327102805,Neutre,94.24000000000001,97.10449775150983,91.37550224849019,1.2288367125247912,Neutre,Normal
2026-04-13,96.0,iam,0.0,99.79209979209979,3.4482758620689724,Hold,56.618531889290026,Neutre,94.4,97.28325108897735,91.51674891102266,1.10985824725206,Neutre,Normal
2026-04-14,95.4,iam,-0.006249999999999978,99.16839916839916,2.857142857142869,Hold,51.27885215221463,Neutre,94.5325,97.339025291265,91.725974708735,0.6182021610138367,Neutre,Normal
2026-04-15,96.85,iam,0.015199161425576424,100.67567567567566,5.146021061773953,Buy,56.615925058547994,Neutre,94.76950000000001,97.5145508575453,92.02444914245471,1.5158189104448379,Neutre,Normal
2026-04-16,96.7,iam,-0.0015487867836859737,100.51975051975053,3.9896763092805765,Hold,55.05350772889419,Neutre,94.955,97.6951382984661,92.21486170153389,1.2736583412427283,Neutre,Normal
2026-04-17,99.0,iam,0.02378490175801451,102.9106029106029,3.232533889468181,Hold,60.04228329809726,Neutre,95.10999999999999,98.37555226247126,91.84444773752871,2.382445410355291,Sell,Normal
2026-04-20,96.13,iam,-0.02898989898989901,99.92723492723492,1.9406150583245019,Hold,55.49584758182707,Neutre,95.2015,98.47403499036172,91.92896500963828,0.5674500060256769,Neutre,Normal
2026-04-21,96.11,iam,-0.00020805159679593288,99.9064449064449,2.462686567164174,Hold,51.6163222045575,Neutre,95.317,98.54400512941133,92.08999487058865,0.4914773718656359,Neutre,Normal
2026-04-22,95.51,iam,-0.006242846738112484,99.28274428274429,0.5474260448468327,Hold,51.34422772799158,Neutre,95.34299999999999,98.5672900483321,92.11870995166788,0.10358869549369694,Neutre,Normal
2026-04-23,95.7,iam,0.001989320490001001,99.48024948024948,1.173485569299082,Hold,61.070110701107076,Neutre,95.3985,98.6063868269814,92.19061317301859,0.18797421247164972,Neutre,Normal
2026-04-24,95.5,iam,-0.002089864158829724,99.27234927234927,0.5263157894736858,Hold,58.033419023136275,Neutre,95.4235,98.62609943762543,92.22090056237458,0.04777369227087405,Neutre,Normal
2026-04-27,96.0,iam,0.005235602094240788,99.79209979209979,0.8403361344537785,Hold,61.24678663239078,Neutre,95.4635,98.67431904618626,92.25268095381374,0.33418264454189495,Neutre,Normal
2026-04-28,95.35,iam,-0.0067708333333333925,99.11642411642411,1.5658287175117191,Hold,43.00341296928325,Neutre,95.537,98.66132965441513,92.41267034558489,-0.11970567813531101,Neutre,Normal
2026-04-29,95.5,iam,0.0015731515469323831,99.27234927234927,0.0,Hold,50.48638132295717,Neutre,95.537,98.66132965441513,92.41267034558489,-0.02368508070057199,Neutre,Normal
2026-04-30,95.5,iam,0.0,99.27234927234927,0.5263157894736858,Hold,47.41735537190082,Neutre,95.562,98.67622272130282,92.44777727869717,-0.03981731915054565,Neutre,Normal
2024-05-02,397.84,msft,,100.0,,Hold,,Neutre,,,,,Neutre,
2024-05-03,406.66,msft,0.022169716468932288,102.21697164689323,,Hold,,Neutre,,,,,Neutre,
2024-05-06,413.54,msft,0.016918310136231796,103.94631007440178,,Hold,,Neutre,,,,,Neutre,
2024-05-07,409.34,msft,-0.01015621221647256,102.8906092901669,,Hold,,Neutre,,,,,Neutre,
2024-05-08,410.54,msft,0.0029315483461183067,103.19223808566258,,Hold,,Neutre,,,,,Neutre,
2024-05-09,412.32,msft,0.00433575291080035,103.6396541323145,,Hold,,Neutre,,,,,Neutre,
2024-05-10,414.74,msft,0.005869227784245368,104.24793886989745,,Hold,,Neutre,,,,,Neutre,
2024-05-13,413.72,msft,-0.002459372136760285,103.99155439372613,,Hold,,Neutre,,,,,Neutre,
2024-05-14,416.56,msft,0.006864546069805577,104.70540920973257,,Hold,,Neutre,,,,,Neutre,
2024-05-15,423.08,msft,0.015652006913769778,106.34425899859241,,Hold,,Neutre,,,,,Neutre,
2024-05-16,420.99,msft,-0.0049399640729884675,105.81892217977078,,Hold,,Neutre,,,,,Neutre,
2024-05-17,420.21,msft,-0.0018527756003706708,105.62286346269858,,Hold,,Neutre,,,,,Neutre,
2024-05-20,425.34,msft,0.012208181623474035,106.91232656344258,,Hold,,Neutre,,,,,Neutre,
2024-05-21,429.04,msft,0.008698923214369714,107.8423486828876,,Hold,,Neutre,,,,,Neutre,
2024-05-22,430.52,msft,0.0034495618124184,108.2143575306656,,Hold,83.44248874334829,Sell,,,,,Neutre,
2024-05-23,427.0,msft,-0.008176159063458144,107.32957973054495,,Hold,73.3471074380165,Sell,,,,,Neutre,
2024-05-24,430.16,msft,0.007400468384074932,108.1238688920169,,Hold,70.85843373493975,Sell,,,,,Neutre,
2024-05-28,430.32,msft,0.00037195462153616354,108.16408606474965,,Hold,79.30167597765369,Sell,,,,,Neutre,
2024-05-29,429.17,msft,-0.0026724298196689755,107.87502513573297,,Hold,76.05594405594414,Sell,,,,,Neutre,
2024-05-30,414.67,msft,-0.03378614535032742,104.23034385682688,,Hold,52.42417990509597,Neutre,418.788,437.2844697627469,400.29153023725314,-0.44527415802272996,Neutre,
2024-05-31,415.13,msft,0.001109315841512526,104.34596822843353,4.345968228433539,Hold,50.41926467426359,Neutre,419.6525,435.4451176957529,403.85988230424704,-0.5727359563976788,Neutre,
2024-06-03,413.52,msft,-0.0038783031821357783,103.94128292781018,1.686912900211479,Hold,49.78768577494687,Neutre,419.9955,434.87134898948267,405.1196510105173,-0.8706057724272722,Neutre,
2024-06-04,416.07,msft,0.00616656993615794,104.58224411823849,0.6117908787541593,Hold,49.476607562486635,Neutre,420.122,434.8085331798251,405.43546682017495,-0.5517980248144958,Neutre,
2024-06-05,424.01,msft,0.01908332732472906,106.57802131510155,3.583817853129423,Hold,50.964130209413234,Neutre,420.8555,434.7168608734192,406.9941391265808,0.4551501153179147,Neutre,
2024-06-06,424.52,msft,0.001202801820711752,106.70621355318721,3.405271106347718,Hold,53.783494105037484,Neutre,421.5545,434.6122607091278,408.49673929087226,0.45421264274309947,Neutre,
2024-06-07,423.85,msft,-0.0015782530858380328,106.5378041423688,2.7963717500970153,Hold,53.910614525139714,Neutre,422.13100000000003,434.4704581472778,409.7915418527223,0.2786183930417116,Neutre,
2024-06-10,427.87,msft,0.009484487436593136,107.54826060727932,3.165838838790558,Hold,52.7845036319613,Neutre,422.7875,434.8656226756653,410.70937732433475,0.8416043016751399,Neutre,
2024-06-11,432.68,msft,0.011241732301867424,108.75728936255781,4.582809629701234,Hold,53.91061452513966,Neutre,423.73550000000006,435.7932810213114,411.67771897868874,1.4836063093518055,Neutre,
2024-06-12,441.06,msft,0.019367662013497267,110.86366378443596,5.8815056654503595,Buy,59.86152694610782,Neutre,424.96049999999997,438.79593045190404,411.1250695480959,2.3272857401822806,Sell,
2024-06-13,441.58,msft,0.0011789779168367431,110.9943695958174,4.372695471305654,Hold,64.45281522601113,Neutre,425.8855,441.5450348119386,410.22596518806137,2.004465673914493,Sell,
2024-06-14,442.57,msft,0.002241949363648743,111.24321335210135,5.126012494358534,Buy,62.85477522270561,Neutre,426.96450000000004,444.10737757580245,409.82162242419764,1.8206394966067398,Neutre,Normal
2024-06-17,448.37,msft,0.01310527148247731,112.70108586366379,6.7014111991623215,Buy,66.74086440363573,Neutre,428.37250000000006,447.66986592333143,409.0751340766687,2.0725626574580414,Sell,Normal
2024-06-18,446.34,msft,-0.004527510761201725,112.19083048461694,4.93722668923684,Hold,65.66891768570903,Neutre,429.4225,450.2497573174776,408.59524268252244,1.6245537991028047,Neutre,Normal
2024-06-20,445.7,msft,-0.0014338844826813357,112.02996179368591,3.8830878239791033,Hold,87.90618128512095,Sell,430.25550000000004,452.31457138857667,408.1964286114234,1.400285599329259,Neutre,Normal
2024-06-21,449.78,msft,0.009154139555755059,113.05549969837121,4.473659760289883,Hold,88.8888888888889,Sell,431.21850000000006,454.94479567201324,407.4922043279869,1.5646353106772137,Neutre,Normal
2024-06-24,447.67,msft,-0.004691182355818335,112.52513573295799,4.840749414519907,Hold,87.90233074361832,Sell,432.25200000000007,456.9840159861029,407.5199840138972,1.2468049518214352,Neutre,Normal
2024-06-25,450.95,msft,0.007326825563473083,113.3495877739795,4.833085363585643,Hold,88.09523809523822,Sell,433.2915,459.36456517017945,407.2184348298205,1.3545396281367452,Neutre,Normal
2024-06-26,452.16,msft,0.002683224304246723,113.65373014277098,5.07529280535417,Buy,86.04353393085802,Sell,434.3835,461.7308318432964,407.03616815670364,1.3000537019012715,Neutre,Normal
2024-06-27,452.85,msft,0.0015260084925690087,113.82716670018098,5.517627047556917,Buy,86.10757073668125,Sell,435.5675,463.99360947702843,407.14139052297156,1.2159595750495706,Neutre,Normal
2024-06-28,446.95,msft,-0.013028596665562664,112.34415845566058,7.784503340005289,Buy,75.9784075573549,Sell,437.1815,464.24463653195755,410.1183634680425,0.721904498280517,Neutre,Normal
2024-07-01,456.73,msft,0.02188164224186151,114.80243313895033,10.020957290487331,Buy,78.73357228195937,Sell,439.26149999999996,465.5726369455678,412.9503630544321,1.3278407570253354,Neutre,Normal
2024-07-02,459.28,msft,0.005583167297965819,115.44339432937865,11.065970207003284,Buy,77.73144286905753,Sell,441.54949999999997,466.35071938852803,416.7482806114719,1.4298087301466578,Neutre,Normal
2024-07-03,460.77,msft,0.003244208326075526,115.81791675045245,10.743384526642142,Buy,73.99561723886046,Sell,443.7844999999999,466.9181869657991,420.6508130342007,1.468464583713906,Neutre,Normal
2024-07-05,467.56,msft,0.014736202443735635,117.52463301829883,10.270984174901532,Buy,77.43979721166033,Sell,445.962,469.45425592447566,422.4697440755243,1.8387335868836585,Neutre,Normal
2024-07-08,466.24,msft,-0.0028231670801608377,117.19284134325359,9.827569961368132,Buy,74.82693517935809,Sell,448.04800000000006,470.9246436625474,425.1713563374527,1.5904430971911403,Neutre,Normal
2024-07-09,459.54,msft,-0.014370281400137297,115.5087472350694,8.420431756517633,Buy,61.49886761375336,Neutre,449.8325,470.190883634526,429.47411636547395,0.9536611721509134,Neutre,Normal
2024-07-10,466.25,msft,0.014601558079818888,117.19535491654938,8.970014256666747,Buy,68.69483568075121,Neutre,451.75149999999996,470.57049742841093,432.932502571589,1.5408365993091337,Neutre,Normal
2024-07-11,454.7,msft,-0.024772117962466478,114.29217775990348,5.089211426458351,Buy,57.01371571072319,Neutre,452.85249999999996,469.41474098109313,436.2902590189068,0.22309782862223326,Neutre,Normal
2024-07-12,453.55,msft,-0.002529140092368598,114.0031168308868,2.8318142656327927,Hold,53.07855626326967,Neutre,453.477,469.0812208864684,437.8727791135316,0.00935644278957109,Neutre,Normal
2024-07-15,453.96,msft,0.0009039797155769858,114.10617333601448,2.803569002219297,Hold,55.283050562741444,Neutre,454.096,468.66068027726527,439.53131972273474,-0.018675315545692173,Neutre,Normal
2024-07-16,449.52,msft,-0.009780597409463354,112.99014679268046,1.5703730483313416,Hold,48.82188169385401,Neutre,454.44350000000003,468.1570588302048,440.72994116979527,-0.7180484746462478,Neutre,Normal
2024-07-17,443.52,msft,-0.013347570742124892,111.48200281520208,-1.0816959207797128,Hold,43.4025656689065,Neutre,454.2009999999999,468.5247188643618,439.87728113563804,-1.4913724712336816,Neutre,Normal
2024-07-18,440.37,msft,-0.007102272727272707,110.69022722702596,-1.337545369001203,Hold,40.81542537533115,Neutre,453.9025,469.13592291424425,438.6690770857557,-1.7766853945013446,Neutre,Normal
2024-07-19,437.11,msft,-0.007402865771964473,109.87080233259603,-1.9273053623513503,Hold,42.465543644716696,Neutre,453.47300000000007,470.1007461206456,436.8452538793545,-1.9681561026101069,Neutre,Normal
2024-07-22,442.94,msft,0.01333760380682203,111.33621556404584,-1.5207434745875714,Hold,38.761206193968995,Neutre,453.131,470.3494465342447,435.91255346575525,-1.1837304811129994,Neutre,Normal
2024-07-23,444.85,msft,0.004312096446471347,111.81630806354315,-0.6299282953961649,Hold,38.11563169164885,Neutre,452.98999999999995,470.44134951801755,435.53865048198236,-0.9328791439992445,Neutre,Normal
2024-07-24,428.9,msft,-0.03585478251095886,107.80715865674644,-4.889677347821264,Hold,28.801383530663813,Buy,451.8875,472.39920128179756,431.3757987182024,-2.2414035466087348,Buy,Normal
2024-07-25,418.4,msft,-0.024481231056190267,105.16790669615925,-7.466383581033275,Sell,18.838742393509094,Buy,450.19950000000006,475.5924890655713,424.8065109344288,-2.5045889570452315,Buy,Anomalie
2024-07-26,425.27,msft,0.016419694072657753,106.89473155037201,-6.090316881969759,Sell,25.737297169252614,Buy,448.8205,476.5000211968022,421.14097880319775,-1.7016551574397003,Neutre,Normal
2024-07-29,426.73,msft,0.003433113081101613,107.26171325155842,-4.523995972703876,Hold,29.284000505114278,Buy,447.80949999999996,477.2008323957933,418.4181676042066,-1.4344024773110964,Neutre,Normal
2024-07-30,422.92,msft,-0.008928362196236495,106.30404182585966,-7.402622993891361,Sell,21.601782671385507,Buy,446.11899999999997,477.1912268271846,415.04677317281534,-1.4932306029449747,Neutre,Normal
2024-07-31,418.35,msft,-0.010805826160976029,105.15533882968029,-8.911774952098927,Sell,23.777232722550877,Buy,444.07249999999993,476.8402240910209,411.30477590897897,-1.5699900260725412,Neutre,Normal
2024-08-01,417.11,msft,-0.002964025337635956,104.84365574100141,-9.475443279727402,Sell,23.746397694524504,Buy,441.88950000000006,475.7717974893662,408.00720251063393,-1.4626812132664275,Neutre,Normal
2024-08-02,408.49,msft,-0.020666011363908776,102.67695556002414,-12.633672683719732,Sell,20.706094575441355,Buy,438.936,473.68362144074734,404.1883785592526,-1.7524077181465425,Neutre,Anomalie
2024-08-05,395.15,msft,-0.03265685818502295,99.32384878343052,-15.24751201098148,Sell,18.575887180672794,Buy,435.38149999999996,472.8097546100924,397.9532453899075,-2.1497930063322617,Buy,Anomalie
2024-08-06,399.61,msft,0.011286853093761984,100.44490247335614,-13.041302171736957,Sell,24.161468753677823,Buy,432.38500000000005,471.23840735582803,393.53159264417206,-1.6871107184932044,Neutre,Normal
2024-08-07,398.43,msft,-0.0029528790570806374,100.14830082445205,-14.545844504021444,Sell,24.734939759036195,Buy,428.99399999999997,467.2360701928071,390.7519298071928,-1.5984490298722718,Neutre,Normal
2024-08-08,402.69,msft,0.010691965966418193,101.2190830484617,-11.43831097426875,Sell,29.511904761904788,Buy,426.3935,464.34780952578325,388.4391904742168,-1.2490544708182718,Neutre,Normal
2024-08-09,406.02,msft,0.008269388363256969,102.05610295596219,-10.47955021497079,Sell,27.34969325153378,Buy,424.017,460.74405762929115,387.28994237070884,-0.9800403931975624,Neutre,Normal
2024-08-12,406.81,msft,0.00194571695975565,102.25467524633018,-10.386377654418888,Sell,26.337397362528023,Buy,421.65950000000004,456.28685789425543,387.03214210574464,-0.8576744460462308,Neutre,Normal
2024-08-13,414.01,msft,0.01769867997345198,104.06444801930425,-7.899537284214276,Sell,39.6063102052213,Neutre,419.884,452.05055824724946,387.7174417527506,-0.36522402893398176,Neutre,Normal
2024-08-14,416.86,msft,0.006883891693437505,104.78081640860648,-6.011002886002881,Sell,48.79649890590813,Neutre,418.55100000000004,448.74236084169934,388.35963915830075,-0.11201879960736849,Neutre,Normal
2024-08-15,421.03,msft,0.010003358441682986,105.82897647295395,-4.391761473306543,Hold,46.54046997389034,Neutre,417.584,446.0207689333445,389.1472310666555,0.24236227456623896,Neutre,Normal
2024-08-16,418.47,msft,-0.006080326817566317,105.18550170922984,-4.2643728123355595,Hold,43.37928823340815,Neutre,416.65200000000004,443.57580875535155,389.72819124464854,0.13504775765714264,Neutre,Normal
2024-08-19,421.53,msft,0.007312352139938305,105.95465513774383,-4.833611775861291,Hold,48.87230245010543,Neutre,415.58149999999995,439.6561691730017,391.5068308269982,0.4941708612694795,Neutre,Normal
2024-08-20,424.8,msft,0.007757454985410472,106.77659360546954,-4.507137237270998,Hold,55.345599204375915,Neutre,414.579,434.8990009324493,394.2589990675507,1.0060038908441122,Neutre,Normal
2024-08-21,424.14,msft,-0.001553672316384258,106.61069776794692,-1.1098158078806208,Hold,55.88284518828449,Neutre,414.341,434.05727903402095,394.62472096597907,0.9940009454209454,Neutre,Normal
2024-08-22,415.55,msft,-0.020252746734568672,104.45153830685703,-0.6811663479923458,Hold,55.910917615539184,Neutre,414.19849999999997,433.8322810659937,394.56471893400624,0.13767088422320067,Neutre,Normal
2024-08-23,416.79,msft,0.0029839971122609388,104.76322139553591,-1.9940273238178041,Hold,72.72154556908869,Sell,413.7745,432.75702767262857,394.7919723273714,0.3177132204946726,Neutre,Normal
2024-08-26,413.49,msft,-0.007917656373713444,103.93374220792279,-3.102664448245962,Hold,64.93758071459322,Neutre,413.1125,431.0894956801523,395.1355043198477,0.0419981187865313,Neutre,Normal
2024-08-27,413.84,msft,0.0008464533604197744,104.0217172732757,-2.1469781518963504,Hold,66.88582073197458,Neutre,412.6585,430.0414235927557,395.27557640724433,0.13593800763093286,Neutre,Normal
2024-08-28,410.6,msft,-0.007829112700560525,103.20731952543738,-1.8525158360224725,Hold,58.865725173727924,Neutre,412.271,429.4642041654163,395.07779583458375,-0.19437912606902819,Neutre,Normal
2024-08-29,413.12,msft,0.006137359961032596,103.8407399959783,-0.9565821965428767,Hold,58.10502283105028,Neutre,412.0715,429.1202761869786,395.02272381302146,0.12300003102871518,Neutre,Normal
2024-08-30,417.14,msft,0.009730828814872083,104.8511964608888,2.1175548973046965,Hold,60.982351690410404,Neutre,412.504,429.60900130002005,395.39899869998,0.542063682859181,Neutre,Normal
2024-09-03,409.44,msft,-0.018459030541305044,102.91574502312488,3.616348222194099,Hold,45.192509993688184,Neutre,413.21849999999995,428.3514313610731,398.0855686389268,-0.4993744978873687,Neutre,Normal
2024-09-04,408.9,msft,-0.0013188745603751606,102.78001206515182,2.324766647481291,Hold,41.19858469703663,Neutre,413.683,427.57672914208734,399.78927085791264,-0.6885120547673824,Neutre,Normal
2024-09-05,408.39,msft,-0.0012472487160675172,102.65181982706618,2.4998117611625625,Hold,34.79307025986522,Neutre,414.1809999999999,426.3838588539952,401.97814114600465,-0.9491218523934577,Neutre,Normal
2024-09-06,401.7,msft,-0.016381400132226553,100.97023929217777,-0.24584668106980567,Hold,31.64806303348645,Neutre,414.13149999999996,426.5369712462731,401.72602875372684,-2.0041963345382254,Buy,Normal
2024-09-09,405.72,msft,0.010007468259895624,101.98069575708828,-0.07388798581349221,Hold,33.05466237942127,Neutre,414.1165,426.563922519077,401.66907748092297,-1.3491146439564377,Neutre,Normal
2024-09-10,414.2,msft,0.020901114068815785,104.1122059119244,1.8165728472751441,Hold,39.780177400694136,Neutre,414.486,426.4495277317971,402.5224722682029,-0.04781198429287047,Neutre,Normal
2024-09-11,423.04,msft,0.02134234669241919,106.33420470540922,2.181106736552274,Hold,49.083944037308484,Neutre,414.9375,427.4923545863429,402.3826454136571,1.2907357778263506,Neutre,Normal
2024-09-12,427.0,msft,0.009360816944024242,107.32957973054495,2.432471333301356,Hold,60.332070023461476,Neutre,415.44449999999995,429.097205110787,401.7917948892129,1.692778084083865,Neutre,Normal
2024-09-13,430.59,msft,0.008407494145199035,108.23195254373617,2.270622045934978,Hold,61.94598337950137,Neutre,415.92249999999996,430.99426778651167,400.85073221348824,1.94635429735409,Neutre,Normal
2024-09-16,431.34,msft,0.0017417961401797744,108.42047054092096,3.0754892823858127,Hold,66.16554971925376,Neutre,416.566,433.1216737293166,400.0103262706833,1.7847657838096092,Neutre,Normal
2024-09-17,435.15,msft,0.00883293921268602,109.37814196661975,3.231086755391077,Hold,68.16089994886657,Neutre,417.24699999999996,435.67682491278185,398.81717508721806,1.942829091944707,Neutre,Normal
2024-09-18,430.81,msft,-0.009973572331379965,108.28725115624371,1.4147834274952809,Hold,66.9064748201439,Neutre,417.5475,436.67850968529774,398.4164903147023,1.3864924244110632,Neutre,Normal
2024-09-19,438.69,msft,0.018291126018430415,110.267946913332,3.4304710708728203,Hold,69.62997082757563,Neutre,418.275,439.45810101050034,397.0918989894996,1.9274798330877432,Neutre,Normal
2024-09-20,435.27,msft,-0.007795937906038497,109.40830484616933,4.745517988208392,Hold,64.04772973810631,Neutre,419.26099999999997,441.7081232713215,396.81387672867845,1.4263743114426723,Neutre,Normal
2024-09-23,433.51,msft,-0.004043467273186718,108.96591594610898,4.0116125626814325,Hold,70.5410479604028,Sell,420.09700000000004,443.38625037775813,396.80774962224194,1.1518618918546013,Neutre,Normal
2024-09-24,429.17,msft,-0.010011303084127232,107.87502513573297,3.792111054680891,Hold,66.24459047924353,Neutre,420.88100000000003,444.2891514367159,397.4728485632842,0.7082148304114814,Neutre,Normal
2024-09-25,432.11,msft,0.006850432229652537,108.61401568469738,4.414749661705009,Hold,68.29682196852828,Neutre,421.79449999999997,445.4701481376298,398.11885186237015,0.8714016984907548,Neutre,Normal
2024-09-26,431.31,msft,-0.001851380435537231,108.41292982103359,5.043838285435953,Buy,75.12302732054984,Sell,422.8299999999999,446.25436967640434,399.4056303235955,0.7240322892053791,Neutre,Normal
2024-09-27,428.02,msft,-0.007627924230831695,107.58596420671627,3.6067002323779906,Hold,69.15807560137455,Neutre,423.575,446.6441486850435,400.5058513149565,0.3853631584490879,Neutre,Normal
2024-09-30,430.3,msft,0.005326853885332605,108.15905891815807,3.154816128877602,Hold,65.48076923076925,Neutre,424.233,447.28004031689176,401.18595968310825,0.5264884268504836,Neutre,Normal
2024-10-01,420.69,msft,-0.022333255867999058,105.74351498089685,2.7476553341148957,Hold,47.77335607352661,Neutre,424.7955,446.85012450610475,402.74087549389526,-0.3723028699820844,Neutre,Normal
2024-10-02,417.13,msft,-0.008462288145665409,104.84868288759301,2.0127170457324484,Hold,40.57666603016994,Neutre,425.207,446.2989641470149,404.1150358529851,-0.7658841010445326,Neutre,Normal
2024-10-03,416.54,msft,-0.0014144271570013522,104.70038206314096,1.9956414211905305,Hold,35.770710958071746,Neutre,425.61449999999996,445.625661595996,405.6033384040039,-0.9069438529561058,Neutre,Normal
2024-10-04,416.06,msft,-0.001152350314495676,104.57973054494269,3.5748070699527013,Hold,34.439918533604924,Neutre,426.3325,443.5689117342821,409.09608826571787,-1.1919534249194847,Neutre,Normal
2024-10-07,409.54,msft,-0.0156708167091284,102.94088075608285,0.9415360347037272,Hold,25.284694074503037,Buy,426.52349999999996,442.8593131271856,410.1876868728143,-2.079296557541596,Buy,Normal
2024-10-08,414.71,msft,0.012623919519460847,104.24039815001005,0.12312892322550173,Hold,34.70744680851061,Neutre,426.549,442.8052142288002,410.29278577119976,-1.456550686816802,Neutre,Normal
2024-10-09,417.46,msft,0.006631139832654176,104.93163080635432,-1.3190242057488755,Hold,27.65733529783202,Buy,426.27,442.96539110684563,409.57460889315433,-1.0553810861474962,Neutre,Normal
2024-10-10,415.84,msft,-0.0038806113160542166,104.52443193243515,-2.6135831381733032,Hold,28.746444979216776,Buy,425.712,443.0387126897052,408.38528731029476,-1.1395121713844205,Neutre,Normal
2024-10-11,416.32,msft,0.001154290111581524,104.64508345063344,-3.314057456048669,Hold,30.65496286293046,Neutre,424.9985,442.6516151567324,407.34538484326754,-0.9832258978597602,Neutre,Normal
2024-10-14,419.14,msft,0.006773635664873101,105.35391112004827,-2.828395233458525,Hold,38.3127476112794,Neutre,424.3884999999999,441.96192284605723,406.8150771539426,-0.5973224506092675,Neutre,Normal
2024-10-15,418.74,msft,-0.0009543350670420114,105.25336818821638,-3.7711134091692466,Hold,33.440673767649244,Neutre,423.56800000000004,440.54817990109933,406.58782009890075,-0.5686629974618186,Neutre,Normal
2024-10-16,416.12,msft,-0.006256865835602032,104.59481198471747,-3.409855852928201,Hold,31.998103816070156,Neutre,422.8335,439.7654831586328,405.90151684136725,-0.7929963002091865,Neutre,Normal
2024-10-17,416.72,msft,0.0014418917619918314,104.74562638246532,-5.008092274727016,Sell,35.696202531645625,Neutre,421.735,437.11509308027445,406.3549069197256,-0.6521416969097427,Neutre,Normal
2024-10-18,418.16,msft,0.00345555768861594,105.10758093706013,-3.930893468421892,Hold,34.29901707190895,Neutre,420.8795,434.9361245480279,406.8228754519721,-0.3869349986133784,Neutre,Normal
2024-10-21,418.78,msft,0.0014826860531853558,105.26342248139954,-3.397845493760243,Hold,46.781260532524385,Neutre,420.14300000000003,432.89633615795907,407.389663842041,-0.21374799238698727,Neutre,Normal
2024-10-22,427.51,msft,0.020846267730073142,107.4577719686306,-0.3867931122865098,Hold,64.89667049368545,Neutre,420.06000000000006,432.5855461063847,407.5344538936154,1.1895688917232021,Neutre,Normal
2024-10-23,424.6,msft,-0.006806858319103548,106.7263221395536,-1.7379833838605863,Hold,60.8449946178687,Neutre,419.6845,431.0891462830776,408.27985371692245,0.8620170898756815,Neutre,Normal
2024-10-24,424.73,msft,0.0003061705134244086,106.75899859239897,-1.525584846166328,Hold,61.77669111654448,Neutre,419.3555,429.67618230098685,409.03481769901316,1.0415009091959164,Neutre,Normal
2024-10-25,428.15,msft,0.008052174322510597,107.61864065956163,0.03037241250409828,Hold,77.6030851379413,Sell,419.36199999999997,429.70579671717906,409.0182032828209,1.6991826580282308,Neutre,Normal
2024-10-28,426.59,msft,-0.003643582856475591,107.22652322541725,-0.8621891703462836,Hold,69.73421926910304,Neutre,419.17650000000003,428.80253984813606,409.550460151864,1.5403011242334446,Neutre,Normal
2024-10-29,431.95,msft,0.012564757729904619,108.5737985119646,2.6765551831514856,Hold,72.14918985019878,Sell,419.73949999999996,430.92850113128054,408.5504988687194,2.182589823119003,Sell,Normal
2024-10-30,432.53,msft,0.0013427480032410788,108.71958576312086,3.6918946131901276,Hold,76.3498579096938,Sell,420.50949999999995,432.9876889289823,408.03131107101757,1.9266417696370475,Neutre,Normal
2024-10-31,406.35,msft,-0.06052759346172509,102.13905087472352,-2.4463436884813006,Hold,41.3107896112951,Neutre,420.0,433.9105594121122,406.0894405878878,-1.9625378959403492,Neutre,Normal
2024-11-01,410.37,msft,0.009892949427833031,103.14950733963404,-1.367591212805841,Hold,42.51323203004951,Neutre,419.71549999999996,434.1867920530345,405.24420794696545,-1.2915916513536603,Neutre,Normal
2024-11-04,408.46,msft,-0.004654336330628506,102.66941484013674,-0.2637105044684396,Hold,41.444740346205016,Neutre,419.6615,434.2997631627205,405.02323683727946,-1.5304411289075628,Neutre,Normal
2024-11-05,411.46,msft,0.007344660431866101,103.42348682887592,-0.783680162040945,Hold,46.14621237181605,Neutre,419.49899999999997,434.43777455694294,404.560225443057,-1.0762596315189423,Neutre,Normal
2024-11-06,420.18,msft,0.021192825548048466,105.61532274281117,0.6515594308436734,Hold,52.52260134149897,Neutre,419.63500000000005,434.54511313452116,404.72488686547894,0.07310474375115644,Neutre,Normal
2024-11-07,425.43,msft,0.012494645152077766,106.93494872310478,2.30617545209697,Hold,55.02141179720956,Neutre,420.1145,435.12720405882646,405.1017959411736,0.708133588615547,Neutre,Normal
2024-11-08,422.54,msft,-0.006793126953905437,106.20852604061936,1.4940430438124652,Hold,52.51808197160465,Neutre,420.4255,435.36475591749576,405.48624408250424,0.28307969442088143,Neutre,Normal
2024-11-11,418.01,msft,-0.01072087849671044,105.06987733762317,-0.2695996564393788,Hold,43.25858643201816,Neutre,420.36899999999997,435.3372455463842,405.4007544536157,-0.31520060152538315,Neutre,Normal
2024-11-12,423.03,msft,0.012009282074591399,106.3316911321134,1.0245020776615377,Hold,48.91828579302739,Neutre,420.5835,435.57638852475736,405.59061147524267,0.3263547242361095,Neutre,Normal
2024-11-13,425.2,msft,0.005129659834999911,106.87713653730144,2.182062866480816,Hold,50.31497118348745,Neutre,421.0375,436.01118762371664,406.0638123762834,0.5559752686982785,Neutre,Normal
2024-11-14,426.89,msft,0.00397460018814666,107.30193042429117,2.44048761758493,Hold,49.135565312843035,Neutre,421.546,436.59289707477797,406.499102925222,0.7103125612466321,Neutre,Normal
2024-11-15,415.0,msft,-0.02785260840029047,104.3132917755882,-0.7556916013009451,Hold,43.03569282538158,Neutre,421.38800000000003,436.6494348501124,406.12656514988765,-0.8371427801826907,Neutre,Normal
2024-11-18,415.76,msft,0.001831325301204778,104.50432334606879,-0.7211423659200467,Hold,39.7023279480982,Neutre,421.23699999999997,436.66592580768213,405.8080741923178,-0.7099651742797214,Neutre,Normal
2024-11-19,417.79,msft,0.004882624591110218,105.01457872511564,-2.273631026174816,Hold,40.79440419685238,Neutre,420.75100000000003,435.9587070488691,405.543292951131,-0.38940781677145875,Neutre,Normal
2024-11-20,415.49,msft,-0.005505158093779161,104.43645686708226,-2.1455487517663685,Hold,58.13456746173013,Neutre,420.2955,435.5634016239957,405.02759837600433,-0.6294905637127599,Neutre,Normal
2024-11-21,412.87,msft,-0.006305807600664237,103.77790066358337,-2.7923622065783027,Hold,52.28185469149324,Neutre,419.70250000000004,435.1652373827673,404.23976261723277,-0.883737443231061,Neutre,Normal
2024-11-22,417.0,msft,0.010003148690871155,104.81600643474765,-2.6042274903655183,Hold,57.49122807017545,Neutre,419.145,434.1217138550064,404.16828614499354,-0.2864446794892792,Neutre,Normal
2024-11-25,418.79,msft,0.004292565947242366,105.26593605469536,-1.8284535502472998,Hold,56.569277648324096,Neutre,418.755,433.31587258808065,404.19412741191934,0.004807404197558262,Neutre,Normal
2024-11-26,427.99,msft,0.02196805081305664,107.57842348682888,-0.916772774626684,Hold,56.939754753865294,Neutre,418.55699999999996,432.45500000757403,404.6589999924259,1.3574615045127787,Neutre,Normal
2024-11-27,422.99,msft,-0.011682515946634275,106.32163683893023,-2.2056273553279437,Hold,47.82220635487326,Neutre,418.08000000000004,430.5391086949944,405.62089130500567,0.7881783713746112,Neutre,Normal
2024-11-29,423.46,msft,0.0011111373791341528,106.4397747838327,4.2106558385627935,Hold,50.858208955223844,Neutre,418.93549999999993,430.30539094055007,407.5656090594498,0.7958739487752954,Neutre,Normal
2024-12-02,430.98,msft,0.017758465970811876,108.32998190227228,5.022296951531557,Buy,61.459621841314735,Neutre,419.966,431.79386255549105,408.13813744450897,1.862382141883582,Neutre,Normal
2024-12-03,431.2,msft,0.0005104645227156368,108.38528051477982,5.567252607354445,Buy,57.88762309326126,Neutre,421.10299999999995,432.64219106897565,409.56380893102425,1.7500360189280297,Neutre,Normal
2024-12-04,437.42,msft,0.014424860853432309,109.94872310476576,6.309240266368543,Buy,60.941977077363916,Neutre,422.401,435.14988956980864,409.6521104301914,2.356126769749008,Sell,Normal
2024-12-05,442.62,msft,0.011887888070961417,111.25578121858035,5.340568327859496,Buy,63.2518955349621,Neutre,423.523,439.08770244191277,407.9582975580873,2.4538856520090535,Sell,Normal
2024-12-06,443.57,msft,0.0021463106050336744,111.4945706816811,4.263921209129573,Hold,79.50836604007435,Sell,424.43,442.3921086559581,406.4678913440419,2.131152902657801,Sell,Normal
2024-12-09,446.02,msft,0.00552336722501523,112.11039613915142,5.556870355469301,Buy,80.19960079840317,Sell,425.604,445.95625517052946,405.2517448294705,2.006264153916742,Sell,Normal
2024-12-10,443.33,msft,-0.006031119680731778,111.43424492258194,6.057271357144556,Buy,75.15760441292353,Sell,426.87,448.35196305839247,405.38803694160754,1.5324484038314623,Neutre,Normal
2024-12-11,448.99,msft,0.0127670132858142,112.85692740800322,6.136680613668077,Buy,80.94974131559498,Sell,428.168,451.7112758083813,404.6247241916187,1.7688277680192226,Neutre,Normal
2024-12-12,449.56,msft,0.0012695160248556991,113.00020108586367,5.729068673565374,Buy,85.23141924332629,Sell,429.3860000000001,454.7340856953952,404.03791430460495,1.591757282378516,Neutre,Normal
2024-12-13,447.27,msft,-0.00509386956134894,112.4245928011261,4.7740635760968875,Hold,80.13139558033045,Sell,430.40500000000003,456.9413151370471,403.86868486295293,1.271088311463024,Neutre,Normal
2024-12-16,451.59,msft,0.00965859547924075,113.51045646491052,8.816867469879508,Buy,81.08415466262316,Sell,432.2345,459.3381408313688,405.1308591686313,1.4282583008256668,Neutre,Normal
2024-12-17,454.46,msft,0.006355322305631184,114.23185200080435,9.3082547623629,Buy,78.50527676071502,Sell,434.16949999999997,461.8407432718622,406.49825672813773,1.4665405381790402,Neutre,Normal
2024-12-18,437.39,msft,-0.03756106147955818,109.94118238487836,4.691352114698755,Hold,62.307692307692285,Neutre,435.1495,461.74565997213165,408.55334002786833,0.16848296914649857,Neutre,Normal
2024-12-19,437.03,msft,-0.0008230640846841331,109.85069374622964,5.184240294591924,Buy,61.62014043500598,Neutre,436.22650000000004,461.1633949023026,411.28960509769746,0.06444266643043331,Neutre,Normal
2024-12-20,436.6,msft,-0.000983914147770104,109.74261009451037,5.747571874924318,Buy,55.477582846003905,Neutre,437.413,459.7983298766017,415.0276701233983,-0.07263685677018118,Neutre,Normal
2024-12-23,435.25,msft,-0.003092075125973537,109.40327769957771,4.376498800959228,Hold,53.86229258058365,Neutre,438.32550000000003,458.5951251620645,418.05587483793556,-0.3034589910183415,Neutre,Normal
2024-12-24,439.33,msft,0.009373923032739873,110.42881560426304,4.904606127175892,Hold,51.89898588188503,Neutre,439.35249999999996,457.41585502438335,421.2891449756166,-0.0024912315535632465,Neutre,Normal
2024-12-26,438.11,msft,-0.0027769558190881005,110.12215966217576,2.364541227598771,Hold,45.130641330166284,Neutre,439.8585,457.131353389368,422.585646610632,-0.20245641650339438,Neutre,Normal
2024-12-27,430.53,msft,-0.017301590924653665,108.21687110396138,1.7825480507813296,Hold,37.68417075935019,Neutre,440.23549999999994,456.2407721248203,424.2302278751796,-1.212787876933261,Neutre,Normal
2024-12-30,424.83,msft,-0.013239495505539711,106.78413432535694,0.32352524441505714,Hold,31.144331731624845,Neutre,440.304,456.0160113624166,424.59198863758337,-1.9697032598912265,Neutre,Normal
2024-12-31,421.5,msft,-0.0078384294894428,105.94711441785643,-2.199638034247531,Hold,30.79359493225411,Neutre,439.8299999999999,457.2098407115246,422.4501592884753,-2.1093403908869197,Buy,Normal
2025-01-02,418.58,msft,-0.006927639383155437,105.2131510154836,-2.9267161410018616,Hold,21.889443520059118,Buy,439.19899999999996,458.6866586047377,419.7113413952622,-2.11610849904638,Buy,Normal
2025-01-03,423.35,msft,0.011395671078407998,106.41212547757894,-3.216588176123636,Hold,27.51758449133645,Buy,438.4955,459.22955383472134,417.76144616527864,-1.460929938807936,Neutre,Normal
2025-01-06,427.85,msft,0.010629502775481248,107.54323346068773,-3.3369481722470673,Hold,33.95041322314053,Neutre,437.75699999999995,458.9202114765237,416.5937885234762,-0.9362473187011048,Neutre,Normal
2025-01-07,422.37,msft,-0.012808227182423804,106.16579529459081,-4.779403476339694,Hold,26.30554654557254,Buy,436.69699999999995,458.7397050589498,414.65429494105007,-1.2999311982521708,Neutre,Normal
2025-01-08,424.56,msft,0.00518502734569215,106.7162678463704,-4.811443433029905,Hold,25.483765168907865,Buy,435.62399999999997,457.8444073106838,413.40359268931616,-0.995841331376519,Neutre,Normal
2025-01-10,418.95,msft,-0.013213680045223275,105.30615322742811,-5.499289468341861,Sell,31.381260096930546,Neutre,434.4049999999999,457.50303591559134,411.3069640844085,-1.3382090197173562,Neutre,Normal
2025-01-13,417.19,msft,-0.0042009786370688085,104.86376432736779,-7.082563086037553,Sell,30.518460329929326,Neutre,432.81499999999994,456.0632642249638,409.5667357750361,-1.3441863744151634,Neutre,Normal
2025-01-14,415.67,msft,-0.0036434238596322333,104.48170118640661,-7.538482071358654,Sell,29.878869448183053,Buy,431.1205,454.16927160786713,408.07172839213285,-1.340678823397802,Neutre,Normal
2025-01-15,426.31,msft,0.025597228570741093,107.15614317313494,-4.686207436224199,Hold,42.70799347471453,Neutre,430.07249999999993,451.90336359407695,408.2416364059229,-0.34469547975378745,Neutre,Normal
2025-01-16,424.58,msft,-0.004058079801083747,106.72129499296199,-5.981089040944221,Sell,37.489397794741315,Neutre,428.72200000000004,448.15866703072294,409.28533296927714,-0.42620475963836035,Neutre,Normal
2025-01-17,429.03,msft,0.010480945875924519,107.83983510959179,-5.595651982572725,Sell,42.69861691862332,Neutre,427.45050000000003,442.66676619253667,412.2342338074634,0.20760677816935938,Neutre,Normal
2025-01-21,428.5,msft,-0.0012353448476796203,107.70661572491456,-2.032511031345019,Hold,48.158897152185766,Neutre,427.006,441.50207046572945,412.5099295342705,0.20612482583221828,Neutre,Normal
2025-01-22,446.2,msft,0.04130688448074671,112.15564045847577,2.0982541244308317,Hold,65.91687769998511,Neutre,427.46450000000004,443.76348863507627,411.1655113649238,2.2989770002882532,Sell,Normal
2025-01-23,446.71,msft,0.0011429852084265946,112.28383269656143,2.3156207054511935,Hold,69.60037319234954,Neutre,427.96999999999997,445.9974188828844,409.94258111711554,2.079055257077555,Sell,Normal
2025-01-24,444.06,msft,-0.005932260303104897,111.61773577317516,2.0241240666283744,Hold,69.89381636477205,Neutre,428.41049999999996,447.58120734219347,409.23979265780645,1.6326471131877853,Neutre,Normal
2025-01-27,434.56,msft,-0.021393505382155564,109.22984114216771,-1.085744201397576,Hold,58.15035625999709,Neutre,428.172,446.8839118829643,409.46008811703575,0.6827736299694467,Neutre,Normal
2025-01-28,447.2,msft,0.02908689248895424,112.40699778805549,2.074821391887882,Hold,62.57963853855154,Neutre,428.6265,448.743598540402,408.50940145959805,1.846538650958842,Neutre,Normal
2025-01-29,442.33,msft,-0.0108899821109123,111.1828875930022,2.7408078414976833,Hold,63.07994757536042,Neutre,429.2165,450.24036841563486,408.19263158436513,1.2474868792698348,Neutre,Normal
2025-01-30,414.99,msft,-0.06180905658671121,104.3107782022924,-2.3162206058894075,Hold,45.28339083292262,Neutre,428.7245,450.62295029364384,406.8260497063561,-1.2543810010141665,Neutre,Normal
2025-01-31,415.06,msft,0.00016867876334369925,104.32837321536297,-1.5278766310794722,Hold,47.972057136899174,Neutre,428.40250000000003,450.92863254352494,405.8763674564751,-1.1846241226024659,Neutre,Normal
2025-02-03,410.92,msft,-0.009974461523635125,103.28775387090288,-1.82999665535859,Hold,46.810458846271246,Neutre,428.0195,451.4895216177334,404.5494783822666,-1.457135428207703,Neutre,Normal
2025-02-04,412.37,msft,0.0035286673805119406,103.6522219987935,-2.5935986772174346,Hold,48.32009773976786,Neutre,427.4705,451.89470583204997,403.04629416795007,-1.23651922226964,Neutre,Normal
2025-02-05,413.29,msft,0.002231006135266833,103.88347074200685,-3.4030618207315677,Hold,42.64406779661017,Neutre,426.7425,451.9737111439284,401.5112888560716,-1.0663380305655408,Neutre,Normal
2025-02-06,415.82,msft,0.006121609523578986,104.51940478584356,-1.550773018917062,Hold,45.095184770436724,Neutre,426.41499999999996,452.05195400250074,400.7780459974992,-0.826541249710592,Neutre,Normal
2025-02-07,409.75,msft,-0.014597662450098636,102.99366579529459,-3.488317316751466,Hold,39.397272327320714,Neutre,425.67449999999997,452.37071733504615,398.9782826649538,-1.1930154598415434,Neutre,Normal
2025-02-10,412.22,msft,0.006028065893837864,103.61451839935654,-1.606396944742805,Hold,41.23411587335775,Neutre,425.338,452.5556727416895,398.12032725831057,-0.9639325246134721,Neutre,Normal
2025-02-11,411.44,msft,-0.0018921934889137848,103.41845968228434,-1.378268894268797,Hold,27.11351066631549,Buy,425.0505,452.7478093696086,397.3531906303914,-0.9828030454780836,Neutre,Normal
2025-02-12,409.04,msft,-0.005833171300797191,102.815202091293,-1.5950152765414893,Hold,25.79982012077606,Buy,424.71899999999994,453.0407007369189,396.397299263081,-1.1072075187604413,Neutre,Normal
2025-02-13,410.54,msft,0.003667123019753582,103.19223808566258,-3.6991860383289166,Hold,28.142931664058423,Buy,423.93050000000005,452.9355525362668,394.9254474637333,-0.9233218925052511,Neutre,Normal
2025-02-14,408.43,msft,-0.005139572270667969,102.66187412024937,-3.803759008902907,Hold,31.14446529080675,Neutre,423.12299999999993,452.93979011281374,393.3062098871861,-0.9855520962791753,Neutre,Normal
2025-02-18,409.64,msft,0.002962563964449272,102.96601648904083,-4.519497471039314,Hold,17.542343587970933,Buy,422.1535,452.4191472102059,391.8878527897941,-0.8269111123307052,Neutre,Normal
2025-02-19,414.77,msft,0.012523191094619746,104.25547958978485,-3.2042007001166883,Hold,26.290433585684767,Buy,421.467,451.7493798689324,391.18462013106756,-0.44230341399756673,Neutre,Normal
2025-02-20,416.13,msft,0.0032789256696483804,104.59732555801328,-6.739130434782603,Sell,51.7734909769757,Neutre,419.9635,447.976313064551,391.950686935449,-0.2736961826123165,Neutre,Normal
2025-02-21,408.21,msft,-0.019032513877874746,102.60657550774181,-8.618566855454324,Sell,41.435358839709906,Neutre,418.0385,443.48634575723867,392.59065424276133,-0.7724425944545263,Neutre,Normal
2025-02-24,404.0,msft,-0.01031331912496014,101.54836115021115,-9.021303427464755,Sell,41.36295556665001,Neutre,416.03549999999996,439.0493946359755,393.0216053640244,-1.0459333537736777,Neutre,Normal
2025-02-25,397.9,msft,-0.015099009900990112,100.01508143977478,-8.43611929307806,Sell,33.81793782151642,Neutre,414.2025,436.8407460497829,391.56425395021705,-1.440261755628044,Neutre,Normal
2025-02-26,399.73,msft,0.004599145513948244,100.47506535290572,-10.61493738819319,Sell,35.13809732573435,Neutre,411.829,429.2541879397848,394.4038120602152,-1.3886794267941107,Neutre,Normal
2025-02-27,392.53,msft,-0.018012158206789697,98.66529257993163,-11.25856261162481,Sell,26.844303042354383,Buy,409.33900000000006,421.9915635430334,396.6864364569667,-2.6570109595308495,Buy,Anomalie
2025-02-28,396.99,msft,0.011362188877283463,99.78634626985723,-4.3374539145521585,Hold,36.89400164338544,Neutre,408.43899999999996,421.9319141637952,394.9460858362047,-1.6970388844124384,Neutre,Normal
2025-03-03,388.49,msft,-0.021411118667976514,97.64980896842953,-6.401484122777424,Sell,28.312922683238938,Buy,407.1105,422.89594096044686,391.32505903955314,-2.3591992199213028,Buy,Normal
2025-03-04,388.61,msft,0.0003088882596720133,97.67997184797909,-5.429280638567113,Sell,28.880666049953817,Buy,405.995,423.68517033032043,388.3048296696796,-1.9654983163392852,Neutre,Normal
2025-03-05,401.02,msft,0.031934330048120074,100.79931630806354,-2.75238256905207,Hold,43.74024352169839,Neutre,405.4275,422.98428891033507,387.87071108966495,-0.5020849794925193,Neutre,Normal
2025-03-06,396.89,msft,-0.010298738217545234,99.76121053689926,-3.968157952043372,Hold,39.766081871345015,Neutre,404.6075,422.15002562384086,387.06497437615917,-0.8798619042074189,Neutre,Normal
2025-03-07,393.31,msft,-0.00902013152258807,98.86135129700384,-5.413400028858639,Sell,38.908450704225366,Neutre,403.48199999999997,420.88341748612066,386.0805825138793,-1.1691001618819972,Neutre,Normal
2025-03-10,380.16,msft,-0.03343418677379162,95.55600241303037,-7.221476510067104,Sell,31.598002496878948,Neutre,402.00249999999994,421.9982562602918,382.0067437397081,-2.184713567785921,Buy,Normal
2025-03-11,380.45,msft,0.0007628367003365,95.62889603860849,-7.707049633690755,Sell,27.19904331650281,Buy,400.41400000000004,421.9782983704657,378.84970162953437,-1.8515789066749897,Neutre,Normal
2025-03-12,383.27,msft,0.007412274937574015,96.33772370802333,-6.846684814310722,Sell,28.584462982273195,Buy,399.0055,421.2079498174115,376.8030501825885,-1.417456193294489,Neutre,Normal
2025-03-13,378.77,msft,-0.011741070263782682,95.20661572491454,-7.400254253862714,Sell,29.918144611186904,Buy,397.492,420.9080418247145,374.07595817528556,-1.5990746976066572,Neutre,Normal
2025-03-14,388.56,msft,0.02584681996990268,97.66740398150012,-5.3539240999659015,Sell,40.21298174442191,Neutre,396.393,419.2879620751156,373.49803792488433,-0.6842553374232144,Neutre,Normal
2025-03-17,388.7,msft,0.0003603047148446059,97.70259400764127,-4.830693142031683,Hold,43.691716950082295,Neutre,395.40649999999994,417.81270616563114,373.00029383436873,-0.5986287861875543,Neutre,Normal
2025-03-18,383.52,msft,-0.013326472858245397,96.40056304041826,-6.376330436480815,Sell,39.37327913989771,Neutre,394.1005,416.0538692175011,372.14713078249895,-0.9639067147438429,Neutre,Normal
2025-03-19,387.82,msft,0.011211931581143197,97.4813995576111,-6.497576970369123,Sell,46.79024124301487,Neutre,392.753,412.56881409937455,372.9371859006254,-0.49788517143544364,Neutre,Normal
2025-03-20,386.84,msft,-0.002526945490175847,97.23506937462297,-7.038665801552401,Sell,42.738589211618226,Neutre,391.2885,407.90016397444623,374.67683602555377,-0.5355875253488349,Neutre,Normal
2025-03-21,391.26,msft,0.011425912521972892,98.34606877136538,-4.152274564562353,Hold,52.10454338246466,Neutre,390.441,405.02324284243343,375.8587571575665,0.11232839952668684,Neutre,Normal
2025-03-24,393.08,msft,0.004651638296784721,98.8035391112005,-2.7029702970297054,Hold,53.31062064879275,Neutre,389.895,403.0915234656275,376.69847653437245,0.4827028888776428,Neutre,Normal
2025-03-25,395.16,msft,0.005291543706115842,99.32636235672634,-0.6886152299572679,Hold,44.875830710038514,Neutre,389.758,402.6581747846141,376.85782521538584,0.8375080322854134,Neutre,Normal
2025-03-26,389.97,msft,-0.013133920437291224,98.02181781620753,-2.4416481124759137,Hold,44.05906593406597,Neutre,389.27000000000004,401.2902478300011,377.249752169999,0.11647014435973183,Neutre,Normal
2025-03-27,390.58,msft,0.0015642228889400922,98.17514578725117,-0.49677731638345657,Hold,47.53030577166635,Neutre,389.1725,401.11277748068267,377.23222251931736,0.2357566651657912,Neutre,Normal
2025-03-28,378.8,msft,-0.03016027446361813,95.21415644480193,-4.581979394946978,Hold,48.738404452690155,Neutre,388.26300000000003,400.4642960484968,376.06170395150326,-1.551146691693606,Neutre,Normal
2025-03-31,375.39,msft,-0.009002111932418178,94.35702795093505,-3.3720301680867037,Hold,45.56296036478429,Neutre,387.608,401.0965707564788,374.1194292435212,-1.8116078004975447,Neutre,Normal
2025-04-01,382.19,msft,0.01811449425930367,96.06625779207722,-1.6520418929003466,Hold,49.11475409836067,Neutre,387.287,400.9791969326331,373.59480306736685,-0.7445116404734317,Neutre,Normal
2025-04-02,382.14,msft,-0.00013082498233862871,96.05368992559823,-4.707994613734979,Hold,52.97966401414678,Neutre,386.34299999999996,398.57398584484264,374.1120141551573,-0.6872708468994294,Neutre,Normal
2025-04-03,373.11,msft,-0.02363008321557536,93.78393323949328,-5.991584570031994,Sell,36.15343251478762,Neutre,385.154,397.687613584022,372.620386415978,-1.9218719197397027,Neutre,Normal
2025-04-04,359.84,msft,-0.035565918897912274,90.44842147597024,-8.509826854135428,Sell,29.062681369704023,Buy,383.4805,399.79614115551954,367.1648588444805,-2.8978940851493964,Buy,Anomalie
2025-04-07,357.86,msft,-0.005502445531347155,89.95073396340239,-5.865951178451178,Sell,30.477784540474772,Neutre,382.3655,402.28624028956006,362.44475971043994,-2.460300133810057,Buy,Normal
2025-04-08,354.56,msft,-0.009221483261610763,89.12125477578927,-6.80509922460244,Sell,24.30469715698395,Buy,381.071,404.56089740292384,357.5811025970762,-2.2572256953919383,Buy,Normal
2025-04-09,390.49,msft,0.10133686823104693,98.15252362758898,1.8837894956558188,Hold,51.83104244005219,Neutre,381.432,405.28332952268886,357.5806704773112,0.7595383721803405,Neutre,Normal
2025-04-10,381.35,msft,-0.023406489282696064,95.85511763523026,0.6811521503815143,Hold,45.25337676022609,Neutre,381.561,405.3795941518031,357.7424058481969,-0.017717250535878724,Neutre,Normal
2025-04-11,388.45,msft,0.018618067392159432,97.63975467524634,-0.02830965616635872,Hold,47.889121911188106,Neutre,381.55550000000005,405.3673391384997,357.7436608615004,0.5790816878863183,Neutre,Normal
2025-04-14,387.81,msft,-0.0016475736903075466,97.47888598431531,-0.2289683560586564,Hold,46.604453478702744,Neutre,381.511,405.2698887742959,357.75211122570414,0.5302436540563044,Neutre,Normal
2025-04-15,385.73,msft,-0.005363451174544176,96.95606273878947,0.5762411347517871,Hold,47.98325722983257,Neutre,381.6215,405.4402120381809,357.80278796181915,0.34498086994915184,Neutre,Normal
2025-04-16,371.61,msft,-0.03660591605527186,93.40689724512367,-4.179774122015367,Hold,42.004551968304824,Neutre,380.81100000000004,404.8438414773113,356.7781585226888,-0.7657022170005522,Neutre,Normal
2025-04-17,367.78,msft,-0.010306504130674687,92.4441986728333,-4.927101644090581,Hold,45.021684134441614,Neutre,379.858,404.39062884190406,355.32537115809595,-0.9846478400528902,Neutre,Normal
2025-04-21,359.12,msft,-0.023546685518516464,90.26744419867285,-8.214486530695698,Sell,42.982834469076174,Neutre,378.251,403.82729239415795,352.674707605842,-1.4959947833853988,Neutre,Normal
2025-04-22,366.82,msft,0.02144130095789709,92.20289563643676,-6.680573928971201,Sell,43.422066250106994,Neutre,376.938,401.99997001539407,351.8760299846059,-0.8074385208972086,Neutre,Normal
2025-04-23,374.39,msft,0.02063682460062144,94.10567062135532,-5.256098795424647,Sell,46.88379573783675,Neutre,375.8995,399.45846296082135,352.3405370391786,-0.12814655742787215,Neutre,Normal
2025-04-24,387.3,msft,0.034482758620689724,97.35069374622964,-0.6846680513885706,Hold,55.53302659284099,Neutre,375.76599999999996,399.01750127580635,352.5144987241936,0.9921079816038714,Neutre,Normal
2025-04-25,391.85,msft,0.011747998967208906,98.49436959581742,0.3251574581391914,Hold,63.39218475441388,Neutre,375.8295,399.2576130942672,352.4013869057328,1.367630413558164,Neutre,Normal
2025-04-28,391.16,msft,-0.0017608778869465658,98.3209330384074,3.262935586061255,Hold,64.08391135171715,Neutre,376.4475,400.83785691674467,352.0571430832553,1.2064194099512724,Neutre,Normal
2025-04-29,394.04,msft,0.007362716024133409,99.04484214759704,4.9681664402355,Hold,66.75721561969442,Neutre,377.38,402.99542216383446,351.76457783616553,1.3007788740270478,Neutre,Normal
2025-04-30,395.26,msft,0.0030961323723479595,99.3514980896843,3.4197650383317235,Hold,52.87038151402094,Neutre,378.0335,404.80634112874736,351.26065887125264,1.286863797320563,Neutre,Normal
2025-05-01,425.4,msft,0.07625360522187918,106.92740800321738,11.320458470717544,Buy,71.1595734460563,Sell,380.1965,414.3413291685177,346.05167083148234,2.647750836702305,Sell,Normal
2025-05-02,435.28,msft,0.02322519981194171,109.41081841946512,16.662646404545555,Buy,71.9097969495649,Sell,383.30499999999995,425.1784874039446,341.4315125960553,2.4824777310095145,Sell,Normal
2025-05-05,436.17,msft,0.002044660907921436,109.63452644279108,21.21220542463318,Buy,72.57281553398059,Sell,387.12149999999997,433.64571227026113,340.5972877297388,2.108515012143578,Sell,Anomalie
2025-05-06,433.31,msft,-0.006557076369305581,108.91564448019304,21.0836640026826,Buy,72.04819277108433,Sell,390.894,439.61207852057333,342.1759214794267,1.7412837816289495,Neutre,Normal
2025-05-07,433.35,msft,9.231266298970198e-05,108.92569877337624,22.22190884476536,Buy,82.90343210402898,Sell,394.8335,443.9217175915535,345.74528240844654,1.5692767792256308,Neutre,Normal
2025-05-08,438.17,msft,0.011122649128879614,110.13724110195054,12.210299879638399,Buy,87.12161164434133,Sell,397.2175,449.9159856968088,344.51901430319117,1.5542192326213264,Neutre,Normal
2025-05-09,438.73,msft,0.001278042768788401,110.27800120651519,15.046545168480407,Buy,95.90589320724251,Sell,400.0865,455.3338028729617,344.8391971270383,1.3989280196667238,Neutre,Anomalie
2025-05-12,449.26,msft,0.024001094066965933,112.92479388698975,15.654524391813629,Buy,96.03529148983694,Sell,403.127,462.2361557962664,344.0178442037336,1.5609426112938647,Neutre,Anomalie
2025-05-13,449.14,msft,-0.00026710590749234875,112.89463100744017,15.814445218019134,Buy,95.52929711292482,Sell,406.1935,468.2469670221867,344.14003297781323,1.3841772929349732,Neutre,Anomalie
2025-05-14,452.94,msft,0.008460613617135015,113.84978885984316,17.424104943872653,Buy,94.97122499314878,Sell,409.554,474.1680393413067,344.9399606586932,1.3429279593812373,Neutre,Anomalie
2025-05-15,453.13,msft,0.00041948160904303755,113.89754675246331,21.93697693818788,Buy,94.65170504226171,Sell,413.63,478.45035417821634,348.80964582178365,1.2187529827868304,Neutre,Anomalie
2025-05-16,454.27,msft,0.0025158343080351475,114.1840941081842,23.516776333677747,Buy,95.68553641233528,Sell,417.9545,481.4215790667343,354.4874209332657,1.1443885722805993,Neutre,Anomalie
2025-05-19,458.87,msft,0.010126136438681987,115.34033782425097,27.776230786366686,Buy,95.7903658708857,Sell,422.942,482.4989779728884,363.38502202711163,1.2065084973369604,Neutre,Anomalie
2025-05-20,458.17,msft,-0.0015254865212369628,115.16438769354515,24.903222288861038,Buy,94.76305678098761,Sell,427.5095,482.8029786199485,372.21602138005153,1.1090096251943355,Neutre,Anomalie
2025-05-21,452.57,msft,-0.012222537486086038,113.75678664789865,20.881968001282083,Buy,79.70697572709378,Sell,431.41850000000005,481.7296235058513,381.1073764941488,0.8408279730640482,Neutre,Normal
2025-05-22,454.86,msft,0.005059990719667784,114.33239493263625,17.44384198295894,Buy,75.66858940744623,Sell,434.7964999999999,481.5840099280045,388.00899007199536,0.8576434194028829,Neutre,Normal
2025-05-23,450.18,msft,-0.010288880094974306,113.15604263020312,14.885798137042228,Buy,66.7064154543286,Neutre,437.713,480.3132679013071,395.11273209869296,0.58530148349689,Neutre,Normal
2025-05-27,460.69,msft,0.02334621706872797,115.79780816408606,17.77533490131915,Buy,77.61194029850743,Sell,441.18950000000007,478.8563445439052,403.5226554560949,1.0354198890894506,Neutre,Normal
2025-05-28,457.36,msft,-0.007228288002778416,114.96078825658557,16.06943457517003,Buy,72.70663892566672,Sell,444.3555,475.3977350490762,413.31326495092384,0.837858484058288,Neutre,Normal
2025-05-29,458.68,msft,0.0028861290886827984,115.29257993163083,16.045134847948184,Buy,70.7717237188576,Sell,447.52650000000006,468.9048710422719,426.1481289577282,1.0434377790474254,Neutre,Normal
2025-05-30,460.36,msft,0.0036626842242957203,115.71486024532476,8.218147625764004,Buy,71.42008318478906,Sell,449.2745,468.6593649317206,429.8896350682794,1.1437273397618766,Neutre,Normal
2025-06-02,461.97,msft,0.003497263011556173,116.11954554594814,6.131685351957383,Buy,65.287466923262,Neutre,450.60900000000004,469.6083550029025,431.6096449970976,1.1959353355168534,Neutre,Normal
2025-06-03,462.97,msft,0.0021646427257180356,116.37090287552788,6.144393241167445,Buy,66.28975265017671,Neutre,451.94899999999996,470.4338796246241,433.4641203753758,1.1924340567864706,Neutre,Normal
2025-06-04,463.87,msft,0.0019439704516490686,116.59712447214963,7.052687452401285,Buy,63.81795195954489,Neutre,453.47700000000003,470.46636769679344,436.4876323032066,1.2234710773799475,Neutre,Normal
2025-06-05,467.68,msft,0.00821350809494037,117.55479589784838,7.922002999884614,Buy,66.8519805420431,Neutre,455.1935,470.47152036638903,439.9154796336109,1.6345704090655278,Neutre,Normal
2025-06-06,470.38,msft,0.005773178241532673,118.23346068771366,7.351028139763094,Buy,68.00804828973844,Neutre,456.804,471.296764655801,442.31123534419896,1.8734865738078443,Neutre,Normal
2025-06-09,472.75,msft,0.00503847952719072,118.82917755881763,7.754199621635172,Buy,66.32941176470588,Neutre,458.505,472.01856823033086,444.99143176966913,2.108251463596046,Sell,Normal
2025-06-10,470.92,msft,-0.003870967741935405,118.36919364568672,4.821261630236395,Hold,64.61150584460233,Neutre,459.588,473.44921373891225,445.7267862610878,1.6350660502677286,Neutre,Normal
2025-06-11,472.62,msft,0.003609954981737884,118.79650110597227,5.227768624482354,Buy,75.2328215454317,Sell,460.762,474.87238975178894,446.65161024821106,1.6807473370459687,Neutre,Normal
2025-06-12,478.87,msft,0.013224154712030867,120.36748441584557,5.724820064467706,Buy,77.4776836804761,Sell,462.0585,477.8121124846276,446.30488751537234,2.134304118043363,Sell,Normal
2025-06-13,474.96,msft,-0.008165055234197194,119.38467725718883,4.817602012667432,Hold,78.86766076421249,Sell,463.15,479.31845922418825,446.9815407758117,1.4608689469101737,Neutre,Normal
2025-06-16,479.14,msft,0.008800741115041255,120.43535089483211,5.474717678913432,Buy,75.21180650450943,Sell,464.3935,481.48545227677664,447.3015477232234,1.7255489321762847,Neutre,Normal
2025-06-17,478.04,msft,-0.002295779939057385,120.1588578322944,4.177653801730341,Hold,80.09313154831204,Sell,465.352,483.26984714511826,447.4341528548817,1.4162415715726095,Neutre,Normal
2025-06-18,480.24,msft,0.004602125345159358,120.71184395736981,4.8169893271056585,Hold,80.5902383654938,Sell,466.4554999999999,485.20987405822495,447.7011259417749,1.4700037396294392,Neutre,Normal
2025-06-20,477.4,msft,-0.00591370981176087,119.99798914136338,5.486444085997744,Buy,73.40659340659337,Sell,467.697,485.8591330766729,449.5348669233271,1.068486830157889,Neutre,Normal
2025-06-23,486.0,msft,0.018014243820695386,122.15966217574905,6.846062524732877,Buy,77.69071214565565,Sell,469.2540000000001,488.10843340298015,450.39956659702,1.7763461401447496,Neutre,Normal
2025-06-24,490.11,msft,0.008456790123456903,123.19274080032174,8.869785419165677,Buy,79.1827956989247,Sell,471.2505,490.0570548203431,452.44394517965685,2.0056305027861447,Sell,Normal
2025-06-25,492.27,msft,0.0044071738997366605,123.73567263221396,6.854934988821104,Buy,79.73199329983248,Sell,472.8295,493.1451216532486,452.51387834675137,1.9138474157290968,Neutre,Normal
2025-06-26,497.45,msft,0.01052268064273676,125.03770359943695,8.76552387615881,Buy,80.29717077142274,Sell,474.834,496.583504434767,453.084495565233,2.0796795685926415,Sell,Normal
2025-06-27,495.94,msft,-0.0030354809528595483,124.65815403177159,8.123310368884628,Buy,76.65832290362954,Sell,476.69699999999995,498.99658989474335,454.39741010525654,1.725861335641523,Neutre,Normal
2025-06-30,497.41,msft,0.0029640682340605906,125.02764930625378,8.048049352680508,Buy,76.21173469387756,Sell,478.54949999999997,501.28614463973844,455.8128553602615,1.6590398714361059,Neutre,Normal
2025-07-01,492.05,msft,-0.010775818741078802,123.68037401970642,6.511245318960102,Buy,70.89183310262999,Sell,480.0535,502.14269552513025,457.9643044748697,1.0861871349141652,Neutre,Normal
2025-07-02,491.09,msft,-0.0019510212376792069,123.43907098330989,6.073827677819277,Buy,68.53301224162145,Neutre,481.45950000000005,502.52631748502705,460.39268251497305,0.9142814292519222,Neutre,Normal
2025-07-03,498.84,msft,0.015781221364719267,125.3870902875528,7.538750080841616,Buy,69.45256185466582,Neutre,483.20799999999997,503.9299564205412,462.48604357945874,1.5087378510751346,Neutre,Normal
2025-07-07,497.72,msft,-0.0022452088846122153,125.10557007842351,6.42319534724598,Buy,73.44458178821594,Sell,484.71000000000004,505.0440875327504,464.3759124672497,1.2796246675977891,Neutre,Normal
2025-07-08,496.62,msft,-0.002210077955477008,124.82907701588579,5.578468472298992,Buy,69.22569291685,Neutre,486.02200000000005,505.8426650268185,466.2013349731816,1.0693889418604539,Neutre,Normal
2025-07-09,503.51,msft,0.013873786798759502,126.56092901669014,6.506610259122159,Buy,74.84878048780482,Sell,487.55999999999995,507.8134176453228,467.3065823546771,1.5750428178903826,Neutre,Normal
2025-07-10,501.48,msft,-0.004031697483664609,126.05067363764329,6.489424955406431,Buy,70.79091620986686,Sell,489.088,508.655080410464,469.52091958953605,1.266617169250562,Neutre,Normal
2025-07-11,503.32,msft,0.003669139347531214,126.51317112406998,6.495704794549528,Buy,75.87859424920131,Sell,490.62300000000005,509.55704519294585,471.68895480705424,1.3411819683128714,Neutre,Normal
2025-07-14,503.02,msft,-0.000596042279265685,126.43776392519605,5.0431223505335465,Buy,70.3685974150311,Sell,491.83050000000003,510.6887373178656,472.97226268213444,1.1866962761572049,Neutre,Normal
2025-07-15,505.82,msft,0.005566379070414795,127.14156444801932,6.497389253831898,Buy,69.40943909068444,Neutre,493.37350000000004,511.4536295698692,475.2933704301309,1.3768153543260286,Neutre,Normal
2025-07-16,505.62,msft,-0.00039539757225892647,127.09129298210338,5.526568435112922,Buy,67.33316021812519,Neutre,494.69749999999993,512.2597644205993,477.13523557940056,1.24386010122803,Neutre,Normal
2025-07-17,511.7,msft,0.012024840789525593,128.6195455459481,7.041251778093871,Buy,68.07916772392795,Neutre,496.38050000000004,513.6707180741811,479.09028192581894,1.7720424270271122,Neutre,Normal
2025-07-18,510.05,msft,-0.0032245456322063104,128.20480595214156,6.207313010161597,Buy,67.83817951959549,Neutre,497.871,514.4266667353731,481.3153332646268,1.4712787101443785,Neutre,Normal
2025-07-21,510.06,msft,1.9605920988041703e-05,128.20731952543738,6.841223292836207,Buy,66.6054082436335,Neutre,499.504,513.8537961107874,485.1542038892127,1.4712404160313608,Neutre,Normal
2025-07-22,505.27,msft,-0.009391052033094205,127.00331791675046,3.9650205761316837,Hold,67.61727078891258,Neutre,500.4674999999999,513.5295073818008,487.40549261819893,0.735338736171792,Neutre,Normal
2025-07-23,505.87,msft,0.00118748391948853,127.1541323144983,3.2156046601783173,Hold,69.886975242196,Neutre,501.25550000000004,513.5665262516388,488.9444737483612,0.7496531817379051,Neutre,Normal
2025-07-24,510.88,msft,0.009903730207365458,128.41343253569275,3.7804456903731687,Hold,67.48983149331792,Neutre,502.186,514.4505546618193,489.9214453381807,1.4177440991094865,Neutre,Normal
2025-07-25,513.71,msft,0.00553946132164107,129.12477377840338,3.2686702181123906,Hold,72.12842513146971,Sell,502.99899999999997,516.070827319614,489.9271726803859,1.63879153818509,Neutre,Normal
2025-07-28,512.5,msft,-0.002355414533491751,128.8206314096119,3.3391136024519152,Hold,71.90949227373068,Sell,503.82700000000006,517.1123145675223,490.5416854324778,1.3056521854894214,Neutre,Normal
2025-07-29,512.57,msft,0.00013658536585370307,128.8382264226825,3.047787539454383,Hold,65.39768864717885,Neutre,504.58500000000004,518.0573412570902,491.11265874290984,1.1853915882360373,Neutre,Normal
2025-07-30,513.24,msft,0.0013071385371752342,129.00663583350092,4.306472919418747,Hold,70.95509622238055,Sell,505.6445,518.2725881163307,493.0164118836693,1.2029532784424424,Neutre,Normal
2025-07-31,533.5,msft,0.039474709687475684,134.09913533078625,8.635891588099941,Buy,82.46557659208257,Sell,507.765,523.8675718769631,491.66242812303693,3.196383807088287,Sell,Anomalie
2025-08-01,524.11,msft,-0.017600749765698143,131.7388900060326,5.06575254590651,Buy,68.9760662227821,Neutre,509.0285,526.1178358868261,491.93916411317383,1.7650188515079805,Neutre,Normal
2025-08-04,535.64,msft,0.021999198641506457,134.63704001608687,7.618741461062428,Buy,73.18818040435458,Sell,510.92449999999997,530.9013766064043,490.9476233935957,2.474410838787139,Sell,Normal
2025-08-05,527.75,msft,-0.01473004256590249,132.65383068570281,6.26837420965729,Buy,65.3701903042089,Neutre,512.481,532.6154636722351,492.3465363277648,1.5167029277323636,Neutre,Normal
2025-08-06,524.94,msft,-0.005324490762671608,131.94751658958376,4.256122023395781,Hold,59.63329452852159,Neutre,513.5525,533.9559030959268,493.1490969040732,1.1162353599996633,Neutre,Normal
2025-08-07,520.84,msft,-0.007810416428544298,130.91695153830688,3.8605727047938077,Hold,57.58044119713364,Neutre,514.5205,534.3409652077788,494.7000347922211,0.6376742355693933,Neutre,Normal
2025-08-08,522.04,msft,0.002303970509177411,131.21858033380255,3.7193038226178032,Hold,58.27805417357654,Neutre,515.4565,534.8125068467846,496.10049315321544,0.6802539441231501,Neutre,Normal
2025-08-11,521.77,msft,-0.0005172017469925461,131.150713854816,3.7274859846526898,Hold,62.16096698113209,Neutre,516.394,535.0161536433338,497.7718463566662,0.5773768279400301,Neutre,Normal
2025-08-12,529.24,msft,0.014316652931368301,133.02835310677662,4.630105571151799,Hold,65.6404765091688,Neutre,517.5649999999999,536.3323417347693,498.79765826523055,1.2441825981535095,Neutre,Normal
2025-08-13,520.58,msft,-0.01636308669034836,130.85159863261615,2.95874372058067,Hold,56.189382337927555,Neutre,518.313,536.2499035642674,500.3760964357326,0.2527749554852056,Neutre,Normal
2025-08-14,522.48,msft,0.003649775250681886,131.32917755881763,2.1067031463748442,Hold,55.66317964613199,Neutre,518.8520000000001,536.5990597713103,501.1049402286898,0.40885645811199955,Neutre,Normal
2025-08-15,520.17,msft,-0.004421221864951863,130.74854212748843,1.9841192039995903,Hold,54.88348401884628,Neutre,519.358,536.6188002497943,502.0971997502056,0.09408602014378636,Neutre,Normal
2025-08-18,517.1,msft,-0.005901916681084862,129.97687512567867,1.3802297768890082,Hold,52.778118483993616,Neutre,519.7099999999999,536.4517536653009,502.968246334699,-0.311795293632758,Neutre,Normal
2025-08-19,509.77,msft,-0.014175207890156694,128.13442589985925,0.890612939616453,Hold,48.0326567638054,Neutre,519.9350000000001,535.9654808346356,503.90451916536455,-1.26820899570742,Neutre,Normal
2025-08-20,505.72,msft,-0.007944759401298573,127.11642871506135,-0.02965188684839193,Hold,30.70297304806887,Neutre,519.9275,535.9858041314794,503.86919586852053,-1.7694894658457354,Neutre,Normal
2025-08-21,504.24,msft,-0.0029265206042869973,126.74441986728333,-1.2997181334168495,Hold,34.49352270953639,Neutre,519.5955,536.6829795345086,502.5080204654915,-1.7972808650906338,Neutre,Normal
2025-08-22,507.23,msft,0.005929716008250097,127.49597828272674,-1.2614120807459495,Hold,24.419232847109626,Buy,519.2715000000001,537.0602087487404,501.4827912512597,-1.3538363205651698,Neutre,Normal
2025-08-25,504.26,msft,-0.005855331900715743,126.74944701387494,-1.6078048780487797,Hold,26.79312388855952,Buy,518.8595,537.6613940535294,500.05760594647063,-1.5529818387908105,Neutre,Normal
2025-08-26,502.04,msft,-0.004402490778566581,126.19143374220793,-2.0543535517100198,Hold,27.10915633746494,Buy,518.333,538.4221278268184,498.24387217318156,-1.6220714149918716,Neutre,Normal
2025-08-27,506.74,msft,0.009361803840331362,127.37281319123267,-1.266464032421477,Hold,36.07269853812717,Neutre,518.008,538.6468418687764,497.3691581312237,-1.0919217339464125,Neutre,Normal
2025-08-28,509.64,msft,0.005722855902435153,128.10174944701387,-4.472352389878164,Hold,38.14984709480123,Neutre,516.815,536.4156170687004,497.21438293129967,-0.7321198077439719,Neutre,Normal
2025-08-29,506.69,msft,-0.005788399654658161,127.36024532475368,-3.3237297513880715,Hold,36.29090909090909,Neutre,515.944,535.7270372847718,496.16096271522815,-0.9355489621528775,Neutre,Normal
2025-09-02,505.12,msft,-0.00309854151453548,126.96561431731351,-5.697856769472032,Sell,25.437881873727022,Buy,514.418,532.4335121463388,496.40248785366117,-1.0322215571195494,Neutre,Normal
2025-09-03,505.35,msft,0.0004553373455813414,127.02342650311684,-4.244433917574608,Hold,31.27612490779441,Neutre,513.298,530.5944987025862,496.0015012974138,-0.9190299304692909,Neutre,Normal
2025-09-04,507.97,msft,0.005184525576333199,127.68198270661574,-3.232750409570617,Hold,32.471611500362414,Neutre,512.4495,528.9897507140718,495.90924928592807,-0.5416483797538714,Neutre,Normal
2025-09-05,495.0,msft,-0.025533003917554198,124.42187814196663,-4.961216496428856,Hold,25.821325648414998,Buy,511.15749999999997,528.9291733507105,493.38582664928947,-1.8183431217920751,Neutre,Normal
2025-09-08,498.2,msft,0.006464646464646506,125.22622159662176,-4.566699869741775,Hold,31.889612878497474,Neutre,509.9655000000001,527.8614242346035,492.06957576539656,-1.3148803991078994,Neutre,Normal
2025-09-09,498.41,msft,0.00042151746286633873,125.27900663583351,-4.477068440117282,Hold,37.39458499778079,Neutre,508.7975,526.497653879799,491.09734612020105,-1.173718609515044,Neutre,Normal
2025-09-10,500.37,msft,0.0039325053670671295,125.77166700180977,-5.454992064091901,Sell,43.77472655340933,Neutre,507.354,522.5689959268076,492.1390040731923,-0.9180416522747427,Neutre,Normal
2025-09-11,501.01,msft,0.0012790535004096881,125.93253569274081,-3.7592685082023958,Hold,46.166627106574865,Neutre,506.3755,520.486164089715,492.264835910285,-0.7604886582072087,Neutre,Normal
2025-09-12,509.9,msft,0.01774415680325747,128.1671023527046,-2.407747664982396,Hold,52.77951280449715,Neutre,505.7464999999999,517.8071437377347,493.68585626226513,0.6887692050806192,Neutre,Normal
2025-09-15,515.36,msft,0.010707981957246648,129.53951337220994,-0.9246976949843222,Hold,60.98574821852734,Neutre,505.50600000000003,516.5003150860191,494.51168491398096,1.7925627786547311,Neutre,Normal
2025-09-16,509.04,msft,-0.012263272275690795,127.95093504926605,-1.558692709340559,Hold,56.407909190772614,Neutre,505.10300000000007,514.825207026896,495.3807929731042,0.8098984086861105,Neutre,Normal
2025-09-17,510.02,msft,0.0019251925192518282,128.19726523225415,0.0490417246993724,Hold,53.222003929273065,Neutre,505.1155,514.8635804588247,495.36741954117537,1.0062493884239727,Neutre,Normal
2025-09-18,508.45,msft,-0.003078310654484162,127.802634224814,0.5398244087637449,Hold,48.7996772241275,Neutre,505.25200000000007,515.1115390091944,495.3924609908058,0.6487118712178527,Neutre,Normal
2025-09-19,517.93,msft,0.018644901170223216,130.18550170922984,2.714976995081697,Hold,60.01782531194292,Neutre,505.93649999999997,517.2881672088813,494.5848327911186,2.1130816785425934,Sell,Normal
2025-09-22,514.45,msft,-0.006719054698511195,129.3107782022924,1.4234173846184195,Hold,58.0417169453543,Neutre,506.29749999999996,518.2648835244464,494.3301164755535,1.362453201795781,Neutre,Normal
2025-09-23,509.23,msft,-0.010146758674312473,127.99869294188619,0.9856026652917294,Hold,53.079365079365076,Neutre,506.546,518.5416121802552,494.55038781974474,0.44749696133355943,Neutre,Normal
2025-09-24,510.15,msft,0.0018066492547570423,128.22994168509953,1.6154091307465368,Hold,51.77814029363781,Neutre,506.9515,518.8536984258608,495.0493015741393,0.537463733262985,Neutre,Normal
2025-09-25,507.03,msft,-0.006115848279917735,127.44570681681078,0.05722855902434709,Hold,61.69096209912538,Neutre,506.966,518.8678201173352,495.06417988266486,0.010754657584976885,Neutre,Normal
2025-09-26,511.46,msft,0.008737155592371204,128.55921978684898,0.35711482615179424,Hold,62.58542141230072,Neutre,507.05699999999996,519.0721958172331,495.04180418276684,0.732905242157584,Neutre,Normal
2025-09-29,514.6,msft,0.006139287529816739,129.34848180172935,1.561112317195934,Hold,64.55673440028775,Neutre,507.45250000000004,519.9287272890712,494.9762727109289,1.1457790619542554,Neutre,Normal
2025-09-30,517.95,msft,0.00650991061018269,130.19052885582144,2.539990497307576,Hold,65.42105263157902,Neutre,508.09399999999994,521.3596555375996,494.8283444624003,1.4859423979560884,Neutre,Normal
2025-10-01,519.71,msft,0.0033980113910609955,130.63291775588178,2.841594934204017,Hold,66.08740536820378,Neutre,508.812,522.9763371294223,494.6476628705777,1.5387942125950358,Neutre,Normal
2025-10-02,515.74,msft,-0.007638875526736144,129.63502915745025,1.5296178908203117,Hold,55.48872180451132,Neutre,509.20050000000003,523.6900947784004,494.71090522159966,0.902647741363809,Neutre,Normal
2025-10-03,517.35,msft,0.003121728002482005,130.0397144580736,4.5151515151515165,Hold,52.016210739615005,Neutre,510.31800000000004,523.5927383362114,497.04326166378866,1.0594559112050899,Neutre,Normal
2025-10-06,528.57,msft,0.021687445636416447,132.85994369595818,6.095945403452441,Buy,68.00000000000004,Neutre,511.8365,526.1797467512961,497.4932532487039,2.3332931922806095,Sell,Normal
2025-10-07,523.98,msft,-0.008683807253533127,131.70621355318724,5.130314399791325,Buy,62.063601797442125,Neutre,513.115,526.9692328701808,499.2607671298192,1.568473707899818,Neutre,Normal
2025-10-08,524.85,msft,0.0016603687163632141,131.92489442992158,4.8923796390671015,Hold,64.34569629111269,Neutre,514.339,527.7712908654811,500.9067091345191,1.56503460284823,Neutre,Normal
2025-10-09,522.4,msft,-0.004668000381061299,131.30906897245126,4.26937586076126,Hold,54.45840813883903,Neutre,515.4085,527.7327717730903,503.0842282269097,1.1345903642381063,Neutre,Normal
2025-10-10,510.96,msft,-0.02189892802450233,128.43354112205913,0.20788389880368463,Hold,46.996040626613826,Neutre,515.4615000000001,527.6948096180338,503.22819038196644,-0.7359414811776326,Neutre,Normal
2025-10-13,514.05,msft,0.006047440112728841,129.2102352704605,-0.25419124495499323,Hold,54.30664760543238,Neutre,515.396,527.6456150745169,503.146384925483,-0.21976200750995156,Neutre,Normal
2025-10-14,513.57,msft,-0.0009337613072656348,129.08958375226223,0.8899104196133933,Hold,53.07997118155625,Neutre,515.6225,527.5403024731752,503.7046975268247,-0.3444426948037923,Neutre,Normal
2025-10-15,513.43,msft,-0.00027260159277231466,129.05439372612105,0.6686012313242617,Hold,56.09059763989337,Neutre,515.793,527.4684282689461,504.11757173105383,-0.40478172544386565,Neutre,Normal
2025-10-16,511.61,msft,-0.0035447870206258836,128.59692338628597,0.6214967056741072,Hold,50.150210294412204,Neutre,515.951,527.2886668907878,504.61333310921225,-0.7657660154978112,Neutre,Normal
2025-10-17,513.58,msft,0.0038505893160807325,129.09209732555803,-0.839881837313905,Hold,48.95406070549633,Neutre,515.7335,527.0782122391722,504.3887877608279,-0.37964823692295807,Neutre,Normal
2025-10-20,516.79,msft,0.0062502433895399445,129.89895435350894,0.4548546991933078,Hold,48.80707527766343,Neutre,515.8505,527.1877408692092,504.5132591307909,0.16573697442585836,Neutre,Normal
2025-10-21,517.66,msft,0.0016834691073743802,130.1176352302433,1.6554405671307615,Hold,47.85250366645709,Neutre,516.2719999999999,527.1920146520116,505.3519853479882,0.2542121131209896,Neutre,Normal
2025-10-22,520.54,msft,0.005563497276204421,130.84154433943294,2.0366558855238637,Hold,55.145797598627745,Neutre,516.7915,527.4711536017224,506.1118463982776,0.7019890606555533,Neutre,Normal
2025-10-23,520.56,msft,3.842163906697671e-05,130.84657148602452,2.668481154961233,Hold,53.562708102108694,Neutre,517.4680000000001,527.217741373096,507.7182586269041,0.6342732348843905,Neutre,Normal
2025-10-24,523.61,msft,0.005859074842477385,131.61321134124273,2.3755523403589773,Hold,43.27548806941427,Neutre,518.0755,527.7629296737765,508.3880703262235,1.1426147464030938,Neutre,Normal
2025-10-27,531.52,msft,0.015106663356314831,133.6014478182184,3.2879906723668695,Hold,59.3781094527363,Neutre,518.9215,530.161757114504,507.68124288549603,2.2416747004378275,Sell,Normal
2025-10-28,542.07,msft,0.01984873570138479,136.25326764528455,4.656820156385755,Hold,67.261427425822,Neutre,520.1275,535.3863305753251,504.8686694246749,2.876039535491396,Sell,Normal
2025-10-29,541.55,msft,-0.0009592857011089251,136.1225618339031,4.202343614708193,Hold,69.96871741397285,Neutre,521.2194999999999,539.2303242016076,503.2086757983923,2.2575868569285475,Sell,Normal
2025-10-30,525.76,msft,-0.02915704921059914,132.15362959983915,1.9428394152092077,Hold,64.1491395793499,Neutre,521.7205,539.6467976187487,503.79420238125135,0.4506786717381242,Neutre,Normal
2025-10-31,517.81,msft,-0.01512096774193561,130.15533882968026,0.08891466125444669,Hold,53.289013296011184,Neutre,521.7434999999999,539.6473534811321,503.8396465188677,-0.43940261286714205,Neutre,Normal
2025-11-03,517.03,msft,-0.0015063440258009653,129.9592801126081,-2.1832491439166213,Hold,53.01079011486244,Neutre,521.1665,538.8869030784664,503.44609692153364,-0.4668629693899785,Neutre,Normal
2025-11-04,514.33,msft,-0.005222134112140342,129.28061532274282,-1.8416733463109236,Hold,50.74975008330564,Neutre,520.684,538.6062066310618,502.76179336893813,-0.7090644730083063,Neutre,Normal
2025-11-05,507.16,msft,-0.013940466237629567,127.47838326965615,-3.370486805754025,Hold,46.596297996022656,Neutre,519.7995,538.5814750937225,501.01752490627746,-1.345918087626943,Neutre,Normal
2025-11-06,497.1,msft,-0.019835949207350767,124.94972853408406,-4.843032159264926,Hold,38.78301116253743,Neutre,518.5345,539.8201388205794,497.24886117942054,-2.0139870060443403,Buy,Normal
2025-11-07,496.82,msft,-0.0005632669483002228,124.87934848180173,-2.767339909190536,Hold,35.84290372890973,Neutre,517.8275,541.0258301350073,494.6291698649927,-1.8111217383098415,Neutre,Normal
2025-11-10,506.0,msft,0.018477517008171906,127.18680876734368,-1.5659955257270597,Hold,42.60527650938613,Neutre,517.425,541.172142099522,493.67785790047793,-0.9622210497683348,Neutre,Normal
2025-11-11,508.68,msft,0.005296442687747094,127.86044641061733,-0.9521584204684963,Hold,42.45930824008143,Neutre,517.1805,541.1939633070733,493.1670366929268,-0.7079778448697307,Neutre,Normal
2025-11-12,511.14,msft,0.004836046237320035,128.47878544138348,-0.44601990534249847,Hold,44.19092254563398,Neutre,517.066,541.1764025594576,492.9555974405424,-0.4915720494824745,Neutre,Normal
2025-11-13,503.29,msft,-0.015357827601048535,126.5056304041826,-1.6262387365375996,Hold,38.16953889147649,Neutre,516.65,541.434455230099,491.8655447699009,-1.0780951105009668,Neutre,Normal
2025-11-14,510.18,msft,0.013689920324266192,128.23748240498693,-0.6620195490478653,Hold,37.42634928116901,Neutre,516.48,541.3993934200093,491.5606065799907,-0.5056302851209327,Neutre,Normal
2025-11-17,507.49,msft,-0.005272648869026564,127.56133118841745,-1.7995704251243194,Hold,27.54545454545452,Buy,516.0150000000001,541.2550529651656,490.77494703483455,-0.6755136379282294,Neutre,Normal
2025-11-18,493.79,msft,-0.02699560582474525,124.11773577317516,-4.611134721631949,Hold,23.51962741184299,Buy,514.8215,541.9228383044987,487.72016169550136,-1.5520635744035474,Neutre,Normal
2025-11-19,487.12,msft,-0.013507766459426085,122.44118238487836,-6.420255888116177,Sell,26.165803108808277,Buy,513.1505,542.7713287136662,483.52967128633367,-1.7575808058327658,Neutre,Normal
2025-11-20,478.43,msft,-0.017839546723599886,120.2568871908305,-8.093207315199002,Sell,25.92909535452324,Buy,511.04400000000004,544.2244783443223,477.8635216556778,-1.9658547210535233,Neutre,Normal
2025-11-21,472.12,msft,-0.013188972263445065,118.6708224411824,-9.833654819426673,Sell,24.287186533837172,Buy,508.4695,545.3308250325871,471.6081749674129,-1.9722296997118451,Neutre,Normal
2025-11-24,474.0,msft,0.003982038464797055,119.14337422079228,-10.821794099939797,Sell,26.690556005086094,Buy,505.59349999999995,543.8323351920169,467.354664807983,-1.6524300408918127,Neutre,Normal
2025-11-25,476.99,msft,0.006308016877637046,119.89493263623568,-12.005829505414434,Sell,31.677395845985657,Neutre,502.33949999999993,538.5300637454109,466.14893625458905,-1.4008900319058628,Neutre,Normal
2025-11-26,485.5,msft,0.01784104488563698,122.03398351095917,-10.34992152155848,Sell,42.820004951720705,Neutre,499.537,531.3600985953701,467.7139014046299,-0.8821893919558298,Neutre,Normal
2025-11-28,492.01,msft,0.013408856848609707,123.67031972652323,-6.41927875836884,Sell,47.235949890817146,Neutre,497.8495,527.3092941715772,468.3897058284228,-0.3964386150147602,Neutre,Normal
2025-12-01,486.74,msft,-0.010711164407227414,122.34566659963807,-6.0002703694405195,Sell,38.411552346570396,Neutre,496.296,524.5771437273394,468.0148562726606,-0.6757859648202411,Neutre,Normal
2025-12-02,490.0,msft,0.006697620906438662,123.16509149406798,-5.227936483376205,Sell,38.83843212237092,Neutre,494.94449999999995,521.5898096297128,468.2991903702871,-0.3711347376865317,Neutre,Normal
2025-12-03,477.73,msft,-0.025040816326530546,120.08093706012468,-7.116053895359009,Sell,32.13177879987164,Neutre,493.1145,519.1748869381967,467.05411306180343,-1.1806808576162011,Neutre,Normal
2025-12-04,480.84,msft,0.00650995332091342,120.86265835511765,-5.189683729000716,Sell,37.352112676056294,Neutre,491.79850000000005,517.5286095585473,466.06839044145283,-0.8518036019290722,Neutre,Normal
2025-12-05,483.16,msft,0.004824889776225083,121.44580735974262,-2.8042647354657,Hold,33.951057258256114,Neutre,491.10150000000004,516.981728808069,465.2212711919312,-0.613711730208818,Neutre,Normal
2025-12-08,491.02,msft,0.016267902972100234,123.42147597023929,-1.1674248218670802,Hold,40.78343592613316,Neutre,490.81149999999997,516.5515284423042,465.07147155769576,0.016200448299221112,Neutre,Normal
2025-12-09,492.02,msft,0.002036576921510269,123.67283329981902,-2.7628458498023756,Hold,48.84540117416827,Neutre,490.1125,514.8558392419496,465.3691607580503,0.15418290808267382,Neutre,Normal
2025-12-10,478.56,msft,-0.02735661151985691,120.28956364367586,-5.921207832035858,Sell,44.87056567593479,Neutre,488.6065,512.2327719735576,464.98022802644226,-0.8504515660569664,Neutre,Normal
2025-12-11,483.47,msft,0.010259946506185225,121.52372813191235,-5.4133896779747115,Sell,53.16344463971883,Neutre,487.22300000000007,508.4078854760104,466.03811452398975,-0.3543092082560395,Neutre,Normal
2025-12-12,478.53,msft,-0.010217800484001227,120.28202292378847,-4.9196288422182155,Hold,54.093753991569784,Neutre,485.98499999999996,506.08246724027117,465.88753275972874,-0.7418845281221988,Neutre,Normal
2025-12-15,474.82,msft,-0.007752909953398945,119.34948723104766,-6.93088713787291,Sell,50.51173240139789,Neutre,484.217,501.35610038786604,467.07789961213393,-1.0965569705925498,Neutre,Normal
2025-12-16,476.39,msft,0.003306516153489758,119.74411823848783,-6.128199570434889,Sell,49.61880559085132,Neutre,482.662,496.16892235777755,469.1550776422224,-0.9287089736454219,Neutre,Normal
2025-12-17,476.12,msft,-0.000566762526501341,119.67625175950131,-3.5784442779319137,Hold,43.343741129718985,Neutre,481.7785,494.50997326820544,469.0470267317946,-0.8888994825337461,Neutre,Normal
2025-12-18,483.98,msft,0.01650844324960099,121.65192036999801,-0.6446050254557356,Hold,44.40885670519428,Neutre,481.6215,494.1514763094697,469.0915236905304,0.37645721615890576,Neutre,Normal
2025-12-19,485.92,msft,0.004008430100417293,122.13955358938269,1.5655372781807175,Hold,49.40128504672898,Neutre,481.996,494.5719827909383,469.42001720906165,0.6240466554753065,Neutre,Normal
2025-12-22,484.92,msft,-0.002057951926243029,121.88819625980294,2.7111751249682348,Hold,46.16430081546361,Neutre,482.6360000000001,494.3704322850625,470.90156771493764,0.3892817214357101,Neutre,Normal
2025-12-23,486.85,msft,0.00398003794440327,122.37331590589181,2.7109704641350207,Hold,58.16034359341446,Neutre,483.2785,494.4138534200563,472.14314657994373,0.6414704347986413,Neutre,Normal
2025-12-24,488.02,msft,0.0024032042723629576,122.66740398150012,2.312417451099602,Hold,56.65554319614387,Neutre,483.83000000000004,494.744355587703,472.91564441229707,0.7677961316783088,Neutre,Normal
2025-12-26,487.71,msft,-0.0006352198680381616,122.58948320933038,0.4552008238928984,Hold,54.3808973618332,Neutre,483.94050000000004,494.9701852558082,472.9108147441919,0.6835190511016519,Neutre,Normal
2025-12-29,487.1,msft,-0.0012507432695658682,122.43615523828677,-0.9979471961951925,Hold,45.61324977618626,Neutre,483.695,494.17321298545255,473.21678701454744,0.6499199824869674,Neutre,Normal
2025-12-30,487.48,msft,0.0007801272839251805,122.53167102352707,0.15203188560628522,Hold,44.84793463458924,Neutre,483.7320000000001,494.260590848886,473.20340915111416,0.7119661223033529,Neutre,Normal
2025-12-31,483.62,msft,-0.007918273570197809,121.5614317313493,-1.302040816326533,Hold,57.34184561810796,Neutre,483.413,493.5201399463361,473.30586005366393,0.04096114253865317,Neutre,Normal
2026-01-02,472.94,msft,-0.022083453951449505,118.87693545143779,-1.0026584053754228,Hold,36.9127516778523,Neutre,483.1735,494.0457036211171,472.30129637888285,-1.8825070531466903,Neutre,Normal
2026-01-05,472.85,msft,-0.0001902989808432176,118.85431329177561,-1.661675401380902,Hold,41.97286602600344,Neutre,482.77400000000006,494.55632646136536,470.99167353863476,-1.6845569561395524,Neutre,Normal
2026-01-06,478.51,msft,0.011969969334884034,120.27699577719686,-0.9624141071280845,Hold,54.94240557192608,Neutre,482.5415,494.4743106275834,470.60868937241656,-0.675699988178968,Neutre,Normal
2026-01-07,483.47,msft,0.010365509602725309,121.52372813191235,-1.537615575740281,Hold,58.69351669941067,Neutre,482.16400000000004,493.4263161121774,470.9016838878227,0.23192387551400265,Neutre,Normal
2026-01-08,478.11,msft,-0.011086520363207675,120.17645284536498,-2.8271208487459787,Hold,52.17201484392056,Neutre,481.46850000000006,491.8517725294647,471.0852274705354,-0.6469058749001583,Neutre,Normal
2026-01-09,479.28,msft,0.0024471355964108543,120.47054092097325,0.15045135406217547,Hold,43.992842535787254,Neutre,481.5045,491.8502379477876,471.1587620522124,-0.43003215647381277,Neutre,Normal
2026-01-12,477.18,msft,-0.004381572358537755,119.94269052885582,-1.3010114381450832,Hold,38.87474541751523,Neutre,481.18999999999994,491.6657645117358,470.7142354882641,-0.7655765830756462,Neutre,Normal
2026-01-13,470.67,msft,-0.013642650572111115,118.30635431329179,-1.6425302488872084,Hold,34.09243134628261,Neutre,480.797,492.23818709336336,469.3558129066367,-1.7702708499320576,Neutre,Normal
2026-01-14,459.38,msft,-0.02398708224446011,115.46853006233661,-3.251758561138962,Hold,24.635272391504984,Buy,480.025,494.7707205210288,465.27927947897115,-2.8001344485755353,Buy,Anomalie
2026-01-15,456.66,msft,-0.0059210239888545235,114.78483812587976,-4.141564684397226,Hold,21.849192100538573,Buy,479.0385,497.0797898068518,460.9972101931482,-2.4808093256726,Buy,Normal
2026-01-16,459.86,msft,0.007007401567906024,115.5891815805349,-3.4151054356044708,Hold,26.233145587984268,Buy,478.2255,498.1841229616773,458.2668770383227,-1.840357426989201,Neutre,Normal
2026-01-20,454.52,msft,-0.011612229809072394,114.24693344057913,-6.087028389602889,Sell,24.27353126974093,Buy,476.75249999999994,499.1253612620894,454.37963873791045,-1.9874525425742147,Neutre,Normal
2026-01-21,444.11,msft,-0.02290328258382468,111.63030363965414,-8.604297003621998,Sell,20.43626448534421,Buy,474.662,500.90649544290574,448.4175045570942,-2.328259658598893,Buy,Normal
2026-01-22,451.14,msft,0.015829411632253265,113.39734566659965,-6.9660975006186625,Sell,28.776790381599525,Buy,472.97299999999996,500.74150855498874,445.2044914450112,-1.5725007309459929,Neutre,Normal
2026-01-23,465.95,msft,0.0328279469787649,117.11994771767544,-4.2929033583239296,Hold,45.666460012399234,Neutre,471.92800000000005,499.0634835477182,444.7925164522819,-0.4406039044402994,Neutre,Normal
2026-01-26,470.28,msft,0.009292842579675886,118.20832495475568,-3.635096922257286,Hold,48.48627635763927,Neutre,471.041,497.10011005468465,444.98188994531534,-0.05840567835225974,Neutre,Normal
2026-01-27,480.58,msft,0.02190184570893927,120.7973054494269,-1.4619343462303425,Hold,51.156037082542156,Neutre,470.68449999999996,495.96695447361833,445.4020455263816,0.7827958326060263,Neutre,Normal
2026-01-28,481.63,msft,0.002184859960880692,121.06123064548562,-1.1229726955450658,Hold,48.92548469983647,Neutre,470.41100000000006,495.05606432918233,445.7659356708178,0.9104459903328794,Neutre,Normal
2026-01-29,433.5,msft,-0.09993148267342145,108.96340237281319,-11.073274801017485,Sell,32.62715164732454,Neutre,467.712,496.03506227868303,439.38893772131695,-2.415840466922191,Buy,Normal
2026-01-30,430.29,msft,-0.007404844290657353,108.15654534486228,-11.027252801786524,Sell,31.219811393084413,Neutre,465.0455,496.8857839679225,433.2052160320775,-2.1831149518022137,Buy,Normal
2026-02-02,423.37,msft,-0.016082177136349962,106.41715262417053,-10.481244978221337,Sell,30.1072088724584,Neutre,462.567,499.1794293534032,425.95457064659684,-2.1411854221225872,Buy,Normal
2026-02-03,411.21,msft,-0.028721921723315336,103.360647496481,-13.035846462937517,Sell,28.899929027679192,Buy,459.48499999999996,502.30422662100625,416.66577337899366,-2.2548282073042962,Buy,Anomalie
2026-02-04,414.19,msft,0.007246905474088683,104.10969233862859,-13.441725355791935,Sell,32.958745003393915,Neutre,456.26899999999995,502.59028663788933,409.94771336211056,-1.8168320897019579,Neutre,Normal
2026-02-05,393.67,msft,-0.04954248050411647,98.95183993565253,-18.574058369702364,Sell,29.057783097280407,Buy,451.779,504.02826286057734,399.52973713942265,-2.224299322846288,Buy,Anomalie
2026-02-06,401.14,msft,0.018975283867198378,100.82947918761312,-16.098805714166197,Sell,31.01642312168626,Neutre,447.93049999999994,503.26146343582724,392.59953656417264,-1.6912953288538861,Neutre,Anomalie
2026-02-09,413.6,msft,0.03106147479682919,103.96139151417655,-13.703889167083949,Sell,37.3531956978613,Neutre,444.6465,499.93959018408424,389.35340981591577,-1.1229793775908914,Neutre,Normal
2026-02-10,413.27,msft,-0.0007978723404256094,103.87844359541525,-13.393268787459666,Sell,39.835201054713245,Neutre,441.451,496.2119722338821,386.69002776611796,-1.0292366570717566,Neutre,Normal
2026-02-11,404.37,msft,-0.021535557867737753,101.64136336215566,-14.086302504939773,Sell,34.77241648759525,Neutre,438.1360000000001,493.4734251964114,382.79857480358874,-1.220367585956631,Neutre,Normal
2026-02-12,401.84,msft,-0.006256646140910593,101.00542931831893,-12.52557795289303,Sell,27.312619435204198,Buy,435.2589999999999,491.9133443403201,378.6046556596797,-1.1797506577519785,Neutre,Normal
2026-02-13,401.32,msft,-0.0012940473820425291,100.87472350693747,-12.11842508649762,Sell,24.91998836194358,Buy,432.492,490.1422560728324,374.8417439271676,-1.081417572911347,Neutre,Normal
2026-02-17,396.86,msft,-0.011113326024120407,99.75366981701187,-13.699821684860613,Sell,18.201154664235816,Buy,429.342,487.5775545585068,371.1064454414932,-1.1155384454136745,Neutre,Anomalie
2026-02-18,399.6,msft,0.0069041979539383735,100.44238890006034,-12.083076652292524,Sell,19.23798094952376,Buy,426.596,485.0117489218896,368.1802510781104,-0.9242712966360354,Neutre,Anomalie
2026-02-19,398.46,msft,-0.0028528528528529717,100.15584154433942,-10.27898493616447,Sell,29.708130646282143,Buy,424.31350000000003,483.4112724310804,365.21572756891965,-0.8749399152108586,Neutre,Normal
2026-02-20,397.23,msft,-0.003086884505345444,99.84667202895638,-11.94972735736134,Sell,30.405405405405418,Neutre,421.61800000000005,480.48115498456417,362.75484501543593,-0.8286338034852321,Neutre,Normal
2026-02-23,384.47,msft,-0.03212244795206809,96.63935250351902,-17.486854812748142,Sell,28.436807095343696,Buy,417.54400000000004,474.7432555711585,360.3447444288416,-1.1564486170228019,Neutre,Anomalie
2026-02-24,389.0,msft,0.01178245376752396,97.77800120651519,-17.283320574976603,Sell,36.55080537725568,Neutre,413.48,466.28388303105993,360.6761169689401,-0.9272045385601878,Neutre,Normal
2026-02-25,400.6,msft,0.029820051413881776,100.69374622964007,-16.642390444879098,Sell,42.548525057572114,Neutre,409.481,452.001167796866,366.960832203134,-0.4177311831142189,Neutre,Normal
2026-02-26,401.72,msft,0.0027958062905641956,100.97526643876937,-16.591574445113466,Sell,55.606630449923394,Neutre,405.4855,431.1280086834127,379.8429913165873,-0.29369201324952654,Neutre,Normal
2026-02-27,392.74,msft,-0.02235387832321023,98.71807761914339,-9.402537485582464,Sell,44.27012278308324,Neutre,403.4475,426.0091039696684,380.8858960303316,-0.9491789692253297,Neutre,Normal
2026-03-02,398.55,msft,0.01479350206243324,100.17846370400162,-7.376420553580143,Sell,38.70967741935484,Neutre,401.8605,420.61637035121333,383.10462964878667,-0.35300947788710146,Neutre,Normal
2026-03-03,403.93,msft,0.01349893363442467,101.53076613714056,-4.591728275503693,Hold,43.48675034867506,Neutre,400.88849999999996,416.74108574292484,385.0359142570751,0.38372288903814794,Neutre,Normal
2026-03-04,405.2,msft,0.003144109127819039,101.84998994570682,-1.4615403321903586,Hold,50.64772904635553,Neutre,400.588,415.8329882705223,385.3430117294777,0.6050513018652457,Neutre,Normal
2026-03-05,410.68,msft,0.013524185587364235,103.22742811180375,-0.8474371665177838,Hold,56.59504625484932,Neutre,400.4125,415.0675797731653,385.75742022683477,1.4012206223265598,Neutre,Normal
2026-03-06,408.96,msft,-0.004188175708580988,102.79509350492661,3.8839637259633575,Hold,55.59953092934622,Neutre,401.177,415.9459091640067,386.40809083599333,1.0539708672551018,Neutre,Normal
2026-03-09,409.41,msft,0.0011003521126762283,102.90820430323751,2.0616243705439574,Hold,59.772621087058084,Neutre,401.59049999999996,416.8112233730839,386.369776626916,1.0274807324634692,Neutre,Normal
2026-03-10,405.76,msft,-0.008915268312938207,101.99075005027147,-1.8955512572533917,Hold,54.7297297297297,Neutre,401.1985,415.4925389121129,386.90446108788717,0.6382380834481336,Neutre,Normal
2026-03-11,404.88,msft,-0.00216876971608837,101.7695556002413,-2.030149781014834,Hold,54.94912118408882,Neutre,400.779,414.0362171407023,387.5217828592977,0.6186818781762424,Neutre,Normal
2026-03-12,401.86,msft,-0.007459000197589383,101.01045646491053,-0.6207186487622751,Hold,53.473368342085514,Neutre,400.6535,413.814757778637,387.492242221363,0.1833411396224406,Neutre,Normal
2026-03-13,395.55,msft,-0.0157019857661872,99.42439171526243,-1.5652996217399906,Hold,59.202657807308945,Neutre,400.339,413.68025836406684,386.99774163593315,-0.7179232826940231,Neutre,Normal
2026-03-16,399.95,msft,0.011123751738086218,100.53036396541324,-0.3413734675570601,Hold,59.11436657233226,Neutre,400.27049999999997,413.60461686732646,386.9363831326735,-0.04807217503625226,Neutre,Normal
2026-03-17,399.41,msft,-0.0013501687710962829,100.3946310074402,0.6425439701658098,Hold,48.78596204856152,Neutre,400.398,413.6432773708791,387.15272262912094,-0.14918524880002995,Neutre,Normal
2026-03-18,391.79,msft,-0.019078140256878928,98.47928815604264,-1.9544544544544573,Hold,41.05566564582958,Neutre,400.00750000000005,413.80100400121455,386.21399599878555,-1.191502898650914,Neutre,Normal
2026-03-19,389.02,msft,-0.00707011409173286,97.78302835310679,-2.3691211162977455,Hold,46.22718052738334,Neutre,399.5355,414.1722475176242,384.8987524823758,-1.436862935203092,Neutre,Normal
2026-03-20,381.87,msft,-0.018379517762582842,95.9858234466117,-3.8667774337285743,Hold,33.530805687203795,Neutre,398.7675,415.3907011294279,382.1442988705721,-2.0330019312689993,Buy,Normal
2026-03-23,383.0,msft,0.0029591222143661167,96.2698572290368,-0.38234452623092663,Hold,27.441258892002608,Buy,398.694,415.59407088119497,381.79392911880507,-1.8572703168319893,Neutre,Normal
2026-03-24,372.74,msft,-0.026788511749347266,93.69093102754877,-4.179948586118254,Hold,20.693391115926374,Buy,397.88100000000003,418.00208598094474,377.7599140190553,-2.498970485371346,Buy,Anomalie
2026-03-25,371.04,msft,-0.004560819874443234,93.26362356726324,-7.378931602596106,Sell,11.589147286821742,Buy,396.403,419.7648340123585,373.04116598764153,-2.171319254009158,Buy,Anomalie
2026-03-26,365.97,msft,-0.013664294954721878,91.989241906294,-8.899233296823661,Sell,10.882620564149263,Buy,394.6155,421.4735145639197,367.7574854360803,-2.133106297327094,Buy,Anomalie
2026-03-27,356.77,msft,-0.025138672568789877,89.67675447416048,-9.158730967051998,Sell,8.68131868131863,Buy,392.817,424.5742994344348,361.0597005655652,-2.2701552488379324,Buy,Anomalie
2026-03-30,358.96,msft,0.006138408498472359,90.22722702594008,-9.933508970016314,Sell,12.403598971722317,Buy,390.8375,425.8579739364956,355.81702606350433,-1.8205064875938035,Neutre,Anomalie
2026-03-31,370.17,msft,0.03122910630710951,93.04494269052887,-8.35788379174609,Sell,26.085159156676326,Buy,389.14950000000005,424.7623442086771,353.53665579132297,-1.0658794837496122,Neutre,Normal
2026-04-01,369.37,msft,-0.0021611691925331744,92.84385682686508,-8.842546890424474,Sell,26.908315565031984,Buy,387.358,423.17544743909804,351.540552560902,-1.004426685100091,Neutre,Normal
2026-04-02,373.46,msft,0.011072907924303488,93.87190830484617,-9.063017434498889,Sell,33.788345809481854,Neutre,385.497,420.05799907181535,350.9360009281847,-0.6965655116038738,Neutre,Normal
2026-04-06,372.88,msft,-0.0015530445027579498,93.72612105368992,-8.822378716744906,Sell,28.95350645311771,Buy,383.69300000000004,416.8347549324099,350.5512450675902,-0.6525303214662204,Neutre,Normal
2026-04-07,372.29,msft,-0.0015822784810125556,93.5778202292379,-9.06670574729489,Sell,28.931013051584827,Buy,381.83700000000005,413.0141009759257,350.6598990240744,-0.6124366731449489,Neutre,Normal
2026-04-08,374.33,msft,0.005479599237153687,94.09058918158054,-7.745958201892744,Sell,35.14800952704998,Neutre,380.26550000000003,409.4715127010628,351.05948729893726,-0.4064574004505627,Neutre,Normal
2026-04-09,373.07,msft,-0.0033660139449148696,93.77387894631008,-7.856648883619844,Sell,36.07473371747861,Neutre,378.675,405.61358863961954,351.7364113603805,-0.4161316745270428,Neutre,Normal
2026-04-10,370.87,msft,-0.0058970166456696615,93.22089282123467,-7.711640869954717,Sell,39.48776758409785,Neutre,377.1255,401.92945000376693,352.32154999623305,-0.5043954691934123,Neutre,Normal
2026-04-13,384.37,msft,0.03640089519238554,96.61421677056103,-2.826444191631905,Hold,51.05889627454012,Neutre,376.5665,400.0931552300935,353.03984476990655,0.6633752162116402,Neutre,Normal
2026-04-14,393.11,msft,0.022738507167572974,98.8110798310879,-1.7102137767220804,Hold,66.12315972771887,Neutre,376.22450000000003,398.4846919649334,353.96430803506667,1.5171028198319065,Neutre,Normal
2026-04-15,411.22,msft,0.04606853043677339,103.36316106977681,2.956861370521513,Hold,75.24503644131693,Sell,376.81499999999994,402.08760009950237,351.5423999004975,2.722711542503889,Sell,Normal
2026-04-16,420.26,msft,0.021983366567773777,105.63543132917756,7.266647949156435,Buy,82.48952722920407,Sell,378.2385,409.5486155841788,346.9283844158212,2.684212384142953,Sell,Anomalie
2026-04-17,422.79,msft,0.0060200828058820655,106.27136537301429,8.680787620173792,Buy,92.93704474505729,Sell,379.927,416.82832110029767,343.02567889970237,2.3231146594182106,Sell,Anomalie
2026-04-20,418.07,msft,-0.01116393481397393,105.08495877739796,9.479665854872078,Buy,87.21823447928475,Sell,381.737,422.3991557406097,341.0748442593904,1.7870670818229097,Neutre,Normal
2026-04-21,424.16,msft,0.014566938550960362,106.61572491453852,10.746736292428194,Buy,86.33732669269082,Sell,383.795,428.6740428174493,338.91595718255076,1.7988351562750293,Neutre,Normal
2026-04-22,432.92,msft,0.020652583930592217,108.81761512165696,16.145302355529335,Buy,88.63221884498483,Sell,386.804,436.38557824285704,337.2224217571429,1.8602070218143463,Neutre,Normal
2026-04-23,415.75,msft,-0.0396609073269889,104.50180977277299,12.049913755929275,Buy,72.18084548410785,Sell,389.0395,439.6494621876119,338.42953781238805,1.0555431715591401,Neutre,Normal
2026-04-24,424.62,msft,0.021334936861094445,106.73134928614519,16.025903762603487,Buy,74.96622273692338,Sell,391.97200000000004,443.73721555110706,340.206784448893,1.2613875805372472,Neutre,Normal
2026-04-27,424.82,msft,0.0004710093730864173,106.78162075206114,19.073913165344614,Buy,75.44318512060445,Sell,395.3745,446.336918547499,344.412081452501,1.155577024766028,Neutre,Normal
2026-04-28,429.25,msft,0.01042794595358032,107.89513372209933,19.581568977044796,Buy,75.99886385154326,Sell,398.889,448.96483297780486,348.81316702219516,1.2126008972614362,Neutre,Normal
2026-04-29,424.46,msft,-0.01115899825276645,106.69113211341244,14.666234432828151,Buy,73.54099862574436,Sell,401.6035,451.0057647147611,352.2012352852389,0.9253219516137118,Neutre,Normal
2026-04-30,407.78,msft,-0.039296989115582215,102.49849185602251,10.398787124021979,Buy,64.9276065679851,Neutre,403.524,450.5808683504049,356.4671316495951,0.18088751543379544,Neutre,Normal
2026-05-01,414.44,msft,0.016332336063563657,104.17253167102353,10.973062710865955,Buy,62.873533692953146,Neutre,405.573,450.64488181700744,360.5011181829925,0.3934603856124833,Neutre,Normal
2024-05-02,85.82,nvda,,100.0,,Hold,,Neutre,,,,,Neutre,
2024-05-03,88.79,nvda,0.03460731764157554,103.46073176415756,,Hold,,Neutre,,,,,Neutre,
2024-05-06,92.14,nvda,0.03772947403986926,107.36425075739922,,Hold,,Neutre,,,,,Neutre,
2024-05-07,90.55,nvda,-0.017256349034078577,105.51153577254719,,Hold,,Neutre,,,,,Neutre,
2024-05-08,90.41,nvda,-0.0015461071231364087,105.3484036355162,,Hold,,Neutre,,,,,Neutre,
2024-05-09,88.75,nvda,-0.018360800796372034,103.41412258214868,,Hold,,Neutre,,,,,Neutre,
2024-05-10,89.88,nvda,0.01273239436619722,104.73083197389886,,Hold,,Neutre,,,,,Neutre,
2024-05-13,90.4,nvda,0.005785491766800321,105.33675134001399,,Hold,,Neutre,,,,,Neutre,
2024-05-14,91.36,nvda,0.010619469026548645,106.45537170822652,,Hold,,Neutre,,,,,Neutre,
2024-05-15,94.63,nvda,0.03579246935201397,110.26567233745048,,Hold,,Neutre,,,,,Neutre,
2024-05-16,94.36,nvda,-0.002853217795624974,109.9510603588907,,Hold,,Neutre,,,,,Neutre,
2024-05-17,92.48,nvda,-0.019923696481559894,107.7604288044745,,Hold,,Neutre,,,,,Neutre,
2024-05-20,94.78,nvda,0.024870242214532823,110.44045676998368,,Hold,,Neutre,,,,,Neutre,
2024-05-21,95.39,nvda,0.006435956952943744,111.15124679561875,,Hold,,Neutre,,,,,Neutre,
2024-05-22,94.95,nvda,-0.00461264283467866,110.63854579352133,,Hold,71.64532954006641,Sell,,,,,Neutre,
2024-05-23,103.8,nvda,0.09320695102685628,120.95082731298066,,Hold,77.8272154245458,Sell,,,,,Neutre,
2024-05-24,106.47,nvda,0.025722543352601157,124.06199021207178,,Hold,77.25370863446179,Sell,,,,,Neutre,
2024-05-28,113.9,nvda,0.06978491593876224,132.71964577021674,,Hold,86.33675692499226,Sell,,,,,Neutre,
2024-05-29,114.82,nvda,0.00807726075504811,133.7916569564204,,Hold,87.08599209966579,Sell,,,,,Neutre,
2024-05-30,110.5,nvda,-0.03762410729838006,128.75786529946402,,Hold,80.57351700871524,Sell,96.209,113.67314540528228,78.74485459471772,1.6366102856286895,Neutre,
2024-05-31,109.63,nvda,-0.007873303167420853,127.74411559077139,27.74411559077139,Buy,77.96658170489948,Sell,97.3995,115.12595299515596,79.67304700484405,1.3799150911174591,Neutre,
2024-06-03,115.0,nvda,0.04898294262519398,134.00139827546028,29.519089987611213,Buy,80.62749003984065,Sell,98.71000000000001,117.59404952111146,79.82595047888856,1.7252655455905863,Neutre,
2024-06-04,116.44,nvda,0.012521739130434861,135.6793288277791,26.372910787931403,Buy,80.85629921259844,Sell,99.925,120.11122928215121,79.73877071784878,1.6362639866181117,Neutre,
2024-06-05,122.44,nvda,0.051528684300927496,142.67070612910743,35.21811154058532,Buy,82.061332718469,Sell,101.51950000000001,123.54214047938419,79.49685952061583,1.89990841648476,Neutre,
2024-06-06,121.0,nvda,-0.011760862463247257,140.99277557678863,33.83475279283266,Buy,79.90570273911092,Sell,103.049,126.05021635227605,80.04778364772396,1.560873975103815,Neutre,
2024-06-07,120.89,nvda,-0.0009090909090908594,140.86460032626428,36.214084507042244,Buy,83.21253214870237,Sell,104.65599999999999,127.94008844547801,81.37191155452197,1.3944286492480489,Neutre,
2024-06-10,121.79,nvda,0.007444784514848202,141.91330692146354,35.50289274588341,Buy,82.64442832970754,Sell,106.25150000000001,129.6453275934847,82.85767240651532,1.3284273330566532,Neutre,
2024-06-11,120.91,nvda,-0.007225552179981998,140.8879049172687,33.74999999999999,Buy,80.64361191162344,Sell,107.777,130.79459793585863,84.75940206414137,1.1411268922671007,Neutre,
2024-06-12,125.2,nvda,0.03548093623356219,145.8867396877185,37.04028021015762,Buy,83.24906572873158,Sell,109.46899999999998,132.38018954388423,86.55781045611572,1.3732154735893352,Neutre,
2024-06-13,129.61,nvda,0.03522364217252405,151.02540200419486,36.96502166332032,Buy,81.43727161997563,Sell,111.218,134.69325604366844,87.74274395633155,1.56692646638549,Neutre,
2024-06-14,131.88,nvda,0.01751408070364935,153.67047308319738,39.76261127596439,Buy,81.25461254612546,Sell,113.09400000000001,136.89141197782038,89.29658802217963,1.5788271445238575,Neutre,Anomalie
2024-06-17,130.98,nvda,-0.006824385805277555,152.62176648799814,41.630622837370225,Buy,75.02930832356387,Sell,115.019,138.01036854057247,92.02763145942755,1.3884340961986579,Neutre,Anomalie
2024-06-18,135.58,nvda,0.03511986562834046,157.98182241901657,43.047056341000214,Buy,77.46031746031746,Sell,117.059,139.72717839128129,94.39082160871871,1.6340968983307125,Neutre,Anomalie
2024-06-20,130.78,nvda,-0.035403451836554134,152.38872057795388,37.10032498165425,Buy,76.48902821316611,Sell,118.8285,139.8391121306655,97.8178878693345,1.1376631890278426,Neutre,Anomalie
2024-06-21,126.57,nvda,-0.032191466585104855,147.4831041715218,33.301737756714054,Buy,70.35079288803456,Sell,120.40950000000001,138.39560279310714,102.42339720689287,0.6850288882326293,Neutre,Anomalie
2024-06-24,118.11,nvda,-0.06684048352690208,137.62526217664882,13.786127167630058,Buy,53.477969134421826,Neutre,121.125,137.38472033164052,104.86527966835948,-0.3708550871115511,Neutre,Normal
2024-06-25,126.09,nvda,0.06756413512827031,146.92379398741554,18.427726120033828,Buy,59.41463414634146,Neutre,122.10600000000002,136.94856241177297,107.26343758822708,0.5368345289004706,Neutre,Normal
2024-06-26,126.4,nvda,0.002458561345070942,147.28501514798418,10.974539069359079,Buy,54.3459174714662,Neutre,122.731,137.1657561553067,108.2962438446933,0.5083563533078682,Neutre,Normal
2024-06-27,123.99,nvda,-0.019066455696202578,144.4768119319506,7.98641351680891,Buy,53.21298087255533,Neutre,123.1895,137.14067120154232,109.23832879845766,0.11475739039192674,Neutre,Normal
2024-06-28,123.54,nvda,-0.0036293249455600085,143.952458634351,11.80090497737558,Buy,52.8269682099424,Neutre,123.8415,136.44988864449118,111.23311135550883,-0.04782530242383047,Neutre,Normal
2024-07-01,124.3,nvda,0.006151853650639305,144.83803309251923,13.381373711575307,Buy,52.68564091589984,Neutre,124.575,135.26289280595512,113.8871071940449,-0.05146009695134303,Neutre,Normal
2024-07-02,122.67,nvda,-0.013113435237328996,142.93870892565837,6.6695652173913045,Buy,51.853411962931766,Neutre,124.95849999999999,134.70912162660775,115.2078783733922,-0.46940596971890697,Neutre,Normal
2024-07-03,128.28,nvda,0.045732452922474964,149.47564670240038,10.16832703538304,Buy,53.155737704918025,Neutre,125.55050000000001,134.53074375475106,116.57025624524896,0.607889958121889,Neutre,Normal
2024-07-05,125.83,nvda,-0.019098846273776116,146.62083430435797,2.7687030382228084,Hold,45.964987190435515,Neutre,125.72,134.58021266229323,116.85978733770678,0.024830103789298643,Neutre,Normal
2024-07-08,128.2,nvda,0.018834936024795246,149.38242833838268,5.950413223140494,Buy,46.080102258201954,Neutre,126.08000000000001,134.7149473530232,117.4450526469768,0.49102789243011113,Neutre,Normal
2024-07-09,131.38,nvda,0.024804992199688014,153.0878583080867,8.677309951195289,Buy,50.40633888663146,Neutre,126.60449999999999,135.18627867712556,118.02272132287442,1.1129394452292132,Neutre,Normal
2024-07-10,134.91,nvda,0.02686862536154666,157.20111862036822,10.772641431973051,Buy,49.304257528556576,Neutre,127.26050000000001,136.2869884470219,118.2340115529781,1.6949005241398765,Neutre,Normal
2024-07-11,127.4,nvda,-0.05566674079015632,148.45024469820555,5.367628814820957,Buy,46.67715296893434,Neutre,127.585,136.1025076661025,119.06749233389749,-0.043439937421187305,Neutre,Normal
2024-07-12,129.24,nvda,0.014442700156985788,150.59426707061294,3.2268370607028807,Hold,52.753144978346064,Neutre,127.787,136.25784684761797,119.31615315238203,0.34305897064083757,Neutre,Normal
2024-07-15,128.44,nvda,-0.006190034045187365,149.6620834304358,-0.9027081243731305,Hold,62.65001224589763,Neutre,127.72850000000001,136.16241717693376,119.29458282306625,0.16872349705920647,Neutre,Normal
2024-07-16,126.36,nvda,-0.01619433198380571,147.23840596597532,-4.185623293903551,Hold,50.38648726023475,Neutre,127.45249999999999,135.6729670759865,119.23203292401348,-0.26579998189917464,Neutre,Normal
2024-07-17,117.99,nvda,-0.06623931623931623,137.48543463062225,-9.917544663307376,Sell,40.21865550127935,Neutre,126.803,135.860070747561,117.745929252439,-1.9461038222260283,Neutre,Normal
2024-07-18,121.09,nvda,0.026273413001101753,141.09764623630855,-10.687417023159762,Sell,46.68040293040294,Neutre,126.0785,134.4733562571944,117.68364374280559,-1.188465852699942,Neutre,Normal
2024-07-19,117.93,nvda,-0.02609629201420427,137.41552085760898,-9.82566141611867,Sell,43.953438241000214,Neutre,125.43599999999999,134.2711865914236,116.60081340857639,-1.699115218978198,Neutre,Normal
2024-07-22,123.54,nvda,0.047570592724497596,143.952458634351,-2.3939322114244987,Hold,49.25839188134271,Neutre,125.28450000000001,134.1416980243254,116.42730197567461,-0.3939169013064652,Neutre,Normal
2024-07-23,122.59,nvda,-0.007689817063299409,142.84549056164067,3.793074252815165,Hold,49.92088607594937,Neutre,125.5085,133.81094928985024,117.20605071014975,-0.7030455467082141,Neutre,Normal
2024-07-24,114.25,nvda,-0.06803165021616775,133.12747611279423,-9.390118169561424,Sell,36.83617939575905,Neutre,124.9165,134.61540992247163,115.21759007752837,-2.199525531273681,Buy,Normal
2024-07-25,112.28,nvda,-0.017242888402625778,130.83197389885808,-11.17088607594937,Sell,37.17099034273812,Neutre,124.2105,135.3963810913348,113.02461890866519,-2.1331354951094577,Buy,Normal
2024-07-26,113.06,nvda,0.006946918418240022,131.74085294803078,-8.815227034438255,Sell,35.2206169465053,Neutre,123.66399999999999,135.91274197621973,111.41525802378024,-1.7314431180911583,Neutre,Normal
2024-07-29,111.59,nvda,-0.013001945869449805,130.02796550920533,-9.672980411202847,Sell,30.014138557867113,Neutre,123.06649999999999,136.45366160317343,109.67933839682657,-1.7145531428080296,Neutre,Normal
2024-07-30,103.73,nvda,-0.07043641903396358,120.86926124446518,-16.548672566371682,Sell,21.043833580980703,Buy,122.03799999999998,137.94892917991993,106.12707082008005,-2.3013112299067005,Buy,Anomalie
2024-07-31,117.02,nvda,0.12812108358237717,136.3551619669075,-4.605853101817892,Hold,41.294867494129484,Neutre,121.75550000000001,137.81908218553963,105.69191781446041,-0.5895945182467334,Neutre,Normal
2024-08-01,109.21,nvda,-0.06674072808067,127.2547191796784,-14.865918303710634,Sell,34.73090410123494,Neutre,120.80199999999999,137.48682399005014,104.11717600994983,-1.389526195411205,Neutre,Normal
2024-08-02,107.27,nvda,-0.017763941031041064,124.99417385224889,-14.750059604227928,Sell,34.137569309156305,Neutre,119.874,137.42351779214596,102.32448220785403,-1.4363927430120893,Neutre,Normal
2024-08-05,100.45,nvda,-0.06357788757341287,117.047308319739,-21.64586583463337,Sell,31.873513362249895,Neutre,118.48649999999998,137.5840217736423,99.38897822635768,-1.888883826266222,Neutre,Anomalie
2024-08-06,104.25,nvda,0.03782976605276245,121.4751806105803,-20.650022834525807,Sell,39.730941704035885,Neutre,117.13000000000002,136.22550291505706,98.03449708494298,-1.3490087228699263,Neutre,Anomalie
2024-08-07,98.91,nvda,-0.05122302158273384,115.25285481239804,-26.684456304202797,Sell,33.96008099508242,Neutre,115.33,134.15367825792555,96.50632174207446,-1.7446112045701283,Neutre,Anomalie
2024-08-08,104.97,nvda,0.06126781922960278,122.3141458867397,-17.60596546310832,Sell,41.004997223764576,Neutre,114.2085,132.6736082343231,95.7433917656769,-1.0006440127794543,Neutre,Normal
2024-08-09,104.75,nvda,-0.002095836905782633,122.057795385691,-18.94924172082947,Sell,35.9039759939985,Neutre,112.984,130.47439002303543,95.49360997696456,-0.9415456132373877,Neutre,Anomalie
2024-08-12,109.02,nvda,0.04076372315035792,127.03332556513634,-15.119900342572413,Sell,40.30298699442618,Neutre,112.01299999999999,127.98045914599281,96.04554085400717,-0.374887447355845,Neutre,Normal
2024-08-13,116.14,nvda,0.0653091175931022,135.32975996271267,-8.08800253244698,Sell,51.374545454545455,Neutre,111.50200000000002,126.13456728203089,96.86943271796916,0.6339284023925931,Neutre,Normal
2024-08-14,118.08,nvda,0.016703977957637228,137.59030529014217,0.07627765064837089,Hold,54.22002328288708,Neutre,111.5065,126.14752135493941,96.86547864506059,0.8979564800350913,Neutre,Normal
2024-08-15,122.86,nvda,0.04048102981029822,143.16010254020043,1.4617226856057375,Hold,56.73817381738174,Neutre,111.59499999999998,126.49896979967,96.69103020032998,1.5116777813451325,Neutre,Normal
2024-08-16,124.58,nvda,0.013999674426176112,145.16429736658122,5.638938353260392,Buy,58.9009181855557,Neutre,111.92750000000001,127.69806802367867,96.15693197632135,1.6045712470220397,Neutre,Normal
2024-08-19,130.0,nvda,0.043506180767378444,151.47984152878118,5.229075603043554,Buy,68.62328087338722,Neutre,112.25050000000002,129.2400007516253,95.26099924837473,2.0894669313107386,Sell,Normal
2024-08-20,127.25,nvda,-0.02115384615384619,148.27546026567236,3.801288849008899,Hold,58.52642107017837,Neutre,112.4835,130.18303228641642,94.78396771358359,1.6685751647045053,Neutre,Normal
2024-08-21,128.5,nvda,0.00982318271119853,149.73199720344908,12.472647702406991,Buy,68.05165637282425,Neutre,113.196,132.28748876221803,94.10451123778196,1.6032275105005476,Neutre,Normal
2024-08-22,123.74,nvda,-0.03704280155642026,144.18550454439526,10.206626291414311,Buy,64.63999999999999,Neutre,113.769,133.42431282135357,94.11368717864643,1.0145857347197724,Neutre,Normal
2024-08-23,129.37,nvda,0.04549862615160838,150.7457469121417,14.425968512294363,Buy,76.26225935343261,Sell,114.5845,135.43313491681747,93.73586508318255,1.4183662440242872,Neutre,Normal
2024-08-26,126.46,nvda,-0.022493622941949565,147.35492892099745,13.325566807061563,Buy,70.50027690603653,Sell,115.328,136.7788796040973,93.8771203959027,1.037906156339965,Neutre,Normal
2024-08-27,128.3,nvda,0.014550055353471647,149.49895129340482,23.686493781933883,Buy,79.00138148805999,Sell,116.5565,138.02491525786698,95.08808474213303,1.094025791745078,Neutre,Normal
2024-08-28,125.61,nvda,-0.020966484801247187,146.36448380330927,7.340625534096734,Buy,71.81818181818178,Sell,116.98600000000002,138.83381178974236,95.13818821025767,0.7894612131407127,Neutre,Normal
2024-08-29,117.59,nvda,-0.06384841971180633,137.0193428105337,7.6732899917590025,Buy,61.651542649727766,Neutre,117.405,138.94414478095038,95.86585521904962,0.017178026507683786,Neutre,Normal
2024-08-30,119.37,nvda,0.015137341610681254,139.09345140992778,11.27994779528294,Buy,59.83653297852119,Neutre,118.01000000000002,139.0238430564237,96.99615694357635,0.1294384845597531,Neutre,Normal
2024-09-03,108.0,nvda,-0.09525006282985682,125.84479142391052,7.516177202588348,Buy,42.842068237777,Neutre,118.3875,138.3163681116247,98.4586318883753,-1.0424575988779685,Neutre,Normal
2024-09-04,106.21,nvda,-0.016574074074074185,123.75903052901423,1.8800959232613934,Hold,39.53447363780639,Neutre,118.48549999999997,138.13902249129387,98.83197750870607,-1.2491908262692113,Neutre,Normal
2024-09-05,107.21,nvda,0.009415309292910345,124.92426007923561,8.39146699019311,Buy,35.21632344606084,Neutre,118.9005,137.11114867771502,100.68985132228497,-1.2839191186315129,Neutre,Normal
2024-09-06,102.83,nvda,-0.040854397910642604,119.82055464926592,-2.0386777174430826,Hold,30.437128980032398,Neutre,118.7935,137.37025318637177,100.2167468136282,-1.7186533986693737,Neutre,Normal
2024-09-09,106.47,nvda,0.03539823008849563,124.06199021207178,1.6420047732696785,Hold,28.13603419438769,Buy,118.87950000000001,137.19662282049393,100.5623771795061,-1.3549617067715218,Neutre,Normal
2024-09-10,108.1,nvda,0.015309476847938264,125.96131437893266,-0.8438818565400852,Hold,31.8276712848738,Neutre,118.8335,137.25917576422714,100.40782423577286,-1.1650590336381321,Neutre,Normal
2024-09-11,116.91,nvda,0.08149861239592981,136.22698671638312,0.6629929395556955,Hold,40.38174273858922,Neutre,118.87199999999999,137.27718531055297,100.466814689447,-0.2132007873753965,Neutre,Normal
2024-09-12,119.14,nvda,0.019074501753485684,138.82544861337684,0.8976964769647822,Hold,46.01524601524603,Neutre,118.925,137.32668699360283,100.52331300639715,0.02336742278843737,Neutre,Normal
2024-09-13,119.1,nvda,-0.0003357394661742674,138.77883943136797,-3.060393944326878,Hold,40.1496259351621,Neutre,118.73700000000001,137.0460108387849,100.42798916121512,0.03965260638013544,Neutre,Normal
2024-09-16,116.78,nvda,-0.019479429051217356,136.07550687485437,-6.26103708460427,Sell,40.60923554520762,Neutre,118.34699999999998,136.46324231979355,100.23075768020641,-0.17299393244347316,Neutre,Normal
2024-09-17,115.59,nvda,-0.010190101044699418,134.68888371009092,-11.084615384615383,Sell,37.512281391235994,Neutre,117.6265,134.91883389623715,100.33416610376284,-0.2355378993049788,Neutre,Normal
2024-09-18,113.37,nvda,-0.019205813651699932,132.1020741085994,-10.907662082514735,Sell,37.86195953986513,Neutre,116.93249999999998,133.70491579436163,100.16008420563833,-0.42480463681297126,Neutre,Normal
2024-09-19,117.87,nvda,0.039693040486901365,137.34560708459568,-8.272373540856027,Sell,50.29850746268657,Neutre,116.401,132.27990477464078,100.52209522535922,0.18502535544467247,Neutre,Normal
2024-09-20,116.0,nvda,-0.01586493594638161,135.16662782568167,-6.255050913205107,Sell,46.41413066609916,Neutre,116.01400000000001,131.51250709279017,100.51549290720985,-0.0018066256209312878,Neutre,Normal
2024-09-23,116.26,nvda,0.0022413793103448487,135.46958750873924,-10.133724974878255,Sell,61.51059085841695,Neutre,115.3585,129.5307624201384,101.18623757986163,0.12722033691938878,Neutre,Normal
2024-09-24,120.87,nvda,0.03965250301049372,140.84129573525985,-4.420370077494851,Hold,68.94056847545221,Neutre,115.079,128.53162862202433,101.62637137797564,0.8609469811006474,Neutre,Normal
2024-09-25,123.51,nvda,0.021841648051625695,143.91750174784434,-3.73343725643025,Hold,70.20327218641549,Sell,114.8395,127.44494990741799,102.23405009258201,1.3756748174291875,Neutre,Normal
2024-09-26,124.04,nvda,0.004291150514128317,144.5350734094617,-1.2499004856301177,Hold,79.06275691970404,Sell,114.761,127.10079254282677,102.42120745717322,1.5039150727690276,Neutre,Normal
2024-09-27,121.4,nvda,-0.02128345694937117,141.4588673968772,3.240071434645797,Hold,71.0340941110172,Sell,114.95150000000001,127.589221771702,102.31377822829802,1.0205162158956975,Neutre,Normal
2024-09-30,121.44,nvda,0.0003294892915979286,141.50547657888606,1.7341040462427681,Hold,69.6755162241888,Neutre,115.05499999999999,127.87763869715971,102.23236130284027,0.9958948623288142,Neutre,Normal
2024-10-01,117.0,nvda,-0.0365612648221344,136.33185737590304,8.333333333333325,Buy,50.152387402641395,Neutre,115.505,127.91005245115042,103.09994754884957,0.24103082286626862,Neutre,Normal
2024-10-02,118.85,nvda,0.015811965811965756,138.48753204381262,11.900950946238575,Buy,49.5025728987993,Neutre,116.13700000000001,127.81476853233276,104.45923146766727,0.46464356481949065,Neutre,Normal
2024-10-03,122.85,nvda,0.033655868742112016,143.1484502446982,14.588191400055962,Buy,55.66294170945334,Neutre,116.91900000000001,128.16646876787019,105.67153123212984,1.0546372917153835,Neutre,Normal
2024-10-04,124.92,nvda,0.016849816849817012,145.56047541365652,21.48205776524361,Buy,62.38587948874011,Neutre,118.02350000000001,127.67008712487998,108.37691287512004,1.429832107608896,Neutre,Normal
2024-10-07,127.72,nvda,0.022414345180915785,148.82311815427641,19.958673804827654,Buy,67.59501015375689,Neutre,119.08599999999998,128.03003276521665,110.14196723478331,1.9306727125548169,Neutre,Normal
2024-10-08,132.89,nvda,0.04047917319135608,154.847354928921,22.932469935245138,Buy,76.08230892570816,Sell,120.3255,129.71878646035682,110.93221353964319,2.67520852324197,Sell,Anomalie
2024-10-09,132.65,nvda,-0.001806004966513508,154.5676998368679,13.463347874433328,Buy,72.28588661037396,Sell,121.1125,131.8431837472837,110.38181625271632,2.1503755532671556,Sell,Normal
2024-10-10,134.81,nvda,0.01628345269506215,157.0845956653461,13.152593587376193,Buy,78.11659192825115,Sell,121.896,134.19408953926575,109.59791046073425,2.1001636000075874,Sell,Normal
2024-10-11,134.8,nvda,-7.41784734069606e-05,157.07294336984387,13.182199832073893,Buy,77.921686746988,Sell,122.681,136.17388607885098,109.18811392114901,1.7963540089463244,Neutre,Normal
2024-10-14,138.07,nvda,0.024258160237388582,160.88324399906782,18.230861448878223,Buy,76.993094789705,Sell,123.74550000000002,138.57159147486493,108.91940852513511,1.932336654510016,Neutre,Normal
2024-10-15,131.6,nvda,-0.04686028825957844,153.3442088091354,13.850679124491737,Buy,61.333706920706085,Neutre,124.546,139.24635216191166,109.84564783808835,0.9597048998971294,Neutre,Normal
2024-10-16,135.72,nvda,0.03130699088145894,158.14495455604757,19.7142101084943,Buy,64.86761710794299,Neutre,125.6635,140.18358304311508,111.1434169568849,1.3851849152844116,Neutre,Normal
2024-10-17,136.93,nvda,0.008915414087828033,159.55488231181545,16.17035717315687,Buy,70.51519154557468,Sell,126.6165,141.48070677863123,111.75229322136877,1.3876959804981568,Neutre,Normal
2024-10-18,138.0,nvda,0.007814211640984503,160.80167793055233,18.965517241379317,Buy,71.29629629629633,Sell,127.7165,142.52873573159818,112.90426426840183,1.3885142238268258,Neutre,Normal
2024-10-21,143.71,nvda,0.04137681159420303,167.4551386623165,23.610872183038012,Buy,83.2627646326277,Sell,129.089,144.50619190760116,113.67180809239882,1.8967137579433495,Neutre,Anomalie
2024-10-22,143.59,nvda,-0.0008350149606847213,167.31531111628993,18.79705468685364,Buy,82.19677251431551,Sell,130.225,146.4207999753677,114.02920002463232,1.650427891222038,Neutre,Normal
2024-10-23,139.56,nvda,-0.02806602131067626,162.6194360288977,12.994899198445475,Buy,71.72951885565672,Sell,131.0275,147.41179655750364,114.64320344249637,1.0415460889704546,Neutre,Normal
2024-10-24,140.41,nvda,0.006090570364001069,163.60988114658588,13.197355691712342,Buy,70.80311576685472,Sell,131.846,148.39526857979928,115.29673142020073,1.0349702113667512,Neutre,Normal
2024-10-25,141.54,nvda,0.00804785983904277,164.92659053833606,16.589785831960448,Buy,69.43194600674917,Neutre,132.853,149.1753812762211,116.53061872377894,1.0644280210088541,Neutre,Normal
2024-10-28,140.52,nvda,-0.007206443408223739,163.73805639711026,15.711462450592894,Buy,62.14581343521178,Neutre,133.807,149.54043486437706,118.07356513562291,0.853341950803037,Neutre,Normal
2024-10-29,141.25,nvda,0.005194990037005409,164.58867396877187,20.72649572649572,Buy,63.47962382445142,Neutre,135.0195,148.93155077772946,121.10744922227053,0.8956982833866374,Neutre,Normal
2024-10-30,139.34,nvda,-0.013522123893805249,162.363085527849,17.24021876314683,Buy,57.15639810426541,Neutre,136.044,147.79189100893913,124.29610899106088,0.5611219915969634,Neutre,Normal
2024-10-31,132.76,nvda,-0.0472226209272284,154.6958750873922,8.066748066748076,Buy,47.33124018838301,Neutre,136.5395,146.66870836518243,126.41029163481758,-0.7462577259228784,Neutre,Normal
2024-11-01,135.4,nvda,0.019885507683037096,157.7720810999767,8.389369196285635,Buy,46.44852354349563,Neutre,137.0635,145.62471308423653,128.50228691576348,-0.38861315181208267,Neutre,Normal
2024-11-04,136.05,nvda,0.004800590841949726,158.52948030762062,6.522079549013471,Buy,57.003462385898665,Neutre,137.48000000000002,144.85570692419364,130.1042930758064,-0.38775944182634364,Neutre,Normal
2024-11-05,139.91,nvda,0.028371922087467638,163.0272663714752,5.282564527052447,Buy,56.64868295779118,Neutre,137.831,144.95069514427317,130.7113048557268,0.5840137696548076,Neutre,Normal
2024-11-06,145.61,nvda,0.040740476020298955,169.66907480773716,9.770071617037313,Buy,62.055555555555564,Neutre,138.479,145.96301496524555,130.99498503475448,1.9056616089398848,Neutre,Normal
2024-11-07,148.88,nvda,0.022457248815328512,173.47937543696108,10.436911208367317,Buy,64.24083769633508,Neutre,139.18249999999998,147.7771222476015,130.58787775239844,2.256643682671748,Sell,Normal
2024-11-08,147.63,nvda,-0.008396023643202577,172.02283849918433,9.517804154302656,Buy,55.80912863070538,Neutre,139.824,148.94072009349733,130.7072799065027,1.7124579717145763,Neutre,Normal
2024-11-11,145.26,nvda,-0.01605364763259498,169.26124446515965,5.2075034402839115,Buy,52.320088913587085,Neutre,140.1835,149.57199301286698,130.79500698713304,1.0814302131433908,Neutre,Normal
2024-11-12,148.29,nvda,0.020859149111937203,172.79189000233046,12.682370820668698,Buy,62.474992855101455,Neutre,141.018,150.15778140934165,131.87821859065835,1.5912853216746257,Neutre,Normal
2024-11-13,146.27,nvda,-0.013621956976195171,170.43812631088326,7.773356911287954,Buy,58.102876106194714,Neutre,141.5455,150.61533078818658,132.47566921181343,1.04180554419023,Neutre,Normal
2024-11-14,146.76,nvda,0.0033499692349763244,171.00908879049172,7.178850507558598,Buy,57.347972972972975,Neutre,142.03699999999998,151.11908670666546,132.9549132933345,1.040069348057144,Neutre,Normal
2024-11-15,141.98,nvda,-0.0325701826110657,165.43929154043346,2.8840579710144754,Hold,51.858452138492844,Neutre,142.236,151.11784760295552,133.35415239704446,-0.0576456637051087,Neutre,Normal
2024-11-18,140.15,nvda,-0.01288913931539637,163.30692146352834,-2.477211050031314,Hold,48.63793957404657,Neutre,142.058,150.9581397978388,133.15786020216117,-0.42875731018591434,Neutre,Normal
2024-11-19,147.01,nvda,0.048947556189796515,171.3003961780471,2.3817814611045263,Hold,58.460180895654084,Neutre,142.229,151.38093140386633,133.0770685961337,1.0448067820919655,Neutre,Normal
2024-11-20,145.89,nvda,-0.007618529351744785,169.9953390817991,4.535683576956129,Hold,66.46601454727868,Neutre,142.5455,151.74648043974952,133.3445195602505,0.7269877426434415,Neutre,Normal
2024-11-21,146.67,nvda,0.005346493933785723,170.9042181309718,4.458371910832559,Hold,64.82504604051566,Neutre,142.8585,152.17873779909078,133.5382622009092,0.8178975863409439,Neutre,Normal
2024-11-22,141.95,nvda,-0.03218108679348197,165.40433465392684,0.28967076444821327,Hold,57.01045627376424,Neutre,142.879,152.1888248047296,133.5691751952704,-0.1995741100365387,Neutre,Normal
2024-11-25,136.02,nvda,-0.041775272983444744,158.494523421114,-3.202391118701964,Hold,45.59456398640997,Neutre,142.654,152.41066552185146,132.89733447814854,-1.3598908326091923,Neutre,Normal
2024-11-26,136.92,nvda,0.006616674018526503,159.5432300163132,-3.065486725663724,Hold,38.958068614993586,Neutre,142.4375,152.51232088126113,132.36267911873887,-1.095304832716659,Neutre,Normal
2024-11-27,135.34,nvda,-0.011539585159216936,157.70216732696343,-2.870676044208409,Hold,32.023366967604844,Neutre,142.2375,152.72171946998242,131.7532805300176,-1.3157870301644072,Neutre,Normal
2024-11-29,138.25,nvda,0.021501403871730496,161.09298531810768,4.13528171135884,Hold,38.07222787385551,Neutre,142.512,152.2093650246381,132.8146349753619,-0.8790016647143912,Neutre,Normal
2024-12-02,138.63,nvda,0.0027486437613020165,161.5357725471918,2.38552437223043,Hold,41.119742834181594,Neutre,142.6735,151.97151852122667,133.3754814787733,-0.8697552044597429,Neutre,Normal
2024-12-03,140.26,nvda,0.011757916756834685,163.43509671405266,3.094450569643503,Hold,38.82549401614245,Neutre,142.884,151.73029544826062,134.03770455173935,-0.5932426777620072,Neutre,Normal
2024-12-04,145.14,nvda,0.03479252816198475,169.12141691913308,3.738117361160742,Hold,48.54343903067797,Neutre,143.1455,151.9306273243639,134.36037267563609,0.454062855632978,Neutre,Normal
2024-12-05,145.06,nvda,-0.0005511919525973408,169.02819855511538,-0.3777213103495769,Hold,47.78530484627411,Neutre,143.118,151.87403996047846,134.36196003952153,0.44357951968366494,Neutre,Normal
2024-12-06,142.44,nvda,-0.018061491796498075,165.97529713353532,-4.325631380977968,Hold,50.635008282716754,Neutre,142.796,151.12299452952615,134.46900547047383,-0.08550503996073888,Neutre,Normal
2024-12-09,138.81,nvda,-0.02548441449031169,161.74551386623165,-5.97439544807965,Sell,48.23776959495002,Neutre,142.355,150.53701493649785,134.17298506350213,-0.8665347173070171,Neutre,Normal
2024-12-10,135.07,nvda,-0.026943303796556517,157.38755534840362,-7.0150075726283845,Sell,32.89398280802288,Neutre,141.8455,150.5200956374753,133.17090436252468,-1.5621477434012054,Neutre,Normal
2024-12-11,139.31,nvda,0.03139113052491305,162.32812864134237,-6.055701665655134,Sell,41.34665965281431,Neutre,141.3965,149.58244501505445,133.21055498494556,-0.5097762069407505,Neutre,Normal
2024-12-12,137.34,nvda,-0.014141124111693326,160.0326264274062,-6.105148013946815,Sell,38.10252486610558,Neutre,140.95,148.98954698907184,132.91045301092814,-0.8980605511497229,Neutre,Normal
2024-12-13,134.25,nvda,-0.02249890782000874,156.43206711722212,-8.524121013900244,Sell,39.75518893028206,Neutre,140.3245,148.40725480657295,132.24174519342705,-1.5030766478429307,Neutre,Normal
2024-12-16,132.0,nvda,-0.016759776536312887,153.81030062922397,-7.029159036484001,Sell,44.07079646017697,Neutre,139.8255,148.6739134171059,130.97708658289412,-1.7687916762278801,Neutre,Normal
2024-12-17,130.39,nvda,-0.012196969696969817,151.9342810533675,-6.963967178023555,Sell,40.566310314937866,Neutre,139.3375,149.1360925412527,129.5389074587473,-1.826282695668888,Neutre,Normal
2024-12-18,128.91,nvda,-0.01135056369353471,150.20974131903986,-12.312087613087542,Sell,40.683859750796856,Neutre,138.43249999999998,148.58444018272874,128.2805598172712,-1.8759960812614664,Neutre,Normal
2024-12-19,130.68,nvda,0.013730509657901013,152.27219762293174,-10.42566317088216,Sell,38.65747677554691,Neutre,137.672,147.75025924818874,127.59374075181125,-1.3875412068322381,Neutre,Normal
2024-12-20,134.7,nvda,0.030762167125803375,156.9564204148217,-8.161178155041926,Sell,44.69062415563361,Neutre,137.0735,146.28640233714117,127.86059766285881,-0.5152556519418218,Neutre,Normal
2024-12-23,139.67,nvda,0.036896807720861124,162.74761127942205,-1.606199365973937,Hold,49.26889714993804,Neutre,136.9595,145.9725910055153,127.94640899448466,0.6014584781938569,Neutre,Normal
2024-12-24,140.22,nvda,0.003937853511849498,163.38848753204383,3.087781208645768,Hold,43.17046085508053,Neutre,137.1695,146.2855505645128,128.0534494354872,0.6692591223385848,Neutre,Normal
2024-12-26,139.93,nvda,-0.002068178576522528,163.05057096247964,2.198364008179965,Hold,42.92023185205632,Neutre,137.32,146.51772740809932,128.12227259190067,0.5675314964654636,Neutre,Normal
2024-12-27,137.01,nvda,-0.02086757664546568,159.64810067583315,1.2339293630855508,Hold,42.567752532165336,Neutre,137.40349999999998,146.5557520093211,128.25124799067885,-0.08598976505437732,Neutre,Normal
2024-12-30,137.49,nvda,0.0035033939128532587,160.20741085993944,-0.5497287522603922,Hold,48.022768124625536,Neutre,137.3655,146.5092605416001,128.2217394583999,0.027231684258044925,Neutre,Normal
2024-12-31,134.29,nvda,-0.023274419957815207,156.47867629923095,-3.1306355045805367,Hold,48.812423873325216,Neutre,137.1485,146.37155640629513,127.92544359370488,-0.6198595940601584,Neutre,Normal
2025-01-02,138.31,nvda,0.0299352148335692,161.16289909112095,-1.390275203194058,Hold,48.4671980380135,Neutre,137.051,146.1762706376602,127.92572936233978,0.27593702148495,Neutre,Normal
2025-01-03,144.47,nvda,0.044537632853734355,168.34071312048476,-0.46162326030039225,Hold,59.68486824232543,Neutre,137.01749999999998,146.02185420987308,128.01314579012688,1.6553102701865046,Neutre,Normal
2025-01-06,149.43,nvda,0.034332387346854176,174.12025168958286,3.012546532469318,Hold,69.62254395036192,Neutre,137.23600000000002,147.22078716532607,127.25121283467398,2.442515758842779,Sell,Normal
2025-01-07,140.14,nvda,-0.062169577728702574,163.2952691680261,-1.6147149677057104,Hold,58.90201224846891,Neutre,137.121,146.90436913230636,127.33763086769366,0.6171698029936791,Neutre,Normal
2025-01-08,140.11,nvda,-0.0002140716426428657,163.2603122815195,0.9365319501476899,Hold,61.01042138649753,Neutre,137.186,147.03368078494236,127.33831921505765,0.5938454066201994,Neutre,Normal
2025-01-10,135.91,nvda,-0.02997644707729652,158.36634817058962,0.6218997556822314,Hold,57.4690567648314,Neutre,137.228,147.0447989208626,127.41120107913741,-0.268519302600567,Neutre,Normal
2025-01-13,133.23,nvda,-0.019718931645942184,155.24353297599626,-4.364367238532774,Hold,52.669039145907455,Neutre,136.924,146.84533564862357,127.00266435137644,-0.7446578023015485,Neutre,Normal
2025-01-14,131.76,nvda,-0.01103355100202652,153.5306455371708,-4.062909567496731,Hold,46.749226006191954,Neutre,136.64499999999998,146.82747514114405,126.46252485885591,-0.9594916623486357,Neutre,Normal
2025-01-15,136.24,nvda,0.03400121432908332,158.7508739221627,1.4823091247672338,Hold,46.16588419405325,Neutre,136.7445,146.86715094257823,126.62184905742174,-0.0996774467205885,Neutre,Normal
2025-01-16,133.57,nvda,-0.019597768643570324,155.63971102307156,1.1893939393939235,Hold,42.90288153681964,Neutre,136.82299999999998,146.81423004913577,126.83176995086419,-0.6511710738321673,Neutre,Normal
2025-01-17,137.71,nvda,0.03099498390357125,160.46376136098814,5.613927448423972,Buy,47.81065088757398,Neutre,137.189,146.71338841799616,127.66461158200383,0.10940335003885276,Neutre,Normal
2025-01-21,140.83,nvda,0.02265630673153729,164.09927755767887,9.24676130633777,Buy,53.75245579567781,Neutre,137.78500000000003,146.5929162957934,128.97708370420665,0.6914234644700861,Neutre,Normal
2025-01-22,147.07,nvda,0.0443087410352907,171.37030995106036,12.542087542087522,Buy,58.453935757147875,Neutre,138.60449999999997,147.6749922979039,129.53400770209603,1.866602103163966,Neutre,Normal
2025-01-23,147.22,nvda,0.0010199224858911116,171.54509438359358,9.294729027468463,Buy,62.05931729155007,Neutre,139.2305,148.87627786009688,129.58472213990314,1.6565797213828324,Neutre,Normal
2025-01-24,142.62,nvda,-0.03124575465290036,166.18503845257518,2.1121214290828583,Hold,53.97674847757889,Neutre,139.378,149.14157699767318,129.6144230023268,0.66410087220547,Neutre,Normal
2025-01-27,118.42,nvda,-0.16968167157481417,137.98648333721744,-15.546997575238908,Sell,31.967326595597413,Neutre,138.288,151.80268690370895,124.77331309629109,-2.940208699107562,Buy,Anomalie
2025-01-28,128.99,nvda,0.08925857118729952,150.30295968305757,-7.8181948116915585,Sell,36.87050359712231,Neutre,137.74099999999999,151.84844170921733,123.63355829078264,-1.2406218193738643,Neutre,Normal
2025-01-29,123.7,nvda,-0.0410109310799287,144.1388953623864,-9.714619370848832,Sell,38.86782231852656,Neutre,137.0755,152.5204930227793,121.6305069772207,-1.7320176163592864,Neutre,Normal
2025-01-30,124.65,nvda,0.007679870654810017,145.24586343509674,-9.338861008073318,Sell,39.66024612092028,Neutre,136.43349999999998,152.84325355022014,120.02374644977981,-1.4361580707398103,Neutre,Normal
2025-01-31,120.07,nvda,-0.036742880064179806,139.90911209508275,-10.589023754561023,Sell,39.45967527282407,Neutre,135.7225,153.68233340093914,117.76266659906086,-1.7430562578806015,Neutre,Normal
2025-02-03,116.66,nvda,-0.028400099941700674,135.9356793288278,-15.653242715638783,Sell,39.0800052721761,Neutre,134.64,154.45698792769298,114.823012072307,-1.8146047285898654,Neutre,Anomalie
2025-02-04,118.65,nvda,0.01705811760672038,138.25448613376835,-17.872222606769572,Sell,41.4190339049614,Neutre,133.349,153.82288261844087,112.8751173815591,-1.4358781159329832,Neutre,Anomalie
2025-02-05,124.83,nvda,0.05208596713021496,145.45560475413657,-16.46255771933347,Sell,42.69432705852221,Neutre,132.11899999999997,151.44893958114034,112.78906041885962,-0.7541668683860381,Neutre,Normal
2025-02-06,128.68,nvda,0.03084194504526172,149.94173852248895,-8.17753674896531,Sell,46.915604894663815,Neutre,131.546,150.55151100131386,112.54048899868613,-0.3015967315797884,Neutre,Normal
2025-02-07,129.84,nvda,0.009014609884985925,151.29340480074575,-7.3299550353293945,Sell,44.84205007209332,Neutre,131.03249999999997,149.6139824347707,112.45101756522925,-0.12835359118263817,Neutre,Normal
2025-02-10,133.57,nvda,0.02872766481823774,155.63971102307156,-1.7217276138621118,Hold,45.27958387516254,Neutre,130.9155,149.3968686836517,112.43413131634833,0.2872622742868726,Neutre,Normal
2025-02-11,132.8,nvda,-0.005764767537620563,154.7424842694011,-0.3227501313517789,Hold,40.01119977600449,Neutre,130.894,149.36502926491298,112.42297073508702,0.20637723785328918,Neutre,Normal
2025-02-12,131.14,nvda,-0.012500000000000178,152.80820321603355,-0.4705525197328475,Hold,38.97724156841239,Neutre,130.863,149.3299902942067,112.3960097057933,0.02999947426050089,Neutre,Normal
2025-02-13,135.29,nvda,0.03164556962025311,157.64390584945232,-0.6972988843217953,Hold,44.9441302248586,Neutre,130.8155,149.2290664803515,112.40193351964848,0.48600036334890306,Neutre,Normal
2025-02-14,138.85,nvda,0.026313844334392877,161.7921230482405,3.952983454368497,Hold,69.7010607521697,Neutre,131.0795,149.80805570906034,112.35094429093964,0.8298023745889648,Neutre,Normal
2025-02-18,139.4,nvda,0.003961109110551142,162.4329993008623,1.2272166146249264,Hold,62.44322256753525,Neutre,131.16400000000002,150.03323801211656,112.29476198788348,0.8729552295340587,Neutre,Normal
2025-02-19,139.23,nvda,-0.0012195121951220633,162.23491027732464,-1.1361215650074752,Hold,71.15227458458182,Sell,131.084,149.79357807057542,112.3744219294246,0.8707839342257769,Neutre,Normal
2025-02-20,140.11,nvda,0.006320476908712402,163.2603122815195,-4.7324403345345605,Hold,71.09716157205237,Sell,130.73600000000002,148.42467541379924,113.04732458620079,1.059887162911835,Neutre,Normal
2025-02-21,134.43,nvda,-0.040539576047391335,156.64180843626195,-8.687678304578172,Sell,69.02490726020136,Neutre,130.0965,146.12258436268846,114.07041563731153,0.5408058390219338,Neutre,Normal
2025-02-24,130.28,nvda,-0.030871085323216585,151.80610580284318,-8.652362922451273,Sell,67.69750519750517,Neutre,129.4795,144.3865798792494,114.57242012075058,0.10739863292934942,Neutre,Normal
2025-02-25,126.63,nvda,-0.028016579674547182,147.55301794453507,6.932950515115688,Buy,59.940209267563496,Neutre,129.89,143.94243414014687,115.8375658598531,-0.46397655630157136,Neutre,Normal
2025-02-26,131.28,nvda,0.036721156124141174,152.97133535306457,1.7753314210403826,Hold,58.352758352758336,Neutre,130.0045,144.06337391612436,115.94562608387567,0.18145123252540202,Neutre,Normal
2025-02-27,120.15,nvda,-0.084780621572212,140.00233045910048,-2.8698464025869064,Hold,40.70603617345828,Neutre,129.827,144.30443085670015,115.34956914329985,-1.3368394013805946,Neutre,Normal
2025-02-28,124.92,nvda,0.03970037453183517,145.56047541365652,0.21660649819494893,Hold,45.03030303030303,Neutre,129.84050000000002,144.2980945804494,115.38290541955064,-0.6806803127062203,Neutre,Normal
2025-03-03,114.06,nvda,-0.0869356388088377,132.90608249825218,-5.005413508786538,Sell,32.774147978103514,Neutre,129.54000000000002,145.0632267399874,114.01677326001263,-1.994430701720535,Neutre,Normal
2025-03-04,115.99,nvda,0.016920918814658847,135.15497553017946,-0.5743185324875721,Hold,35.45596123896868,Neutre,129.50650000000002,145.14919363666417,113.86380636333585,-1.72815504975682,Neutre,Normal
2025-03-05,117.3,nvda,0.011294077075610032,136.68142624096947,-1.137800252844512,Hold,37.95264623955434,Neutre,129.43900000000002,145.28921852746606,113.58878147253397,-1.5317138976935816,Neutre,Normal
2025-03-06,110.57,nvda,-0.05737425404944585,128.83943136797947,-11.423536008972201,Sell,29.406864378540504,Buy,128.726,146.6025867459148,110.8494132540852,-2.0312602464952167,Buy,Normal
2025-03-07,112.69,nvda,0.019173374333001814,131.30971801444886,-12.426173453528133,Sell,27.671560259474248,Buy,127.92649999999999,147.18832947533403,108.66467052466595,-1.5820407941531487,Neutre,Normal
2025-03-10,106.98,nvda,-0.05066997959002573,124.6562572826847,-17.60628465804066,Sell,24.56855977408223,Buy,126.7835,148.16377253531195,105.40322746468807,-1.8525021107464634,Neutre,Anomalie
2025-03-11,108.76,nvda,0.016638624041876993,126.73036588207877,-18.574530208879235,Sell,26.68706962509566,Buy,125.543,148.11132629104225,102.97467370895775,-1.4873056852834903,Neutre,Anomalie
2025-03-12,115.74,nvda,0.06417800662008077,134.8636681426241,-12.846385542168681,Sell,32.94611616515044,Neutre,124.68999999999998,147.3926406996376,101.98735930036237,-0.7884545342906167,Neutre,Normal
2025-03-13,115.58,nvda,-0.001382408847416583,134.67723141458868,-11.865182247979256,Sell,35.70453511299863,Neutre,123.91199999999999,146.7500150303461,101.07398496965388,-0.7296606109531684,Neutre,Normal
2025-03-14,121.67,nvda,0.05269077695102964,141.77347937543698,-10.067262916697462,Sell,43.65699130691027,Neutre,123.231,145.44419370862371,101.01780629137627,-0.14054710191393807,Neutre,Normal
2025-03-17,119.53,nvda,-0.017588559217555644,139.27988813796318,-13.9142960028808,Sell,44.650391802290535,Neutre,122.26500000000001,143.26552380299114,101.26447619700889,-0.2604696935807348,Neutre,Normal
2025-03-18,115.43,nvda,-0.03430101229816773,134.5024469820555,-17.195121951219505,Sell,37.957757179759916,Neutre,121.06649999999999,140.63680755748953,101.49619244251045,-0.5760256943783084,Neutre,Anomalie
2025-03-19,117.52,nvda,0.0181062115567876,136.9377767420182,-15.592903828197946,Sell,47.683635723093175,Neutre,119.981,137.62266229188867,102.33933770811133,-0.2789986520863767,Neutre,Normal
2025-03-20,118.53,nvda,0.008594281824370276,138.1146585877418,-15.402183998287066,Sell,43.972835314091675,Neutre,118.902,133.7838371814346,104.02016281856541,-0.04999382743739164,Neutre,Normal
2025-03-21,117.7,nvda,-0.007002446637981885,137.14751806105804,-12.445138733913563,Sell,54.23452768729641,Neutre,118.0655,131.02949463290912,105.1015053670909,-0.056386940962190046,Neutre,Normal
2025-03-24,121.41,nvda,0.03152081563296516,141.4705196923794,-6.80841264967762,Sell,56.05451295799821,Neutre,117.62199999999999,129.37710925870962,105.86689074129036,0.6444857153825934,Neutre,Normal
2025-03-25,120.69,nvda,-0.005930318754633013,140.63155441621998,-4.690831556503195,Hold,53.83744623047318,Neutre,117.325,128.40244697928802,106.24755302071199,0.6075407097486777,Neutre,Normal
2025-03-26,113.76,nvda,-0.05741983594332578,132.55651363318574,-13.345521023765993,Sell,53.59477124183009,Neutre,116.449,125.45766693800967,107.44033306199033,-0.5969806672848508,Neutre,Normal
2025-03-27,111.43,nvda,-0.02048171589310832,129.8415287811699,-7.257594673325007,Sell,48.586810228802165,Neutre,116.01299999999999,125.11109025651962,106.91490974348037,-1.007464175619898,Neutre,Normal
2025-03-28,109.67,nvda,-0.015794669299111552,127.79072477278024,-12.2078130003202,Sell,53.31036180162441,Neutre,115.25049999999999,123.74140280984903,106.75959719015094,-1.314465640456248,Neutre,Normal
2025-03-31,108.38,nvda,-0.011762560408498324,126.28757865299465,-4.979835174469582,Hold,49.52665670154458,Neutre,114.9665,123.98842248155259,105.9445775184474,-1.4601100848444726,Neutre,Normal
2025-04-01,110.15,nvda,0.016331426462447007,128.35003495688653,-5.034916803172673,Sell,41.99828227884342,Neutre,114.67450000000001,123.93190096525827,105.41709903474175,-0.9774881777250061,Neutre,Normal
2025-04-02,110.42,nvda,0.002451202905129346,128.6646469354463,-5.8653026427962445,Sell,42.63698630136987,Neutre,114.3305,123.68788711843192,104.97311288156808,-0.8358102428608961,Neutre,Normal
2025-04-03,101.8,nvda,-0.07806556783191454,118.62036821253787,-7.931627023604948,Sell,23.55602874634016,Buy,113.89200000000001,124.70076564353333,103.08323435646669,-2.2374432749838418,Buy,Normal
2025-04-04,94.31,nvda,-0.0735756385068762,109.89279888137963,-16.3102316088384,Sell,20.619757688723197,Buy,112.973,126.8904893380116,99.0555106619884,-2.681949243392254,Buy,Anomalie
2025-04-07,97.64,nvda,0.0353090870533348,113.77301328361689,-8.730603851187135,Sell,28.89679715302489,Buy,112.50600000000001,127.82630973989423,97.1856902601058,-1.9406918335715917,Neutre,Normal
2025-04-08,96.3,nvda,-0.013723883654240154,112.2116056863202,-11.456417800662011,Sell,24.371980676328505,Buy,111.883,128.77722710495112,94.98877289504888,-1.8447721701850637,Neutre,Normal
2025-04-09,114.33,nvda,0.18722741433021817,133.22069447681196,-1.2182477967858985,Hold,46.40534063676822,Neutre,111.8125,128.65063200665873,94.97436799334127,0.2990236683029258,Neutre,Normal
2025-04-10,107.57,nvda,-0.05912708825330193,125.34374271731532,-6.930264751687143,Sell,42.12898212898213,Neutre,111.412,128.2538621298234,94.5701378701766,-0.45624408635867353,Neutre,Normal
2025-04-11,110.93,nvda,0.031235474574695665,129.25891400605923,-8.827155420399436,Sell,41.812500000000014,Neutre,110.875,127.00974772689382,94.74025227310618,0.006817584127247478,Neutre,Normal
2025-04-14,110.71,nvda,-0.001983232669251045,129.0025635050105,-7.378900694386347,Sell,42.14173228346458,Neutre,110.434,126.04638698496802,94.82161301503197,0.03535654096529063,Neutre,Normal
2025-04-15,112.2,nvda,0.013458585493631992,130.73875553484038,-2.798232695139913,Hold,48.65656217705822,Neutre,110.27250000000001,125.73337472843627,94.81162527156374,0.24933906183908983,Neutre,Normal
2025-04-16,104.49,nvda,-0.06871657754010707,121.75483570263341,-11.087474472430225,Sell,44.53026481715006,Neutre,109.62100000000001,124.89295971983253,94.34904028016749,-0.6719504365031524,Neutre,Normal
2025-04-17,101.49,nvda,-0.028710881424059753,118.25914705196925,-14.376107314603903,Sell,43.676561533704394,Neutre,108.769,123.8483018126792,93.68969818732081,-0.9654293136940307,Neutre,Normal
2025-04-21,96.91,nvda,-0.045127598778204714,112.92239571195526,-17.66355140186916,Sell,41.56245402383405,Neutre,107.7295,123.08042861926135,92.37857138073865,-1.4096215634048865,Neutre,Anomalie
2025-04-22,98.89,nvda,0.020431328036322416,115.22955022139362,-18.548719215880073,Sell,41.74244646523907,Neutre,106.60350000000001,121.00353987567479,92.20346012432523,-1.0713164778147617,Neutre,Normal
2025-04-23,102.71,nvda,0.03862877945191623,119.68072710323933,-14.897671720937943,Sell,44.625679631953155,Neutre,105.70450000000001,118.56432151795482,92.8446784820452,-0.4657140841059282,Neutre,Normal
2025-04-24,106.43,nvda,0.03621847921331911,124.01538103006293,-6.443389592123772,Sell,53.46401316773905,Neutre,105.338,117.63673866018574,93.03926133981425,0.17757918599166655,Neutre,Normal
2025-04-25,111.01,nvda,0.04303297942309503,129.35213237007693,-0.3769182446378916,Hold,63.063204005006256,Neutre,105.31699999999998,117.57330166593022,93.06069833406974,0.9289914943633092,Neutre,Normal
2025-04-28,108.73,nvda,-0.020538690208089405,126.69540899557215,-0.8571168049603339,Hold,58.81978686177826,Neutre,105.27000000000001,117.46306273859597,93.07693726140405,0.5675358315097815,Neutre,Normal
2025-04-29,109.02,nvda,0.0026671571783316583,127.03332556513634,0.5905148551393236,Hold,60.28793270786152,Neutre,105.30199999999999,117.53273023597657,93.07126976402341,0.6079767811513886,Neutre,Normal
2025-04-30,108.92,nvda,-0.0009172628875435684,126.9168026101142,-1.1166591012256033,Hold,43.836864889496475,Neutre,105.2405,117.38062308096673,93.10037691903327,0.6061717785660211,Neutre,Normal
2025-05-01,111.61,nvda,0.024697025339698753,130.05127010020976,1.077703314616918,Hold,55.07282772476143,Neutre,105.3,117.55809979263852,93.04190020736148,1.0295233530060528,Neutre,Normal
2025-05-02,114.5,nvda,0.02589373712032983,133.41878350034958,12.475442043222017,Buy,54.536213468869114,Neutre,105.93499999999999,118.73356324173152,93.13643675826846,1.3384314845704897,Neutre,Normal
2025-05-05,113.82,nvda,-0.005938864628820983,132.62642740619904,20.687095748064888,Buy,53.90605375533785,Neutre,106.9105,118.928608223141,94.892391776859,1.1498481910315426,Neutre,Normal
2025-05-06,113.54,nvda,-0.002460024600245858,132.30016313213704,16.284309709135613,Buy,51.7357512953368,Neutre,107.7055,119.23517334179047,96.17582665820953,1.012084180885206,Neutre,Normal
2025-05-07,117.06,nvda,0.03100228994187071,136.40177114891634,21.557632398753903,Buy,68.26503923278119,Neutre,108.7435,119.67203199560316,97.81496800439683,1.5219793478842258,Neutre,Normal
2025-05-08,117.37,nvda,0.0026482145908082177,136.76299230948499,2.6589696492609116,Hold,75.03152585119801,Sell,108.8955,120.22827775211896,97.56272224788104,1.4955733158034403,Neutre,Normal
2025-05-09,116.65,nvda,-0.006134446621794298,135.9240270333256,8.441015152923681,Buy,85.42713567839199,Sell,109.3495,121.17546870406183,97.52353129593818,1.2346557280322454,Neutre,Normal
2025-05-12,123.0,nvda,0.05443634804972142,143.32323467723143,10.880735599026403,Buy,87.40304064536149,Sell,109.953,123.25799091160425,96.64800908839575,1.961218927045002,Neutre,Normal
2025-05-13,129.93,nvda,0.056341463414634196,151.3982754602657,17.360672026013923,Buy,88.51160158460671,Sell,110.91399999999999,126.94617344164965,94.88182655835033,2.3722298251338447,Sell,Anomalie
2025-05-14,135.34,nvda,0.041637804971907943,157.70216732696343,20.62388591800357,Buy,89.03591682419662,Sell,112.071,131.47852962939308,92.66347037060692,2.3979352802078076,Sell,Anomalie
2025-05-15,134.83,nvda,-0.003768287276488813,157.10790025635052,29.036271413532422,Buy,86.13470873786413,Sell,113.588,135.12657112985383,92.04942887014616,1.972461392349027,Neutre,Anomalie
2025-05-16,135.4,nvda,0.0042275457984126685,157.7720810999767,33.41215883338262,Buy,92.67200000000007,Sell,115.2835,138.11229094015843,92.45470905984156,1.76237979950246,Neutre,Anomalie
2025-05-19,135.57,nvda,0.0012555391432791385,157.97017012351432,39.89268393354659,Buy,92.64375200770967,Sell,117.21650000000002,140.04172544997303,94.39127455002703,1.6081768865964636,Neutre,Anomalie
2025-05-20,134.38,nvda,-0.008777753190233772,156.58354695875087,35.88836080493476,Buy,89.50962135319682,Sell,118.99099999999999,141.3302737949156,96.65172620508437,1.377752933356547,Neutre,Anomalie
2025-05-21,131.8,nvda,-0.019199285607977234,153.5772547191797,28.32246129880247,Buy,81.43880411086897,Sell,120.4455,142.0989577037089,98.79204229629109,1.0487470551232252,Neutre,Anomalie
2025-05-22,132.83,nvda,0.007814871016691871,154.77744115590775,24.805036174011086,Buy,80.29752066115711,Sell,121.7655,143.03686298307872,100.49413701692127,1.0403188558064442,Neutre,Anomalie
2025-05-23,131.29,nvda,-0.011593766468418476,152.98298764856676,18.268624448247884,Buy,78.07778849244619,Sell,122.77950000000001,143.82435482812465,101.73464517187537,0.8087962658337204,Neutre,Normal
2025-05-27,135.5,nvda,0.03206641785360653,157.88860405499884,24.620619884116614,Buy,81.33561643835617,Sell,124.11800000000001,144.8025944199008,103.43340558009922,1.1005291927841028,Neutre,Anomalie
2025-05-28,134.81,nvda,-0.0050922509225092005,157.0845956653461,23.65620986974868,Buy,77.55355479664702,Sell,125.4075,145.33057403357657,105.48442596642344,0.9438804457739679,Neutre,Normal
2025-05-29,139.19,nvda,0.03249017135227361,162.18830109531578,27.791039294895327,Buy,80.07166482910696,Sell,126.921,146.1575779865231,107.68442201347689,1.2755907010691283,Neutre,Anomalie
2025-05-30,135.13,nvda,-0.029168762123715775,157.45746912141692,21.07338052145864,Buy,73.32155477031802,Sell,128.097,146.2369217778157,109.95707822218432,0.7754167946414223,Neutre,Normal
2025-06-02,137.38,nvda,0.016650632724043435,160.07923560941506,19.982532751091696,Buy,70.24211711711712,Sell,129.241,146.6411849959921,111.84081500400795,0.935507295109185,Neutre,Normal
2025-06-03,141.22,nvda,0.02795166690930273,164.55371708226522,24.07309787383589,Buy,67.40672217082948,Neutre,130.611,147.19438915268788,114.0276108473121,1.279473080239508,Neutre,Normal
2025-06-04,141.92,nvda,0.004956804985129404,165.3693777674202,24.995596265633235,Buy,61.86868686868685,Neutre,132.03,147.26496670578345,116.79503329421654,1.298329059852237,Neutre,Anomalie
2025-06-05,139.99,nvda,-0.013599210822998753,163.1204847354929,19.588245344267907,Buy,58.8538091969801,Neutre,133.17649999999998,147.05921515230418,119.29378484769579,0.9815803213205248,Neutre,Normal
2025-06-06,141.72,nvda,0.01235802557325516,165.1363318573759,20.746357672318293,Buy,60.429042904290434,Neutre,134.394,146.6110396965626,122.1769603034374,1.1993085365943832,Neutre,Normal
2025-06-09,142.63,nvda,0.006421112051933298,166.19669074807737,22.27175310758678,Buy,61.372422680412384,Neutre,135.693,145.1876014577825,126.19839854221753,1.4612514344799383,Neutre,Normal
2025-06-10,143.96,nvda,0.009324826474093939,167.74644604987185,17.040650406504064,Buy,65.36241180243749,Neutre,136.741,144.86458982094547,128.61741017905456,1.7772930832590486,Neutre,Normal
2025-06-11,142.83,nvda,-0.007849402611836642,166.4297366581217,9.928422996998387,Buy,68.55028590649177,Neutre,137.38600000000002,145.2777822681853,129.49421773181476,1.379663000066992,Neutre,Normal
2025-06-12,145.0,nvda,0.015192886648463189,168.95828478210208,7.137579429584751,Buy,69.7116942014901,Neutre,137.869,146.3908256012999,129.3471743987001,1.6735850587959118,Neutre,Normal
2025-06-13,141.97,nvda,-0.020896551724137957,165.42763924493127,5.295557368538151,Buy,66.50185414091474,Neutre,138.226,146.80977760049504,129.64222239950496,0.8723431976578883,Neutre,Normal
2025-06-16,144.69,nvda,0.019158977248714404,168.59706362153347,6.861152141802052,Buy,64.88500161969552,Neutre,138.6905,147.62850513478807,129.7524948652119,1.3424695800742041,Neutre,Normal
2025-06-17,144.12,nvda,-0.003939456769645355,167.93288277790728,6.306705023235248,Buy,65.13821138211385,Neutre,139.118,148.2434937285332,129.9925062714668,1.0962694510128206,Neutre,Normal
2025-06-18,145.48,nvda,0.009436580627254942,169.51759496620835,8.260157761571651,Buy,61.341507392715485,Neutre,139.673,148.934356272168,130.411643727832,1.2540279910084091,Neutre,Normal
2025-06-20,143.85,nvda,-0.011204289249381327,167.61827079934747,9.142640364188148,Buy,67.23320158102771,Neutre,140.2755,148.9281356799852,131.6228643200148,0.8262222361374436,Neutre,Normal
2025-06-23,144.17,nvda,0.002224539450816687,167.99114425541833,8.537228035835254,Buy,64.52717158750538,Neutre,140.8425,148.90704716972124,132.77795283027876,0.8252168237029485,Neutre,Normal
2025-06-24,147.9,nvda,0.025872234167996222,172.33745047774414,12.651382435829085,Buy,64.35941530524511,Neutre,141.673,148.9810895336338,134.3649104663662,1.704138946667713,Neutre,Normal
2025-06-25,154.31,nvda,0.04334009465855315,179.80657189466328,13.881918819188188,Buy,71.38419054194,Sell,142.6135,151.28997581864945,133.93702418135052,2.696140747573851,Sell,Anomalie
2025-06-26,155.02,nvda,0.004601127600285082,180.63388487532046,14.991469475558205,Buy,77.08108108108111,Sell,143.624,153.14063673452307,134.10736326547692,2.3949637498842984,Sell,Normal
2025-06-27,157.75,nvda,0.017610630886337075,183.81496154742484,13.334291256555787,Buy,77.87826086956525,Sell,144.552,155.72386428394924,133.38013571605075,2.3627211474385237,Sell,Normal
2025-06-30,157.99,nvda,0.0015213946117274002,184.094616639478,16.917042847628228,Buy,77.3504273504274,Sell,145.695,157.469431710503,133.920568289497,2.088423509906243,Sell,Normal
2025-07-01,153.3,nvda,-0.029685423128046118,178.62969004893966,11.588295239481749,Buy,64.85368956743005,Neutre,146.49099999999999,158.0491038328336,134.93289616716638,1.1782209432411226,Neutre,Normal
2025-07-02,157.25,nvda,0.025766470971950284,183.23234677231417,11.35108341594675,Buy,71.04495037945127,Sell,147.2925,159.51565296562595,135.06934703437403,1.6292850180313645,Neutre,Normal
2025-07-03,159.34,nvda,0.013290937996820462,185.66767653227686,12.274520856820747,Buy,70.97717963721476,Sell,148.1635,161.22837178417308,135.09862821582692,1.7109237939157327,Neutre,Normal
2025-07-07,158.24,nvda,-0.006903476841973122,184.38592402703335,13.036645474676757,Buy,75.22480620155042,Sell,149.07600000000002,162.2857115789877,135.86628842101234,1.387464055547874,Neutre,Normal
2025-07-08,160.0,nvda,0.011122345803842304,186.436728035423,12.898673440587082,Buy,74.46468520294027,Sell,149.99,163.58081268628658,136.39918731371344,1.4730539270989014,Neutre,Normal
2025-07-09,162.88,nvda,0.018000000000000016,189.7925891400606,14.19757414288718,Buy,77.91666666666669,Sell,151.0025,165.2842717830528,136.7207282169472,1.6633090320199924,Neutre,Normal
2025-07-10,164.1,nvda,0.007490176817288807,191.21416919133068,13.989997221450402,Buy,77.8242677824268,Sell,152.00949999999997,167.02191237320653,136.99708762679342,1.6107337980641374,Neutre,Normal
2025-07-11,164.92,nvda,0.004996953077391897,192.16965742251224,15.465938528320367,Buy,82.2664624808576,Sell,153.11399999999998,168.52786170405156,137.7001382959484,1.531867902629068,Neutre,Normal
2025-07-14,164.07,nvda,-0.005154014067426549,191.17921230482406,13.15172413793102,Buy,79.9879445449066,Sell,154.0675,169.7253722423561,138.4096277576439,1.2776320875760168,Neutre,Normal
2025-07-15,170.7,nvda,0.04040958127628458,198.90468422279187,20.2366697189547,Buy,81.59645232815966,Sell,155.504,171.74930688505228,139.2586931149477,1.8708172283260722,Neutre,Normal
2025-07-16,171.37,nvda,0.003925014645577152,199.68538802144025,18.439422213007116,Buy,78.1147000659196,Sell,156.83800000000002,173.7138233795243,139.96217662047573,1.7222270787251655,Neutre,Normal
2025-07-17,173.0,nvda,0.009511583124234058,201.58471218830113,20.038856508465173,Buy,78.75879718490086,Sell,158.282,175.5143363110433,141.0496636889567,1.708183932154109,Neutre,Normal
2025-07-18,172.41,nvda,-0.003410404624277441,200.89722675367048,18.511135551278525,Buy,75.1717032967033,Sell,159.6285,176.85746371017066,142.39953628982934,1.483722435662775,Neutre,Normal
2025-07-21,171.38,nvda,-0.005974131430891538,199.69704031694243,19.13799096280848,Buy,72.38381812102976,Sell,161.00500000000002,177.2997734597732,144.71022654022684,1.2734144510339689,Neutre,Normal
2025-07-22,167.03,nvda,-0.025382191620959227,194.6282917734794,15.856280779635167,Buy,73.21609739600947,Sell,162.148,176.57000599230815,147.72599400769184,0.6770209362835892,Neutre,Normal
2025-07-23,170.78,nvda,0.022451056696401794,198.99790258680963,15.469912102772131,Buy,73.03370786516857,Sell,163.292,176.53708981512003,150.04691018487998,1.1306831594984006,Neutre,Normal
2025-07-24,173.74,nvda,0.0173322403091698,202.44698205546493,12.591536517400037,Buy,73.80952380952384,Sell,164.2635,177.58473002855803,150.94226997144196,1.4227665132550538,Neutre,Normal
2025-07-25,173.5,nvda,-0.001381374467595342,202.1673269634118,11.921042446135965,Buy,75.97004765146357,Sell,165.1875,178.37207771313734,152.00292228686266,1.2609429260244376,Neutre,Normal
2025-07-28,176.75,nvda,0.018731988472622474,205.95432300163134,12.044374009508708,Buy,77.12989957887916,Sell,166.1375,179.79521172172556,152.4797882782744,1.5540670671966972,Neutre,Normal
2025-07-29,175.51,nvda,-0.0070155586987270535,204.5094383593568,11.089309449965178,Buy,71.60451590831336,Sell,167.0135,180.71825641597218,153.3087435840278,1.2399344785286033,Neutre,Normal
2025-07-30,179.27,nvda,0.021423280724745197,208.89070146818923,16.94063926940639,Buy,73.87472458293988,Sell,168.312,181.4556301962937,155.16836980370633,1.6674236624657923,Neutre,Normal
2025-07-31,177.87,nvda,-0.007809449433814897,207.2593800978793,13.11287758346582,Buy,70.01545595054095,Sell,169.34300000000002,182.06111488845235,156.62488511154768,1.3409219958757013,Neutre,Normal
2025-08-01,173.72,nvda,-0.02333164670827015,202.4236774644605,9.024726998870335,Buy,63.534361851332385,Neutre,170.06199999999998,182.00108680277916,158.1229131972208,0.6127771847924771,Neutre,Normal
2025-08-04,180.0,nvda,0.036150126640571045,209.74131903985085,13.751263902932243,Buy,63.17280453257789,Neutre,171.15,182.5045984192857,159.7954015807143,1.558839806253003,Neutre,Normal
2025-08-05,178.26,nvda,-0.009666666666666712,207.71381962246562,11.412500000000003,Buy,59.47209238383279,Neutre,172.063,182.54567764106125,161.58032235893873,1.1823315019677791,Neutre,Normal
2025-08-06,179.42,nvda,0.006507348816335634,209.06548590072242,10.154715127701364,Buy,58.94150417827295,Neutre,172.89000000000001,182.9223728630494,162.85762713695064,1.30178574682982,Neutre,Normal
2025-08-07,180.77,nvda,0.007524244788764012,210.63854579352136,10.158439975624622,Buy,61.40207310420076,Neutre,173.7235,183.44614047956264,164.00085952043736,1.449503355556963,Neutre,Normal
2025-08-08,182.7,nvda,0.010676550312551658,212.8874388254486,10.780984719864172,Buy,65.06922257720976,Neutre,174.6125,184.1963216199072,165.02867838009283,1.687740093826641,Neutre,Normal
2025-08-11,182.06,nvda,-0.003503010399562023,212.14169191330697,10.96483208386665,Buy,72.20088626292463,Sell,175.512,184.27105209964571,166.7529479003543,1.495138954651237,Neutre,Normal
2025-08-12,183.16,nvda,0.0060419641876303665,213.42344441855045,7.299355594610435,Buy,69.83974358974355,Neutre,176.13500000000002,185.219384519898,167.05061548010204,1.5466100063494184,Neutre,Normal
2025-08-13,181.59,nvda,-0.00857174055470622,211.5940340247029,5.963704265624092,Buy,63.166722576316644,Neutre,176.646,185.75155735454683,167.54044264545314,1.0859302308455052,Neutre,Normal
2025-08-14,182.02,nvda,0.002367971804614788,212.09508273129808,5.213872832369959,Buy,64.19999999999999,Neutre,177.09699999999998,186.33475570831013,167.85924429168983,1.0658432968889564,Neutre,Normal
2025-08-15,180.45,nvda,-0.00862542577738723,210.2656723374505,4.663302592657037,Hold,56.53248587570619,Neutre,177.499,186.5763191034228,168.4216808965772,0.650191971082574,Neutre,Normal
2025-08-18,182.01,nvda,0.008645054031587662,212.08343043579586,6.202590734041302,Buy,61.347765363128474,Neutre,178.0305,186.84013939760828,169.2208606023917,0.9034422001609701,Neutre,Normal
2025-08-19,175.64,nvda,-0.0349980770287347,204.66091820088556,5.154762617493858,Buy,44.191999999999965,Neutre,178.461,185.71058336371632,171.2114166362837,-0.7782516203948902,Neutre,Normal
2025-08-20,175.4,nvda,-0.0013664313368252357,204.38126310883246,2.705234805012302,Hold,45.89564639415088,Neutre,178.69199999999998,185.16376734993486,172.2202326500651,-1.0173418857626564,Neutre,Normal
2025-08-21,174.98,nvda,-0.0023945267958951355,203.89186669773943,0.7137101415908731,Hold,52.38998482549316,Neutre,178.754,185.0473160868119,172.4606839131881,-1.19936769357849,Neutre,Normal
2025-08-22,177.99,nvda,0.017201965938964614,207.39920764390587,2.5878962536023176,Hold,45.64746643568647,Neutre,178.9785,184.78410264790557,173.17289735209442,-0.34053312289865406,Neutre,Normal
2025-08-25,179.81,nvda,0.010225293555817805,209.5199254253088,1.731258840169736,Hold,53.344842468709565,Neutre,179.13150000000002,184.85045932749824,173.4125406725018,0.2372809321225923,Neutre,Normal
2025-08-26,181.77,nvda,0.010900394861242502,211.80377534374273,3.5667483334283157,Hold,54.901960784313765,Neutre,179.4445,185.01213003535904,173.87686996464097,0.8353644136665557,Neutre,Normal
2025-08-27,181.6,nvda,-0.0009352478406778886,211.6056863202051,1.2997155129134796,Hold,51.82097411145236,Neutre,179.56099999999998,185.2101672418527,173.91183275814726,0.7218763094474436,Neutre,Normal
2025-08-28,180.17,nvda,-0.007874449339207112,209.9394080633885,1.2930792151571335,Hold,44.324809331538816,Neutre,179.676,185.27363258229957,174.0783674177004,0.17650318870948728,Neutre,Normal
2025-08-29,174.18,nvda,-0.033246378420380696,202.95968305756236,0.26479392125260404,Hold,35.74529667149062,Neutre,179.699,185.19647463555108,174.20152536444894,-2.0078310009143987,Buy,Normal
2025-09-02,170.78,nvda,-0.01952003674359859,198.99790258680963,-5.1222222222222165,Sell,29.32531730126925,Buy,179.238,186.02441243105042,172.45158756894958,-2.4926277575767157,Buy,Normal
2025-09-03,170.62,nvda,-0.0009368778545496559,198.8114658587742,-4.285874565241777,Hold,30.77462320364532,Neutre,178.856,186.65826795638694,171.05373204361305,-2.111181017119001,Buy,Normal
2025-09-04,171.66,nvda,0.006095416715508062,200.02330459100443,-4.3250473748745915,Hold,32.22374742621827,Neutre,178.468,186.89866482988072,170.03733517011926,-1.6150564961070333,Neutre,Normal
2025-09-05,167.02,nvda,-0.027030175929162237,194.61663947797717,-7.606350611273993,Sell,29.152437131325712,Buy,177.78050000000002,187.55604300551812,168.00495699448192,-2.2015145335509057,Buy,Normal
2025-09-08,168.31,nvda,0.0077236259130641916,196.11978559776279,-7.876299945265453,Sell,28.553537883531632,Buy,177.061,187.41323016908845,166.70876983091156,-1.6906501994382448,Neutre,Normal
2025-09-09,170.76,nvda,0.014556473174499374,198.97459799580517,-6.2067450291112936,Sell,41.29193433261957,Neutre,176.496,186.93256809896388,166.05943190103613,-1.0992119144164798,Neutre,Normal
2025-09-10,177.33,nvda,0.03847505270555174,206.63015614075974,-3.183009390696645,Hold,52.80931586608443,Neutre,176.2045,186.17251722352646,166.23648277647354,0.2258222422296015,Neutre,Normal
2025-09-11,177.17,nvda,-0.0009022725991091329,206.4437194127243,-2.434054738697078,Hold,53.21208565561747,Neutre,175.9835,185.63989417283446,166.32710582716552,0.24574390373124538,Neutre,Normal
2025-09-12,177.82,nvda,0.003668792684991873,207.20111862036822,-2.3074387429952825,Hold,49.73211471793253,Neutre,175.7735,185.05244793265598,166.49455206734405,0.4411060423774144,Neutre,Normal
2025-09-15,177.75,nvda,-0.0003936565065796316,207.11955255185273,-1.4962593516209433,Hold,46.56437625083389,Neutre,175.6385,184.70715109217886,166.56984890782113,0.46567013738593216,Neutre,Normal
2025-09-16,174.88,nvda,-0.016146272855133592,203.7753437427173,-3.9173671776275953,Hold,38.84752347037874,Neutre,175.282,183.8423679212675,166.7216320787325,-0.09392119677503138,Neutre,Normal
2025-09-17,170.29,nvda,-0.02624656907593781,198.42694010720112,-3.0460031883397853,Hold,33.98470688190315,Neutre,175.0145,183.85746086399809,166.1715391360019,-1.0685335087786334,Neutre,Normal
2025-09-18,176.24,nvda,0.034940395795407975,205.36005593101842,0.4789053591790271,Hold,45.06653276424808,Neutre,175.0565,183.91513545391498,166.19786454608501,0.2671969077307435,Neutre,Normal
2025-09-19,176.67,nvda,0.0024398547435313667,205.86110463761364,0.9658246656760738,Hold,53.632915086081084,Neutre,175.14100000000002,184.02875597751685,166.2532440224832,0.34406885244550955,Neutre,Normal
2025-09-22,183.61,nvda,0.039282277692873846,213.94779771615015,3.1574807573459207,Hold,66.96641100238033,Neutre,175.422,185.01630664509412,165.82769335490588,1.7068455914293295,Neutre,Normal
2025-09-23,178.43,nvda,-0.028211971025543292,207.9119086460033,-0.767476781046661,Hold,59.1174410459958,Neutre,175.353,184.83360868577165,165.87239131422837,0.6491144402189941,Neutre,Normal
2025-09-24,176.97,nvda,-0.008182480524575486,206.21067350268004,-2.6406997854431458,Hold,56.13872832369942,Neutre,175.113,184.14188953946643,166.08411046053357,0.4113462662009134,Neutre,Normal
2025-09-25,177.69,nvda,0.004068486184098941,207.04963877883947,-2.153083700440528,Hold,63.56470887363332,Neutre,174.9175,183.5139420424714,166.32105795752858,0.6450343028667556,Neutre,Normal
2025-09-26,178.19,nvda,0.002813889357870414,207.63225355395014,-1.0989620913581577,Hold,62.81785158277111,Neutre,174.8185,183.2032462378882,166.4337537621118,0.8041984585687707,Neutre,Normal
2025-09-29,181.85,nvda,0.020539873169089118,211.89699370776043,4.403490641864738,Hold,63.949685534591175,Neutre,175.202,184.14670404912385,166.25729595087614,1.4864661733891966,Neutre,Normal
2025-09-30,186.58,nvda,0.026010448171570166,217.40852948030764,9.251668813678426,Buy,62.19994724347136,Neutre,175.99200000000002,186.0178562569144,165.96614374308564,2.1121387996557277,Sell,Normal
2025-10-01,187.24,nvda,0.0035373566298637638,218.17758098345377,9.74094478959091,Buy,63.10856547774018,Neutre,176.823,187.69360178453775,165.95239821546227,1.916545230240531,Neutre,Normal
2025-10-02,188.89,nvda,0.00881221961119416,220.10020974131902,10.037283001281594,Buy,64.04465871606189,Neutre,177.6845,189.52039273532876,165.84860726467127,1.893477788380574,Neutre,Normal
2025-10-03,187.62,nvda,-0.00672348986182425,218.62036821253787,12.333852233265464,Buy,62.15217926619059,Neutre,178.7145,190.22362036513007,167.2053796348699,1.547555280937296,Neutre,Normal
2025-10-06,185.54,nvda,-0.011086238140923244,216.19669074807737,10.237062563127552,Buy,63.3852335509794,Neutre,179.576,190.36268262745176,168.78931737254823,1.105808005293826,Neutre,Normal
2025-10-07,185.04,nvda,-0.002694836692896385,215.6140759729667,8.362614195361907,Buy,70.64091799608173,Sell,180.29000000000002,190.4943540758527,170.08564592414734,0.9309751434910027,Neutre,Normal
2025-10-08,189.11,nvda,0.021995244271509007,220.35656024236778,6.642982010940046,Buy,69.01033973412112,Neutre,180.879,191.7049374700472,170.05306252995277,1.5206073419088608,Neutre,Normal
2025-10-09,192.57,nvda,0.018296229707577494,224.3882544861338,8.692216515211392,Buy,71.55639913232103,Sell,181.649,193.50576959644863,169.79223040355137,1.8421543762258936,Neutre,Normal
2025-10-10,183.16,nvda,-0.048865347665783876,213.42344441855045,3.003036778765056,Hold,49.42820838627698,Neutre,181.916,193.6495800612065,170.1824199387935,0.2120409957593257,Neutre,Normal
2025-10-13,188.32,nvda,0.0281720899759772,219.43602889769286,5.946554149085781,Buy,62.573099415204666,Neutre,182.4445,194.33907811026376,170.54992188973625,0.9879291128333613,Neutre,Normal
2025-10-14,180.03,nvda,-0.044020815632965116,209.7762759263575,2.9448764867337607,Hold,53.31455805892549,Neutre,182.702,194.1205142364729,171.2834857635271,-0.4680118524466383,Neutre,Normal
2025-10-15,179.83,nvda,-0.0011109259567849694,209.54323001631323,5.602207998120856,Buy,52.34443470639791,Neutre,183.179,193.11518353081348,173.24281646918652,-0.6741018801865474,Neutre,Normal
2025-10-16,181.81,nvda,0.011010398709892621,211.8503845257516,3.160463004993197,Hold,53.84125636672327,Neutre,183.4575,192.8733877491917,174.04161225080833,-0.34994045041402216,Neutre,Normal
2025-10-17,183.22,nvda,0.007755348990704514,213.49335819156377,3.707477217411004,Hold,51.52663249387119,Neutre,183.785,192.64616423383876,174.92383576616123,-0.12752274646764628,Neutre,Normal
2025-10-20,182.64,nvda,-0.0031655932758433147,212.81752505243534,-0.5282936659223525,Hold,45.16208251473473,Neutre,183.7365,192.61230335875427,174.86069664124574,-0.2470762263831664,Neutre,Normal
2025-10-21,181.16,nvda,-0.00810337275514672,211.0929853181077,1.5300117693213044,Hold,42.681752527684125,Neutre,183.873,192.48524611573606,175.26075388426392,-0.6300330862683716,Neutre,Normal
2025-10-22,180.28,nvda,-0.004857584455729702,210.06758331391288,1.8703735096343932,Hold,39.44076526857985,Neutre,184.03849999999997,192.20804105520915,175.8689589447908,-0.9201251268829662,Neutre,Normal
2025-10-23,182.16,nvda,0.010428222764588435,212.25821486832905,2.5156170859361726,Hold,43.40260995650071,Neutre,184.262,191.9294008496746,176.5945991503254,-0.5482953196816912,Neutre,Normal
2025-10-24,186.26,nvda,0.022507685551163892,217.0356560242368,4.52887367416801,Hold,50.8294930875576,Neutre,184.6655,191.8196595556352,177.5113404443648,0.44575466554810644,Neutre,Normal
2025-10-27,191.49,nvda,0.028079029313862414,223.1298065718947,5.301072312345356,Buy,56.7006025348016,Neutre,185.1475,192.78555948076465,177.50944051923537,1.6607621388580918,Neutre,Normal
2025-10-28,201.03,nvda,0.04981983393388689,234.2460964810068,7.7446671668989,Buy,61.11940298507462,Neutre,185.86999999999998,196.301494821484,175.43850517851595,2.9065824715317854,Sell,Normal
2025-10-29,207.04,nvda,0.02989603541759922,241.24912607783733,10.574663533433014,Buy,62.88512911843278,Neutre,186.85999999999999,200.9541675133674,172.76583248663258,2.863595878346214,Sell,Normal
2025-10-30,202.89,nvda,-0.020044435857805243,236.41342344441853,7.411721107522906,Buy,69.38494792690116,Neutre,187.56,203.36543810478966,171.75456189521034,1.939838667977752,Neutre,Normal
2025-10-31,202.49,nvda,-0.001971511656562508,235.94733162433005,7.925594286323423,Buy,65.35876869716023,Neutre,188.30349999999999,205.4619065939187,171.14509340608126,1.653591774078602,Neutre,Normal
2025-11-03,206.88,nvda,0.021680082967060033,241.06268934980193,11.50156300528189,Buy,81.79019654274217,Sell,189.3705,208.36153109642532,170.37946890357466,1.8439757073849234,Neutre,Normal
2025-11-04,198.69,nvda,-0.03958816705336421,231.5194593334887,7.376783398184172,Buy,68.7773795300677,Neutre,190.053,209.36710839666247,170.73889160333752,0.8943721162393907,Neutre,Normal
2025-11-05,195.21,nvda,-0.017514721425335944,227.4644604987183,3.225635873301247,Hold,62.95436968290799,Neutre,190.358,209.80163037360558,170.91436962639443,0.4990837520329043,Neutre,Normal
2025-11-06,188.08,nvda,-0.03652476819835049,219.15637380563973,-2.3316196707690584,Hold,54.230501392757674,Neutre,190.1335,209.57327720795354,170.69372279204646,-0.2112678533331978,Neutre,Normal
2025-11-07,188.15,nvda,0.00037218205019140527,219.23793987415524,2.7243939724830746,Hold,54.839276304233294,Neutre,190.383,209.57240508115234,171.19359491884768,-0.232732592861176,Neutre,Normal
2025-11-10,199.05,nvda,0.05793250066436362,231.93894197156843,5.6977485131690875,Buy,63.48153730218541,Neutre,190.9195,210.46277072233437,171.37622927766563,0.8320511050085746,Neutre,Normal
2025-11-11,193.16,nvda,-0.029590555136900343,225.0757399207644,7.293228906293403,Buy,59.02466367713004,Neutre,191.576,210.44971371706748,172.7022862829325,0.16785249832072988,Neutre,Normal
2025-11-12,193.8,nvda,0.003313315386208382,225.82148683290612,7.768447978646509,Buy,58.300057045065614,Neutre,192.2745,210.33434609715073,174.21465390284925,0.16893831672692905,Neutre,Normal
2025-11-13,186.86,nvda,-0.0358101135190918,217.73479375436966,2.7776249931247055,Hold,50.41118421052633,Neutre,192.527,210.1056151182004,174.94838488179957,-0.644760689268692,Neutre,Normal
2025-11-14,190.17,nvda,0.017713796425131045,221.59170356560242,3.793254011570779,Hold,49.07094594594593,Neutre,192.8745,209.94590850724373,175.8030914927563,-0.3168455606756119,Neutre,Normal
2025-11-17,186.6,nvda,-0.018772677078403466,217.43183407131207,2.1681997371879147,Hold,38.911940986629766,Neutre,193.0725,209.73097010730368,176.4140298926963,-0.7770821640052302,Neutre,Normal
2025-11-18,181.36,nvda,-0.02808145766345116,211.32603122815198,0.11039964672114877,Hold,30.031104199066874,Neutre,193.0825,209.71107385409806,176.45392614590196,-1.4099224747540235,Neutre,Normal
2025-11-19,186.52,nvda,0.02845169827966476,217.33861570729437,3.4612824495229733,Hold,37.467462869392136,Neutre,193.3945,209.22674886775937,177.56225113224062,-0.8684173748682207,Neutre,Normal
2025-11-20,180.64,nvda,-0.031524769461720004,210.48706595199255,-0.8344312692138867,Hold,34.567029241418254,Neutre,193.3185,209.39059582508355,177.24640417491645,-1.577703385791517,Neutre,Normal
2025-11-21,178.88,nvda,-0.009743135518157642,208.43626194360291,-3.9622033716310456,Hold,29.4600938967136,Buy,192.9495,210.01228125660253,175.88671874339747,-1.6491449768255955,Neutre,Normal
2025-11-24,182.55,nvda,0.02051654740608244,212.71265439291543,-4.668651104496313,Hold,37.31929604022628,Neutre,192.5025,210.183481009939,174.821518990061,-1.125785949818666,Neutre,Normal
2025-11-25,177.82,nvda,-0.025910709394686537,207.20111862036822,-11.545540466597027,Sell,36.60040067807057,Neutre,191.342,209.70015332990621,172.9838466700938,-1.4731329188728493,Neutre,Normal
2025-11-26,180.26,nvda,0.013721741086492045,210.04427872290842,-12.934698608964457,Sell,43.504983388704304,Neutre,190.00300000000001,207.42276264265524,172.58323735734479,-1.1186145528920854,Neutre,Normal
2025-11-28,177.0,nvda,-0.018084988350160813,206.2456303891867,-12.760609197101868,Sell,41.20523741915128,Neutre,188.70850000000002,205.9429041168613,171.47409588313872,-1.3587356917719016,Neutre,Normal
2025-12-01,179.92,nvda,0.016497175141242826,209.64810067583315,-11.146229443429313,Sell,32.737772965168716,Neutre,187.57999999999998,203.94880859247138,171.2111914075286,-0.93592639399829,Neutre,Normal
2025-12-02,181.46,nvda,0.008559359715429204,211.4425541831741,-12.287316318638819,Sell,38.54289071680377,Neutre,186.309,200.11487655198107,172.50312344801893,-0.7024544920045926,Neutre,Normal
2025-12-03,179.59,nvda,-0.01030530144384445,209.2635749242601,-9.612964920227485,Sell,36.41231593038821,Neutre,185.35399999999998,198.16005021485466,172.5479497851453,-0.9001994999697711,Neutre,Normal
2025-12-04,183.38,nvda,0.021103624923436648,213.67979491959917,-6.060140361661803,Sell,46.45909645909644,Neutre,184.7625,196.71622106787402,172.80877893212596,-0.23130872673873945,Neutre,Normal
2025-12-05,182.41,nvda,-0.005289562656778268,212.54952225588443,-3.014674606550416,Hold,41.70940170940172,Neutre,184.47899999999998,196.37022082175298,172.587779178247,-0.3479878190833186,Neutre,Normal
2025-12-08,185.55,nvda,0.01721396853242707,216.20834304357965,-1.3818761626361864,Hold,48.86780245848611,Neutre,184.349,196.12755482155274,172.57044517844724,0.2039299418639028,Neutre,Normal
2025-12-09,184.97,nvda,-0.0031258420910806883,215.53250990445122,-7.07359959809094,Sell,54.32749940062333,Neutre,183.645,193.19643527379964,174.09356472620038,0.2774452136286934,Neutre,Normal
2025-12-10,183.78,nvda,-0.006433475698761959,214.14588673968774,-4.856077862911579,Hold,46.36989931107578,Neutre,183.176,191.6168265995884,174.73517340041158,0.14311394574305458,Neutre,Normal
2025-12-11,180.93,nvda,-0.015507672216780954,210.82498252155676,-6.640866873065021,Sell,50.417747046960564,Neutre,182.5325,189.37384758963552,175.69115241036448,-0.468474954386982,Neutre,Normal
2025-12-12,175.02,nvda,-0.03266456640689763,203.93847587974835,-6.336294552071076,Sell,45.033453422542486,Neutre,181.9405,189.23895398193477,174.6420460180652,-1.8964290292518566,Neutre,Normal
2025-12-15,176.29,nvda,0.0072563135641638965,205.41831740852948,-7.298732712835887,Sell,41.415249588590214,Neutre,181.2465,187.85735319759118,174.63564680240881,-1.499503876990044,Neutre,Normal
2025-12-16,177.72,nvda,0.008111634239037935,207.08459566534606,-4.758842443729905,Hold,49.849215922798564,Neutre,180.8025,187.0840448150322,174.52095518496782,-0.9814464724102143,Neutre,Normal
2025-12-17,170.94,nvda,-0.038149898717083075,199.18433931484503,-5.745478606087351,Sell,37.57333333333334,Neutre,180.2815,187.94486266716635,172.61813733283364,-2.437963699675498,Buy,Normal
2025-12-18,174.14,nvda,0.018720018720018716,202.9130738755535,-6.63735792408322,Sell,46.180555555555536,Neutre,179.6625,187.20312366540418,172.1218763345958,-1.4647329571257663,Neutre,Normal
2025-12-19,180.99,nvda,0.03933616630297476,210.8948962945701,0.19375553587246408,Hold,51.29320763838533,Neutre,179.68,187.23179170096958,172.12820829903043,0.34693753532206495,Neutre,Normal
2025-12-22,183.69,nvda,0.014917951268025753,214.0410160801678,2.6889534883721034,Hold,52.621678814954144,Neutre,179.9205,187.66882674637034,172.17217325362967,0.9729842644454303,Neutre,Normal
2025-12-23,189.21,nvda,0.03005062877674347,220.4730831973899,3.6483155299917858,Hold,60.415764400173245,Neutre,180.25349999999997,188.9874200218153,171.51957997818465,2.05096909008298,Sell,Normal
2025-12-24,188.61,nvda,-0.0031710797526557366,219.7739454672571,6.067933865706898,Buy,56.08280995580369,Neutre,180.793,190.20099682241795,171.38500317758206,1.6617777721551061,Neutre,Normal
2025-12-26,190.53,nvda,0.010179735963098402,222.01118620368217,5.697326084544563,Buy,59.23987255348203,Neutre,181.30649999999997,191.66508001852094,170.947919981479,1.7808425447326897,Neutre,Normal
2025-12-29,188.22,nvda,-0.012124074948826946,219.31950594267073,6.338983050847458,Buy,53.096729297146815,Neutre,181.8675,192.45678927589216,171.27821072410785,1.1997972355826094,Neutre,Normal
2025-12-30,187.54,nvda,-0.0036127935394750788,218.52714984852017,4.2352156514006145,Hold,52.97384864614672,Neutre,182.2485,193.08812763975433,171.40887236024568,0.9763250502431303,Neutre,Normal
2025-12-31,186.5,nvda,-0.005545483630158832,217.31531111628993,2.777471619089611,Hold,53.15838365071993,Neutre,182.50050000000002,193.49616129746306,171.50483870253697,0.727468751865385,Neutre,Normal
2026-01-02,188.85,nvda,0.012600536193029477,220.0536005593102,5.156189097388486,Buy,59.30451127819548,Neutre,182.9635,194.2198849015898,171.7071150984102,1.0458952943530915,Neutre,Normal
2026-01-05,188.12,nvda,-0.003865501720942466,219.2029829876486,2.5847965972298104,Hold,67.52273943285181,Neutre,183.20049999999998,194.6909728957745,171.71002710422545,0.8562745928079437,Neutre,Normal
2026-01-06,187.24,nvda,-0.004677865192430297,218.17758098345377,2.6478811468669594,Hold,64.801297648013,Neutre,183.442,195.06478452007562,171.8192154799244,0.6535439065294305,Neutre,Normal
2026-01-07,189.11,nvda,0.00998718222602002,220.35656024236778,1.918620317973585,Hold,65.21506812717075,Neutre,183.62,195.48522739153117,171.75477260846884,0.925393137247165,Neutre,Normal
2026-01-08,185.04,nvda,-0.021521865580878985,215.6140759729667,0.037843974698592575,Hold,70.3052995391705,Sell,183.6235,195.49044529044545,171.75655470955456,0.23873034977930924,Neutre,Normal
2026-01-09,184.86,nvda,-0.0009727626459142824,215.40433465392687,0.587659157688547,Hold,66.90851735015778,Neutre,183.67749999999998,195.55726585805525,171.79773414194472,0.19907799768599332,Neutre,Normal
2026-01-12,184.94,nvda,0.0004327599264306592,215.49755301794454,2.2163267562040456,Hold,57.92218210990773,Neutre,183.878,195.69772588515107,172.0582741148489,0.17969959884335107,Neutre,Normal
2026-01-13,185.81,nvda,0.004704228398399568,216.51130272663715,6.16500971317564,Buy,54.5887445887446,Neutre,184.4175,195.49664470383584,173.33835529616414,0.25137319481311565,Neutre,Normal
2026-01-14,183.14,nvda,-0.014369517248802643,213.400139827546,3.8856429746440435,Hold,35.01234567901227,Neutre,184.76000000000002,195.18547487244123,174.3345251275588,-0.31077721059639274,Neutre,Normal
2026-01-15,187.05,nvda,0.02134978704816004,217.9561873689117,5.249831195138421,Buy,46.68930390492359,Neutre,185.2265,195.14840617297796,175.30459382702202,0.36757049869434816,Neutre,Normal
2026-01-16,186.23,nvda,-0.004383854584335878,217.00069913773015,8.944658944658945,Buy,40.4274265360641,Neutre,185.99099999999999,193.28661916135198,178.695380838648,0.06551877084431408,Neutre,Normal
2026-01-20,178.07,nvda,-0.04381678569510816,207.49242600792357,2.2568048696451237,Hold,32.07347227128224,Neutre,186.1875,192.24594473703422,180.12905526296578,-2.679730641225177,Buy,Normal
2026-01-21,183.32,nvda,0.029482787667771015,213.6098811465859,1.2873639427592565,Hold,43.58272506082726,Neutre,186.304,192.02164913046144,180.58635086953856,-1.0437856300423893,Neutre,Normal
2026-01-22,184.84,nvda,0.008291512109971588,215.3810300629224,0.6260547661821603,Hold,47.51199040767386,Neutre,186.3615,191.99091251493238,180.73208748506764,-0.5405537419629947,Neutre,Normal
2026-01-23,187.67,nvda,0.015310538844405919,218.67862969004898,-0.8139104698483224,Hold,48.25650118203309,Neutre,186.2845,191.79064001773074,180.77835998226928,0.503256363092266,Neutre,Normal
2026-01-26,186.47,nvda,-0.006394202589651954,217.28035422978328,-1.1346164042203566,Hold,47.59545322063538,Neutre,186.17749999999998,191.57547184136027,180.7795281586397,0.10837403698879162,Neutre,Normal
2026-01-27,188.52,nvda,0.010993725532257193,219.66907480773713,-1.0549519760667536,Hold,51.80383314543404,Neutre,186.077,191.20169809124732,180.95230190875267,0.9534220188199976,Neutre,Normal
2026-01-28,191.52,nvda,0.01591343093570985,223.16476345840135,1.753267452980567,Hold,53.29145042338159,Neutre,186.24200000000002,191.84719157850097,180.63680842149907,1.8832540961647373,Neutre,Normal
2026-01-29,192.51,nvda,0.005169172932330657,224.31834071312048,2.6501013117201655,Hold,61.13927825827617,Neutre,186.4905,192.74146699888684,180.23953300111316,1.925942018593902,Neutre,Normal
2026-01-30,191.13,nvda,-0.007168458781361964,222.71032393381498,2.482573726541548,Hold,59.02677800172758,Neutre,186.722,193.30838659821706,180.13561340178296,1.3385184529536258,Neutre,Normal
2026-02-02,185.61,nvda,-0.028880866425992635,216.2782568165929,-1.7156473391580551,Hold,50.833955688324636,Neutre,186.56,193.0851029433391,180.0348970566609,-0.29118314553788294,Neutre,Normal
2026-02-03,180.34,nvda,-0.028392866763644276,210.13749708692612,-4.135658090580485,Hold,43.86358537132602,Neutre,186.171,193.2117681997225,179.13023180027747,-1.6563533508260628,Neutre,Normal
2026-02-04,174.19,nvda,-0.03410225130309419,202.97133535306457,-6.9696646015808605,Sell,40.68678459937567,Neutre,185.5185,194.33660881981,176.70039118018997,-2.5693717851497477,Buy,Normal
2026-02-05,171.88,nvda,-0.013261381250358806,200.27965509205313,-9.111099360160757,Sell,33.670613562970914,Neutre,184.65699999999998,195.1963660051061,174.11763399489385,-2.42462402269923,Buy,Normal
2026-02-06,185.41,nvda,0.07871771003025363,216.04521090654862,0.19995676610462532,Hold,49.30696416497635,Neutre,184.6755,195.21899482657474,174.13200517342526,0.13932761614274233,Neutre,Normal
2026-02-09,190.04,nvda,0.024971684375168612,221.44022372407366,2.8021205236395064,Hold,60.75858349811254,Neutre,184.9345,195.74811028373668,174.12088971626335,0.9442729793357713,Neutre,Normal
2026-02-10,188.54,nvda,-0.007893075142075379,219.69237939874156,1.946577268303229,Hold,55.03084040092522,Neutre,185.1145,196.0476836264942,174.18131637350578,0.626624433838107,Neutre,Normal
2026-02-11,190.05,nvda,0.00800891057600528,221.45187601957588,2.281900866476505,Hold,55.02217081164451,Neutre,185.3265,196.47870492714145,174.17429507285857,0.8470970594351767,Neutre,Normal
2026-02-12,186.94,nvda,-0.01636411470665622,217.8280121183873,2.0749153652943164,Hold,49.300095877277094,Neutre,185.5165,196.64130448084182,174.3916955191582,0.2559146099963227,Neutre,Normal
2026-02-13,182.81,nvda,-0.022092650048143758,213.015614075973,-2.2667735899492114,Hold,46.677559912854036,Neutre,185.30450000000002,196.46779224218045,174.1412077578196,-0.4469111702683121,Neutre,Normal
2026-02-17,184.97,nvda,0.011815546195503401,215.53250990445122,-0.6765827202921071,Hold,46.78383765174849,Neutre,185.2415,196.39701933255745,174.08598066744256,-0.04867545685795714,Neutre,Normal
2026-02-18,187.98,nvda,0.016272909120397916,219.0398508506176,5.565227157859276,Buy,46.79347826086954,Neutre,185.737,196.42171825602543,175.05228174397456,0.4198519691869458,Neutre,Normal
2026-02-19,187.9,nvda,-0.0004255771890625537,218.9466324865999,2.4983635173467134,Hold,45.75428255664028,Neutre,185.966,196.6289025376036,175.3030974623964,0.3627530108578946,Neutre,Normal
2026-02-20,189.82,nvda,0.010218201170835384,221.18387322302496,2.6942220298636688,Hold,48.80539850446836,Neutre,186.215,196.99908671682067,175.43091328317934,0.6685777098540994,Neutre,Normal
2026-02-23,191.55,nvda,0.009113897376461955,223.19972034490797,2.067458837320846,Hold,55.818965517241374,Neutre,186.409,197.4400659884811,175.37793401151887,0.9320948683234007,Neutre,Normal
2026-02-24,192.85,nvda,0.006786739754633064,224.71451876019577,3.4214618973561484,Hold,63.288718929254294,Neutre,186.728,198.129278967966,175.32672103203402,1.0739146050545527,Neutre,Normal
2026-02-25,195.56,nvda,0.014052372310085604,227.87229084129575,3.7343517929132153,Hold,74.49002979601192,Sell,187.07999999999998,199.1304500898739,175.02954991012606,1.4074163100556414,Neutre,Normal
2026-02-26,184.89,nvda,-0.054561259971364406,215.43929154043346,-3.4617794486215714,Hold,62.51202154260434,Neutre,186.74849999999998,198.64850490933617,174.8484950906638,-0.3123528123155475,Neutre,Normal
2026-02-27,177.19,nvda,-0.04164638433663248,206.46702400372874,-7.958028154381591,Sell,41.09618717504333,Neutre,185.98250000000002,198.28639732864357,173.67860267135646,-1.4292219392193752,Neutre,Normal
2026-03-02,182.48,nvda,0.029854957954737804,212.6310883243999,-4.5257154816093825,Hold,41.926527125160185,Neutre,185.55,197.69918320841757,173.40081679158246,-0.5053837689883499,Neutre,Normal
2026-03-03,180.05,nvda,-0.013316527838667103,209.79958051736193,-2.9955282581757503,Hold,41.109947643979076,Neutre,185.272,197.66735838424205,172.87664161575793,-0.8425734598587477,Neutre,Normal
2026-03-04,183.04,nvda,0.01660649819494564,213.28361687252388,1.4971720084285156,Hold,42.88035750558599,Neutre,185.40699999999998,197.63385585956757,173.1801441404324,-0.38718048649404807,Neutre,Normal
2026-03-05,183.34,nvda,0.0016389860139860435,213.63318573759034,5.252884780986289,Buy,46.122361051271,Neutre,185.8645,196.9561876889674,174.7728123110326,-0.45520574880791825,Neutre,Normal
2026-03-06,177.82,nvda,-0.03010799607287018,207.20111862036822,3.455899464742851,Hold,44.78142647981592,Neutre,186.1615,195.91374513962177,176.4092548603782,-1.710683002852307,Neutre,Normal
2026-03-09,182.65,nvda,0.027162298953998576,212.82917734793756,-1.4885928482821775,Hold,47.702060221870056,Neutre,186.0235,195.89786718825766,176.14913281174236,-0.6832842926910175,Neutre,Normal
2026-03-10,184.77,nvda,0.011606898439638691,215.29946399440695,-2.7731003999157955,Hold,46.76346037507564,Neutre,185.76000000000002,195.4628503679731,176.05714963202695,-0.20406374672493713,Neutre,Normal
2026-03-11,186.03,nvda,0.006819288845591798,216.76765322768588,-1.3312824864750161,Hold,48.15836123695095,Neutre,185.6345,195.25049210745533,176.01850789254468,0.08225880295666334,Neutre,Normal
2026-03-12,183.14,nvda,-0.015535128742676041,213.400139827546,-3.6358852933438657,Hold,43.5446463084654,Neutre,185.289,194.73199439574174,175.84600560425824,-0.4551522345431184,Neutre,Normal
2026-03-13,180.25,nvda,-0.01578027738342247,210.0326264274062,-3.578688349202952,Hold,39.31947069943288,Neutre,184.9545,194.6225275569642,175.2864724430358,-0.9732078176817325,Neutre,Normal
2026-03-16,183.22,nvda,0.01647711511789174,213.49335819156377,0.22427657130352774,Hold,41.1764705882353,Neutre,184.975,194.62560456247,175.32439543753,-0.3637077840335457,Neutre,Normal
2026-03-17,181.93,nvda,-0.007040716079030673,211.99021207177816,-1.64350975833919,Hold,37.17779868297272,Neutre,184.823,194.56922431617323,175.07677568382678,-0.5936657942910785,Neutre,Normal
2026-03-18,180.4,nvda,-0.008409827955807136,210.20741085993944,-4.032343866368759,Hold,44.89888661667804,Neutre,184.44400000000002,194.26257187600737,174.62542812399266,-0.8237450519422117,Neutre,Normal
2026-03-19,178.56,nvda,-0.010199556541020005,208.06338848753208,-4.970729111229377,Hold,51.79554390563566,Neutre,183.977,193.99000648893622,173.9639935110638,-1.0819927073822364,Neutre,Normal
2026-03-20,172.7,nvda,-0.03281810035842303,201.23514332323467,-9.019070698556531,Sell,37.37086776859503,Neutre,183.121,193.92657146739356,172.31542853260646,-1.9288197818034916,Neutre,Normal
2026-03-23,175.64,nvda,0.017023740590619507,204.66091820088556,-8.305925345862708,Sell,44.379301554932425,Neutre,182.3255,192.8573833723378,171.7936166276622,-1.2695734967137253,Neutre,Normal
2026-03-24,175.2,nvda,-0.0025051241175131356,204.14821719878816,-9.1521908218823,Sell,39.31297709923665,Neutre,181.44299999999998,191.1903798908703,171.69562010912966,-1.2809596157932388,Neutre,Normal
2026-03-25,178.68,nvda,0.019863013698630194,208.20321603355865,-8.63162200859071,Sell,44.15454089312595,Neutre,180.599,187.78673780385316,173.41126219614682,-0.533964942063205,Neutre,Normal
2026-03-26,171.24,nvda,-0.04163868368032231,199.5339081799115,-7.382768132403039,Sell,42.12541886069892,Neutre,179.91649999999998,187.9331150488969,171.89988495110308,-2.1646293222458906,Buy,Normal
2026-03-27,167.52,nvda,-0.021723896285914535,195.19925425308787,-5.457418590213892,Sell,31.399065650356533,Neutre,179.433,189.1319203957038,169.7340796042962,-2.45656207370811,Buy,Normal
2026-03-30,165.17,nvda,-0.014028175740210314,192.4609648100676,-9.485971065322229,Sell,26.03911980440097,Buy,178.5675,190.04741541322613,167.08758458677386,-2.334076431358473,Buy,Normal
2026-03-31,174.4,nvda,0.05588181873221543,203.21603355861106,-3.1380172174396037,Hold,38.1010845099243,Neutre,178.28500000000003,189.8887135616639,166.68128643833614,-0.669613219829074,Neutre,Normal
2026-04-01,175.75,nvda,0.007740825688073327,204.78909345140997,-3.98273601398601,Hold,42.19311219099939,Neutre,177.9205,189.35201963007194,166.48898036992807,-0.3797395394904899,Neutre,Normal
2026-04-02,177.39,nvda,0.009331436699857587,206.700069913773,-3.2453365332169803,Hold,46.89670138888888,Neutre,177.623,188.76673668786677,166.4792633121332,-0.041817212040498535,Neutre,Normal
2026-04-06,177.64,nvda,0.0014093240881674074,206.99137730132838,-0.10122595883478303,Hold,43.56549815498154,Neutre,177.61399999999998,188.75735752106124,166.47064247893871,0.004666457115975997,Neutre,Normal
2026-04-07,178.1,nvda,0.0025895068678225552,207.52738289443022,-2.491103202846978,Hold,45.49729602633435,Neutre,177.38649999999998,188.27993844030513,166.49306155969484,0.13099628807009148,Neutre,Normal
2026-04-08,182.08,nvda,0.02234699606962387,212.1649965043114,-1.4558640471938111,Hold,51.86749666518452,Neutre,177.252,187.82325516623072,166.6807448337693,0.9134203884175992,Neutre,Normal
2026-04-09,183.91,nvda,0.010050527240773155,214.2973665812165,-1.139601139601143,Hold,55.948410051145196,Neutre,177.14600000000002,187.3839097373223,166.90809026267772,1.3213634762459003,Neutre,Normal
2026-04-10,188.63,nvda,0.025664727312272317,219.79725005826148,2.997706672490996,Hold,68.17248459958931,Neutre,177.4205,188.58734467520196,166.25365532479805,2.007639637881371,Sell,Normal
2026-04-13,189.31,nvda,0.0036049408895721946,220.58960615241205,5.026352288488223,Buy,66.44214577820543,Neutre,177.8735,190.19863439662322,165.5483656033768,1.855801264630965,Neutre,Normal
2026-04-14,196.51,nvda,0.038032856161850814,228.97925891400607,7.253574937233931,Buy,72.04634802400165,Sell,178.53799999999998,193.2740661750645,163.80193382493547,2.439185571847006,Sell,Normal
2026-04-15,198.87,nvda,0.012009566943158134,231.7292006525286,9.311273566756451,Buy,71.38318152933698,Sell,179.38500000000002,196.66904618807973,162.1009538119203,2.2546803899931964,Sell,Normal
2026-04-16,198.35,nvda,-0.002614773470106191,231.12328128641343,9.950110864745,Buy,83.64358401588478,Sell,180.2825,199.53996649457218,161.0250335054278,1.8764150523219039,Neutre,Normal
2026-04-17,201.68,nvda,0.016788505167633083,235.00349568865067,12.948028673835132,Buy,92.80701754385957,Sell,181.4385,202.90915000364566,159.96784999635435,1.8855041646678663,Neutre,Normal
2026-04-20,202.06,nvda,0.00188417294724319,235.4462829177348,17.000579038795614,Buy,98.62905351964142,Sell,182.9065,205.8273305856692,159.9856694143308,1.6712745141072987,Neutre,Anomalie
2026-04-21,199.88,nvda,-0.010788874591705522,232.90608249825215,13.80095650193578,Buy,91.25647668393778,Sell,184.11849999999998,207.9662630198881,160.27073698011188,1.3218430581397114,Neutre,Normal
2026-04-22,202.5,nvda,0.013107864718831408,235.9589839198322,15.582191780821919,Buy,91.60186625194396,Sell,185.4835,210.28789458092925,160.67910541907074,1.3720552577471947,Neutre,Normal
2026-04-23,199.64,nvda,-0.0141234567901235,232.626427406199,11.73046787553167,Buy,83.33832783937663,Sell,186.5315,211.890514819817,161.17248518018297,1.0338335375518009,Neutre,Normal
2026-04-24,208.27,nvda,0.04322781005810472,242.6823584246097,21.624620415790694,Buy,86.68263473053888,Sell,188.38299999999998,214.43880900985465,162.3271909901453,1.5264926137951422,Neutre,Anomalie
2026-04-27,216.61,nvda,0.04004417342872224,252.40037287345612,29.303963705826174,Buy,88.79709852911542,Sell,190.8375,217.84941540199156,163.82558459800845,1.908231949971221,Neutre,Anomalie
2026-04-28,213.17,nvda,-0.015881076589261967,248.3919832206945,29.060967488042632,Buy,81.66632715420647,Sell,193.2375,219.1544807167778,167.3205192832222,1.5381807177173488,Neutre,Anomalie
2026-04-29,209.25,nvda,-0.01838907913871557,243.8242833838266,19.982798165137616,Buy,74.75576397030085,Sell,194.98,220.2422022626304,169.71779773736958,1.1297510685447383,Neutre,Normal
2026-04-30,199.57,nvda,-0.04626045400238954,232.54486133768353,13.553342816500713,Buy,59.743498396864965,Neutre,196.171,219.80975132511625,172.53224867488373,0.2875786418031777,Neutre,Normal
2026-05-01,198.45,nvda,-0.00561206594177488,231.23980424143556,11.87214611872147,Buy,58.077059031459854,Neutre,197.224,219.15473728571158,175.2932627142884,0.111806546585989,Neutre,Normal
